device_id,vehicle_id,timestamp_ms,engine_oil_temp_c,transmission_temp_c,brake_temp_c,radiator_temp_c,motor_rpm,vehicle_speed_kmph,fuel_efficiency_kmpl,battery_voltage_v,battery_health_pct,fuel_level_pct,cabin_humidity_pct,cabin_temp_c,tire_pressure_fl_kpa,tire_pressure_fr_kpa,tire_pressure_rl_kpa,tire_pressure_rr_kpa,gyro_x_dps,gyro_y_dps,gyro_z_dps,ambient_pressure_kpa,output_voltage_v,engine_rpm_variance,brake_temp_rise_rate,vibration_rms,dominant_vibration_hz,engine_load_pct
ESP32_VEH_01,VIT_CAR_001,1.77134E+12,93.46726269,80.54198328443825,158.41039182712836,79.73109364977186,2329.057834469374,81.61687415403173,14.20577169749131,12.637157881158657,79.43330104206356,39.02153799602573,47.70186653121873,35.47484688052128,231.02195713007433,227.86365663217435,227.6689158441837,230.0570307862629,0.18389582431228038,-0.371782859,1.192276721733263,102.13200004058449,14.217314216320746,227.06581916870445,1.9277819349388532,0.5465873568596306,92.47254595433081,47.97566977943401
ESP32_VEH_01,VIT_CAR_001,1.77134E+12,90.85942419265004,65.58965618702128,149.05084425818902,86.46222897136454,2974.520931170968,77.93851553620146,14.18336198870173,12.705879119575235,82.31458611097553,67.03370559150066,66.38484471,37.78178876,223.09951540537014,232.67228041938978,224.4490665,222.83127798849577,-1.208692668,0.5215868932618317,0.8166785510205067,100.20930379243778,14.043877307860638,106.38489585788264,3.0683412481263685,0.9025368496988322,90.64525044366611,56.49979257802091
ESP32_VEH_01,VIT_CAR_001,1.77134E+12,93.24552503705215,66.61052252540881,178.2368799942817,80.17678266562176,2917.2217791445514,51.40526297858975,16.417037103061684,12.661534568368134,85.17609037183593,10.078769221216785,44.05930111169897,32.47418348930897,223.71541037706805,224.47382636193134,228.16752785150493,234.1542159858873,0.6116292919951402,-0.595310627,1.310378490166209,101.39069848544906,14.014674443051925,181.06614834628638,3.021743401530748,0.946168151,114.14478176857556,47.455915860577626
ESP32_VEH_01,VIT_CAR_001,1.77134E+12,87.74117474329628,72.82675827,129.8394025686891,89.29528569169943,1966.328773272197,75.86131079571567,16.50244199464725,13.11135702523463,74.44886342024165,58.96245830221917,42.695448264491844,30.694354660856693,222.11278748975747,230.84877864332273,222.4984039085531,218.70698723539888,0.6449360987482192,-0.622339365,1.0481613736200672,101.27743336988597,14.291754276463633,65.58914510797857,2.377549826637327,0.4135046266641782,125.8713508,32.83529609352986
ESP32_VEH_01,VIT_CAR_001,1.77134E+12,88.76851923629305,83.06261470946691,165.46669917013222,87.56230821739717,1945.8278874278913,77.69538979047914,15.12060680118202,12.54919440245458,79.48314557688751,36.763788204116906,65.73045608104688,34.76518823,224.53348339760439,227.6497837672451,235.0673354706231,226.09305419882497,0.10751261337765117,-0.511448318,0.9916612525842429,101.77589385691033,14.358195667465635,200.69908293577245,2.448997148381352,0.5072714169331451,88.81233938470788,52.1818895
ESP32_VEH_01,VIT_CAR_001,1.77134E+12,89.88790202,72.76471672344593,170.0962133349206,87.93865114,2829.691314955873,58.04958026515924,15.427231814608508,12.660981024465144,86.11113005,28.54699013616103,65.59502464700257,31.06700479087418,234.5411051649079,216.3245493370991,227.73520100552278,223.84382884183256,0.17956890118951074,-0.039599198,0.6441328479242803,102.93493411388613,14.515052230545663,58.575127978778355,1.7465995924392932,0.640062061,112.70642887356175,36.414262437296976
ESP32_VEH_01,VIT_CAR_001,1.77134E+12,95.36012040393724,82.82829706692743,141.66316934794364,81.57405312753095,2895.5782299307575,49.72401853962881,14.58807009778781,12.74967582062776,73.93284349194607,69.64529015898725,51.86574248913596,28.377971167120172,235.6681612222115,231.31169809182683,226.9880269818297,230.15168287236693,0.408301651,-0.466574623,0.5646136430360336,101.53863917682632,13.773415517169372,168.43715554528782,0.29217891373562477,0.8872536767967028,103.9203917815741,47.75379066046569
ESP32_VEH_01,VIT_CAR_001,1.77134E+12,91.03319096203649,74.56332961,155.2952643943681,78.63331166,2695.9897566773243,72.83800482420439,12.118306150357022,12.45666569694993,86.71526679437501,33.51874104,65.00030857867621,29.054431409802078,230.11560933705687,229.64438900023708,236.72307607855245,221.10958415378605,0.000173263,-0.451175833,0.9658502946891654,101.3335612838611,14.348044011413844,159.36283467045058,2.5987504871767917,0.46541097798779857,122.03097545672402,76.69389051334605
ESP32_VEH_01,VIT_CAR_001,1.77134E+12,76.43228991961972,73.76190458312881,113.69901286763402,84.60355191277874,3903.033857347343,80.97615725342101,12.648494437332655,8,93.12537535551026,60.33726894,38.62390481049553,30.30146052754442,234.68687544034563,243.6521416017872,231.17894698731868,240.00805393471325,-1.150248711,-2.906735359,-0.429572334,106.92153399618302,14.867088997197076,120.13584514496533,-5.873650887,0.403673927,93.12408834469599,60.448444831849045
ESP32_VEH_01,VIT_CAR_001,1.77134E+12,100.07535396907802,73.68052784,138.61739067558088,87.33837416229149,4265.266373455135,56.08091543752579,13.786512534960888,12.663547299595818,89.17553906384461,43.40741804717328,47.09922720141272,26.108027317669205,165.99507597768246,231.19821435438283,234.95522677703647,235.50959752645505,-0.597747991,0.15497963475880164,0.7530434961976088,101.78264351290903,14.03267686401632,100.0895463,2.392741492805401,0.49659124071679883,123.34345737728138,63.78579864
ESP32_VEH_01,VIT_CAR_001,1.77134E+12,120.67203082883039,69.64079865791327,157.88166602935758,95.79245785879145,2386.2696775304303,59.96226149011869,12.489115713232488,12.744975023096224,86.84456225876488,35.592540945513214,59.41216983570453,41.30556298,230.5816185506698,232.28146812169223,221.0122110503227,234.10751159339156,-0.218276375,-0.596455396,0.8547023573389787,98.82904117,13.165892779189365,123.69288936574941,2.9830753532914085,0.5027810266468966,104.51518570236277,50.00954317497701
ESP32_VEH_01,VIT_CAR_001,1.77134E+12,84.13705099508435,78.88398724212395,153.23835761780506,86.10028402421271,6333.151005292181,146.42477230159443,14.810607407705406,12.429887589017374,88.27203047492493,52.72677208203424,62.59520535900371,33.48787989383324,225.51572101266154,232.71964633486093,229.00223565687773,228.61363181265168,-0.469063787,0.18861634590982995,0.8461621971205997,100.34258660853224,14.153368337262188,434.5607816611746,1.372326374959504,1.7183771267157386,97.95472865090156,62.07062395153169
ESP32_VEH_01,VIT_CAR_001,1.77134E+12,88.22009396272634,72.96362110127679,158.85954023527668,82.45719518947278,5399.255888285959,114.76092019716526,16.03924740998184,12.658003159638803,88.86142818233664,23.50231121044346,49.44212079152112,33.79476977995116,231.42033859710173,223.07887014882144,232.06728139745096,226.06776581682988,0.031851750025626326,-0.445885616,0.7124950832592758,102.29607210903852,13.766536211813394,415.3706509077091,3.0931345690571437,1.3060608235387847,158.64004823744932,69.04864521356123
ESP32_VEH_01,VIT_CAR_001,1.77134E+12,95.29019595747991,74.39397933118478,143.48913554117868,85.76992490534855,3093.750522773962,66.20923485566777,10.59044350739625,13.106550095843332,89.60392312691555,40.190049152812264,62.92594540874656,32.523714799704166,225.25250377214087,225.91411850874303,224.6832386603548,231.90393925350443,0.35380906623699154,0.41827094071370735,1.2968972659426536,101.45937425293073,13.741352319003337,181.18056922517738,2.779788365964742,0.6015587880660198,153.62620741390663,57.77573289610898
ESP32_VEH_01,VIT_CAR_001,1.77134E+12,84.62106459,69.74250906129268,166.16676791810528,86.69183062062575,3345.4696808969966,63.29160082115101,14.584589311254089,13.007861193800997,89.94068920880132,24.332256429152928,46.76060006556736,29.422512916868456,229.98543160569113,228.5943118231659,232.62355337276546,235.3435224932343,-0.824892389,0.5489923666922932,0.7378072151905478,101.10489459182936,13.860808332211144,121.14462674780215,3.1049841904689224,0.7943756435329099,137.02751963772548,53.02403308562616
ESP32_VEH_01,VIT_CAR_001,1.77134E+12,95.94007798935178,75.19729212338005,152.12916718489728,82.33583566,2057.7581458343993,50.23182083998954,15.82683341404085,12.822286091218508,86.78470969414654,60.47115644864397,40.74111616015759,28.67061361,237.25137006252996,230.4772265840046,235.6303405258881,226.31267722929465,-0.547229062,-0.508013627,1.3021426535310754,101.98505386424276,14.609238548226827,189.84583797688634,3.8609108331303816,1.1095098136385468,127.56771816555171,44.86282321799561
ESP32_VEH_01,VIT_CAR_001,1.77134E+12,80.39292167538751,76.99418943126206,165.89632708627263,87.07506057031027,5252.6614820018585,137.9684651791231,16.766882514698864,12.68584929781351,88.05991119986898,21.302540236601036,59.793449672951986,29.74469246090666,229.40886773657618,225.4392702556023,227.8230950943529,216.68863894307302,0.17588663386994471,-0.480218873,1.1779866066852505,101.45192699650724,14.079656781982557,348.11878942420174,2.7090656489087186,1.2327132652459492,103.21228624523431,58.002504373869655
ESP32_VEH_01,VIT_CAR_001,1.77134E+12,84.68794525235907,70.23705243623857,132.95688504723483,83.86638203654526,2751.3103647436396,66.82403664165088,13.376444822791905,12.61010657419794,89.53282097500212,61.931318222006986,64.93428979,32.82277607111306,224.76952726256297,224.9962151046118,232.05834550414556,225.93298841977344,0.634816743,-0.52078227,1.4059944678818719,101.42182886930347,13.357770306097466,140.75767087404304,2.728428502095216,0.6087697164543314,137.26271668214827,64.46654662666087
ESP32_VEH_01,VIT_CAR_001,1.77134E+12,94.31782145087895,70.75860798464547,157.55160983402104,87.28292532724146,1981.415398624209,56.94012414502155,16.903886956712405,12.432537492613893,83.14956064757622,29.27887901284231,40.505370991492285,33.166427378974234,228.74874754700755,220.7862694456412,227.8048254588449,226.74945479473664,-0.079472243,-0.177762653,1.092621426345562,101.36558857120856,14.469308924287363,117.7102159110313,1.1370919619476445,0.8854170803261611,139.49530973838267,63.861578173013854
ESP32_VEH_01,VIT_CAR_001,1.77134E+12,98.19693868463338,78.13827933495031,170.73596876895738,81.36627956894876,3254.373910392385,76.74564984850166,14.552997301669285,12.817621915343562,85.29968739732377,65.06257636472938,57.800923776742856,31.80084810665163,226.88906464348247,230.52093532029608,222.71722112604363,224.30535656115745,0.7415049121057777,-0.160706337,0.8221464132891628,102.52011332442837,13.830866142454788,158.31857746583833,3.1569165633852108,0.7949952320280059,128.7082325572367,49.39617570467009
ESP32_VEH_01,VIT_CAR_001,1.77134E+12,132.75077852686275,68.73161394398743,147.8776492318075,105.40376341606404,2736.4814702965386,69.50671010433337,14.607833544246068,12.705432153134298,75.51371224752721,86.91494895070807,51.298279387084506,31.04270971201188,229.5264787351088,224.9611962590067,226.8492776340729,234.41726530390963,-0.066520686,0.7833180817589244,0.9623196728712708,101.10953917052368,13.878687235639843,196.2041016847566,1.225725242452539,0.40589311603440853,110.10079114228965,72.3922005
ESP32_VEH_01,VIT_CAR_001,1.77134E+12,87.31204632245533,83.50084605284542,176.4515246015707,86.07832899446385,2983.6298953287514,71.56580783585007,13.161139322406983,12.79723819266627,89.48252969652975,27.29302774283637,63.94131542734921,30.468511519147675,227.19138666368625,232.53438644540074,225.96881850226504,229.03090263637324,-0.189629041,-0.07718355,0.604565903,100.0254837937871,13.569134970668737,179.18481151500282,2.4465331659235225,0.803040273,98.47963709514553,78.29137277
ESP32_VEH_01,VIT_CAR_001,1.77134E+12,89.33992524,77.01305323060892,161.84225015984705,82.02466351599058,2570.386515938672,59.83149696297181,17.94910333145776,12.675123980063072,91.35051257166147,66.68285723878017,58.54814569781743,35.99971390898235,227.53895917320483,227.6672786386054,219.22639452045644,230.2463600320339,-0.860853858,-0.923708012,0.988672644,102.01063564720239,13.852203838956662,89.13078778873353,0.43229680976449125,0.38950238964117995,94.95541391720874,74.02339170493963
ESP32_VEH_01,VIT_CAR_001,1.77134E+12,92.70160485609358,75.65568468732576,99.63355275700795,85.84348839577319,2951.985521729547,52.067596812629596,15.714462495444264,12.407420334266131,91.96577791,19.793898835454755,46.33129667742072,23.57927427176198,234.14018522945682,235.09757502717326,222.32503166831057,225.25911053232736,-0.475903495,-0.167240822,0.7849199494671708,101.52315488923671,14.142256773009953,48.77640407523836,3.4676511078298144,0.40671611569157856,77.29282658,50.395787455137054
ESP32_VEH_01,VIT_CAR_001,1.77134E+12,91.48857809,75.09190471588433,134.60925335273205,92.88033384268168,2591.067594027475,48.14713427287446,15.40665686406502,9.636974963588557,47.495141294408285,60.647639756593115,55.81248030241997,29.560693512936894,230.26061038803286,230.66948158943077,227.48710886499424,240.10329521397728,-0.487626579,-0.709538626,0.8923687386431982,101.05423704852456,13.340380373588122,172.23904836437333,2.6223245597571925,1.0727890119779873,166.5765505640815,52.49045763220593
ESP32_VEH_01,VIT_CAR_001,1.77134E+12,95.87791778605137,75.19051695305045,146.57374265493277,81.73121166018304,2037.343169120913,69.55381004243051,11.572053511828813,12.383376627327499,90.53647410714547,60.60913326347558,50.30230252339041,23.812626869137976,228.02607225641026,232.4661667704201,232.6634119604324,228.30862536660246,0.5760093624343396,0.3161780079401214,0.9373215413892431,100.64927543514357,14.301602022649702,173.61735865197667,1.402877561,0.8149538807276153,134.5554793632087,54.96032902
ESP32_VEH_01,VIT_CAR_001,1.77134E+12,91.56239439722344,77.21808197602913,167.15962688276278,88.19403023501047,2806.0255042445356,45.13345471,17.227841014392375,10.521810671066698,62.30956704607106,31.202165038381832,55.500655789296474,29.70389205,229.46899647761828,235.2492148084462,232.98846766487912,227.09661411203734,0.047973892,-0.474373348,1.2641728496657145,100.45459618890138,12.522813884504368,140.26138682871274,1.5045309151811712,0.783868216,146.3860430354067,31.634536389824714
ESP32_VEH_01,VIT_CAR_001,1.77134E+12,89.71388589910612,86.66598652672883,130.15527357712793,85.53272778710996,2765.2087872468956,84.33741243885402,14.617213170843351,12.455234095238096,85.18234454,99.78540271025877,62.04898679229851,32.57450058141028,233.30544604632266,219.26494594235209,228.80301902022495,224.03763946260574,-0.041102075,0.7180030868467215,0.6863772553154965,101.26021786992634,13.820505725041011,107.8759882756078,2.999593472655452,0.7787431925437157,146.05121765144145,49.15053507
ESP32_VEH_01,VIT_CAR_001,1.77134E+12,83.60438964846455,69.63494427076141,356.6014515192138,85.63810907329542,2646.6772209046712,89.87054013900007,17.21077811611264,12.719358524379315,91.40993848043652,33.929286285301586,54.811783281719144,33.86213746956139,230.7671111907143,239.38822807842143,228.73996913472453,229.74360510793758,1.0607023755758256,-0.122715178,1.0617415107931623,101.2742000616184,13.677612903583537,156.81831147669277,8.075941196,0.8601629593964728,125.40832013612071,34.58388906286403
ESP32_VEH_01,VIT_CAR_001,1.77134E+12,99.94466041820114,66.06479891,159.7634132,88.58886523131645,1772.9686842892302,69.27913262678865,18.339655682783565,12.763558583797407,85.05042505258858,13.425456858024067,65.53075844852236,27.142751688743452,230.1912649349347,234.58504756034142,225.70721807994101,230.53396877241482,-0.698957031,0.17748914981418012,1.2708420997448466,102.83735140461171,13.791950060692914,126.39080614510566,3.8018309413078115,0.7889578019587119,117.44536272585233,67.68748826629229
ESP32_VEH_01,VIT_CAR_001,1.77134E+12,90.15764441465295,73.67107128688184,143.99790957549737,81.55636729,2480.7207540101826,77.96005028,16.08599481435681,12.415255847524069,88.20522033,27.556066640549762,50.926026146898124,28.438026483934447,225.0022416893746,226.18372127016406,234.09017181625612,238.97205655312882,0.300321643,-0.834576218,1.2338484204865066,101.11201943595432,13.488706892136104,153.7406734,1.484407708701541,0.7813878085048637,151.07357513493596,73.83053685
ESP32_VEH_01,VIT_CAR_001,1.77134E+12,131.2832310169744,80.45374113579567,145.05684431553362,105.65043924643557,2532.3179422684275,64.29355938942332,13.77573529070712,12.295780039800905,86.78398350950255,57.06492752697726,46.29531989903282,32.75296282300659,232.40186819590713,237.8363544774622,224.6108783,232.80327740140075,-0.181147287,0.2775761157671817,1.2321732670155676,101.87875189542117,14.198007091749858,192.28898791759764,2.858518863774744,0.9956853575064976,138.71315948933702,82.18846515294413
ESP32_VEH_01,VIT_CAR_001,1.77134E+12,96.75203157007388,80.99619143210339,139.6552368622182,82.14691079363516,3143.725174218028,59.378506388750736,17.30687457309602,10.830869022452804,58.687465997436504,28.309458479637286,63.369650234817826,33.80577349909252,235.64287323974153,224.33306785170817,237.76219964633205,225.18418905750758,-0.063396488,0.4786456476455073,0.9956943705582307,101.08328708438906,13.726416522662454,201.29373404512432,0.985445395,0.8742638203699724,146.00337516780007,44.64704373
ESP32_VEH_01,VIT_CAR_001,1.77134E+12,84.58207260463779,71.93205911802026,169.0661925,85.76598460270566,2827.5518924442367,51.20310694967272,12.669737267998821,12.503478662487804,72.54341782995344,89.45467992,65.25650161758031,26.74992230077195,227.3467785713057,229.89834867505257,227.50248689560863,224.57969936415705,0.9412685729048121,0.1943987925481297,0.8694463057055062,101.48544187014984,14.133924084685138,190.53201880474336,1.063761560859378,0.8741316569830134,148.59255974973033,31.674503131171768
ESP32_VEH_01,VIT_CAR_001,1.77134E+12,88.22197423,85.44347694546495,146.94620944802722,90.11309399155755,2459.3911557653364,78.96702085531236,15.550119352493136,10.928888601162276,77.07402246351423,63.57322509259347,49.01606704452898,31.84086277,235.18903733699486,238.07719540754144,230.44366272682296,224.82667860644682,-2.923026773,-6.599231158,5.313073657554938,105.60526743534912,15.069090801566452,175.8718313691844,9.310108618005508,5.987118965,128.63233529442988,50.73492206067734
ESP32_VEH_01,VIT_CAR_001,1.77134E+12,86.48149567783658,70.94211811,181.0338483609815,82.65414494891877,1794.6458881348601,24.76067522280414,15.867727113820925,10.579739275204677,51.70851462854783,55.417548948743175,55.39158127941536,32.43802325296875,235.04519402006045,228.33876860132204,228.32918380632645,232.3341970987439,-0.404349064,-0.896458018,0.9685299099470426,100.71287330153987,12.792398505828928,100.83231133975364,2.5164399854211483,0.669381282,139.30056798483554,31.149418978830045
ESP32_VEH_01,VIT_CAR_001,1.77134E+12,22.05306472260274,69.58864957968252,148.6591563409169,27.249378046148937,1372.9384182207439,46.53227175327384,14.789611832266461,12.46291484859628,84.29444682688202,64.14430796073111,49.731013288861554,27.482112291204707,243.6218814531928,236.34381094520367,236.64634703982512,227.0836302601744,-0.561754229,0.5675658239648583,0.7853894161862726,102.05987575206719,14.071865484141933,164.19870946012827,2.0862093953778746,1.1555480202677197,132.05625210377502,67.24045031882463
ESP32_VEH_01,VIT_CAR_001,1.77134E+12,90.08925732138609,81.11031346272657,139.79186674268246,85.19708879,3132.579078164752,46.582997069481706,16.44575156978805,12.808474112423795,83.17141307886024,38.39120936586127,46.14457100955792,27.657675889187562,225.86433546789297,235.78966953597904,230.35076937719396,221.79690439921256,-0.201398202,-0.390688194,1.0022224025177469,102.05746543642489,14.760224935916632,139.6002932797645,0.5436138616374648,0.3077786281751833,121.79164837259587,71.80650218766769
ESP32_VEH_01,VIT_CAR_001,1.77134E+12,92.34646983764142,73.93436839856989,303.12987833954924,86.66200815290057,2180.3117061144885,76.64773914,11.892160216531845,11.94113954630502,87.89662840368142,74.55903558070636,46.41641427220384,29.57432891215391,231.78551634402555,231.8333406428704,224.90058101928926,229.1223934191712,-0.003312081,0.5015269248037514,1.138208836450819,100.7527581,14.213328394588318,156.7339544637004,6.745851748949859,0.5877119126137126,106.23464173169388,76.82136926903084
ESP32_VEH_01,VIT_CAR_001,1.77134E+12,93.27157763,73.76289263861676,129.6673456378915,78.3235352,3975.008009883012,64.43690667325745,17.30277120154072,12.888842230675122,81.81953158177971,81.36323705046006,67.57576039916923,30.21352522834996,229.09456478093094,232.16797015583205,232.1765819131793,227.90076259850312,-1.431891229,-0.177066601,0.5741974261928497,100.7744049463439,13.923485571539286,170.16585359703475,1.6462888728345437,0.7611791150587974,131.3572046,39.86367216250252
ESP32_VEH_01,VIT_CAR_001,1.77134E+12,89.42542655548695,80.63360002,126.77275833096184,85.56932526649425,1720.4566373277976,37.49463201886475,17.12914142428586,12.508536768825383,75.60286121599975,97.16555790033567,57.55779224095954,30.711827893833572,233.075399,237.0758095,233.75616830202722,222.7980163236116,-0.660172221,-0.22867089,1.0792240016126156,101.36978754411834,13.701820211330983,106.09147217481043,1.894980295426051,0.4151111116083555,127.0482215657792,36.16180338346815
ESP32_VEH_01,VIT_CAR_001,1.77134E+12,84.94147194712012,73.51753083746978,145.1481108992587,80.51425716198753,2563.5122727063276,93.40762101,14.26209742981803,9.976849611606593,38.19592557327995,90.25664636310748,69.63369131824258,25.655366251420382,225.30073585689254,226.72868720316623,235.4703347105208,222.3855997404282,-0.887051554,-0.254694096,0.9354018407308158,99.33393696941987,12.063079908803967,211.32964283224953,2.315346051468048,0.5624494625548409,112.95668563476805,71.28399716814926
ESP32_VEH_01,VIT_CAR_001,1.77134E+12,89.30507978188488,72.75499318070685,165.92381569912558,86.53659927062583,2221.1979643326367,56.21850400854321,13.407415451247378,12.567015797328274,79.10537389417962,90.63659385044511,58.28847106312363,32.302236984642235,230.4288378654068,231.09001686966582,229.6526515430698,229.51521838606058,0.22515128034223636,0.5166480737595549,0.8000814027092817,101.42195569117304,14.517544945111391,317.7077943273199,1.4364910296847428,0.6737824211606969,132.80008504021265,38.72873499482064
ESP32_VEH_01,VIT_CAR_001,1.77134E+12,86.57107522530788,73.76026405869054,154.91937443118638,71.12201182,2862.0342534114484,59.293860525722174,14.884025069421503,12.518644076537365,80.39087728409592,99.54196512,64.79503802646732,32.22991620489891,230.8990763160452,230.89149102640584,234.18914476652822,237.20581501297463,-0.657973976,-0.345689305,0.8746151896534329,102.16582762977694,13.934651728953868,164.66737345188443,2.6734647797593407,1.2205821358869122,129.88752554971734,37.298424586473345
ESP32_VEH_01,VIT_CAR_001,1.77134E+12,84.84417150480348,71.13505227,202.83126437663014,79.33816074926557,2803.2425522262365,12.480379762007288,17.073182429145323,12.657948020130057,76.35561615,44.34654477,61.755663855180856,25.974275387909834,235.5941946263043,241.79942098902896,229.8303445799883,236.88078709498845,-0.339582514,0.9723346714382346,0.9420907318114533,101.30924362445451,14.337813447983617,165.05242886669873,2.1180475139175616,0.9834320280963893,125.62336281473527,34.35416897541357
ESP32_VEH_01,VIT_CAR_001,1.77134E+12,121.52556044294371,75.00627839938132,151.01694037330608,113.02491205599688,1974.2229217944357,48.04557542249164,14.037833611064906,12.75699949739365,81.28121033284854,32.297138120170345,46.468126345700846,27.527537741008004,235.56287738972054,228.68153170855356,223.82545413871787,236.5304689394642,-0.49902073,0.6610995977853736,0.9757858632399176,100.98509014215679,13.73456458830823,153.4906915300778,1.8911974111316887,1.1300338439649318,129.09397184812855,73.57299111480758
ESP32_VEH_01,VIT_CAR_001,1.77134E+12,90.38192656427967,75.95673304892593,147.27738693393601,85.02754848576805,3698.5862161796326,73.80355183836545,16.876873199848788,12.101692735295597,80.65794416089166,51.06288627034693,67.25440930138299,34.63534000802221,226.74128605093676,237.57757578488338,232.57467028759473,244.16129375373905,0.048023374301385056,0.063596572,0.948985882,102.78713295474546,13.890987538688986,69.92876514582595,0.7151001772613537,0.7768351777492858,147.9397489546499,77.60326268262178
ESP32_VEH_01,VIT_CAR_001,1.77134E+12,92.94715977169608,74.35714962,263.6455220553721,91.18074176055183,3222.8696558173965,102.85158472256023,15.371499356673384,12.256282147627168,87.19716376537778,28.247534174976867,56.61924248315789,26.157786552299914,223.0636500761333,225.00909918746729,232.2862609970537,225.75853821908964,0.3638979127478137,-0.381522979,1.2425927887822121,101.06472945921287,14.020271767496343,152.28548922434788,9.854070474861645,0.5932264845208205,114.62902793771524,50.09525566
ESP32_VEH_01,VIT_CAR_001,1.77134E+12,85.88328204793417,67.69880508888029,130.21337740700062,80.32020488760695,2425.193863513237,64.34790724756103,16.906118827396675,9.762942352555664,60.128491099222444,76.43044350993215,46.68310158793372,32.430164810273965,233.84797225470516,228.5134298219669,225.95078553969054,226.87936650205347,-0.6915156,-0.631207123,1.3591112781151522,102.28510350822582,12.850701860237036,123.71967178012201,2.030405871577413,0.962824985,101.42726401630594,79.21541315944322
ESP32_VEH_01,VIT_CAR_001,1.77134E+12,91.00368031630215,78.26258646720365,154.81625081822548,86.19174112274554,2537.8254074125125,49.96104847937809,15.16667622282591,10.592785220923385,73.98585003522152,44.007748435527965,50.38263876117871,33.01191098809304,232.71205408994646,228.94211440549574,227.86096605785758,225.98817552817277,-0.064974464,-0.184281397,1.1832197513778535,101.68991911801015,11.565769449705178,167.30158459875986,2.409052370565236,0.38909019398701394,175.51466057984362,35.648646671737076
ESP32_VEH_01,VIT_CAR_001,1.77134E+12,91.69760926329951,78.59261395476051,125.9238079736296,80.98960185244599,3458.0202416354277,56.63451528483722,17.02315559344554,12.81802986087342,78.38234482818794,77.49454795961002,64.94601603060704,32.17062936488285,229.7228249294272,147.45962071810337,232.74332082749348,228.55887528904785,0.3681671983822491,0.4778230410601263,0.914178045,100.78169006383624,13.794375552635962,168.45925661718562,1.8162670975450843,0.724523145,124.7647866091022,53.41125197454241
ESP32_VEH_01,VIT_CAR_001,1.77134E+12,111.43010878194079,69.94099305537752,129.99875550035247,98.51459651745267,3253.439375064885,67.51303875895748,14.749762316450825,12.897151292398949,92.80833981602086,57.534982586138774,47.12574155,28.58331797644183,236.11256444321816,237.62050820512627,230.8492149,227.7461272813045,0.4698137416346082,0.1333609237264815,1.078224169630849,103.05513443415903,14.142845453924277,126.70588021419812,1.442822877364382,0.7494899664139274,107.5046115960325,46.95765283809263
ESP32_VEH_01,VIT_CAR_001,1.77134E+12,89.68033240603458,75.67681023463385,162.52324622405803,95.82931609939895,2135.640408677613,73.33377874728309,14.030778558872372,10.636034165259506,59.552218742166886,34.368554445321706,55.64620481423328,22.409673615141916,229.39193904929712,234.61197786278194,237.98679517332852,224.28326183635366,-0.30946379,0.2899824857553997,0.97187097,101.02162617226686,12.272703488092294,71.72059582560757,2.564654669772686,0.7474869433062484,126.13341059921295,31.657607185312354
ESP32_VEH_01,VIT_CAR_001,1.77134E+12,122.06176133963172,71.55309710134044,156.2991313730377,115.32978286547637,2003.8514836783488,52.35020266452498,14.330982175343923,12.64025978,86.77761234276718,93.40203684973007,56.75033402142141,31.38276154691204,227.81736322548247,229.20597995718705,232.10350404661904,228.50326144636927,-0.512969278,-0.889193406,0.9512472890955739,102.01303380671024,13.760301608984902,190.80104998090056,2.302953792948272,0.91959735,104.7807311130443,54.45818213520534
ESP32_VEH_01,VIT_CAR_001,1.77134E+12,89.66734218675141,79.63167101,188.44502615360904,86.41331483180032,2235.125798261637,67.23908181882797,14.161691610341972,11.988787183902907,84.77130299020665,51.652791581791575,68.07506367484874,28.86181175243147,216.60778321045967,226.43971585545165,227.33537430791574,234.00090043048718,0.095818921,-0.282285514,0.8751237186407337,101.42401753471545,13.591717787817874,197.38675328873495,-0.383197411,0.7417732429786277,107.81322724679455,30.581792139431712
ESP32_VEH_01,VIT_CAR_001,1.77134E+12,93.26328386,70.47227585575234,94.08091386794958,85.93137491,2900.6377612873434,54.173522653383266,15.528599628034286,12.699784265482576,95.57238811745853,99.87803836914706,54.37261743641989,30.946312430089673,232.32298746168837,231.81873066190772,229.86368667921195,228.0160351267397,-0.671519219,-0.015838323,0.8848423879378777,99.58082555472305,13.443070399801028,15.466848845159433,0.7433514236998315,0.6228769279756307,124.25679918792989,64.39616588796767
ESP32_VEH_01,VIT_CAR_001,1.77134E+12,89.00315457,83.7133945,162.5413752089469,83.68437309008867,2871.404347807081,85.27814113258128,12.926831369178359,12.595784930282143,91.45287427919389,31.674372178361814,42.067532792556435,32.32962333849345,225.7399959644524,221.41071489029002,226.9684878098384,235.22368614188707,0.7837636797905698,-0.416154478,1.6543628052374184,101.47070451775828,14.501027357158044,19.01380227,2.099334411188956,0.8409372841224297,121.69109865994072,61.03084006234259
ESP32_VEH_01,VIT_CAR_001,1.77134E+12,85.33431715566981,76.01581338195903,145.61816205785487,82.58870144485014,2808.6696740124125,45.45078167741654,13.797919169320462,12.974162404538667,77.11580009609959,83.24453579,68.25493539,33.35538344501704,224.6609764179139,235.83383448088676,225.24303013064517,223.34716853229827,0.2876316901416961,-0.471945842,1.1866054510087076,99.85686948908524,14.009120963255643,180.90063546003722,3.3174217460850426,0.8122220152515277,103.86305443518879,65.40399607241957
ESP32_VEH_01,VIT_CAR_001,1.77134E+12,84.00243018701535,76.32961851030942,169.5849547751566,87.63971512247036,2536.0111971684682,78.36688813,13.098599020617016,12.675210257886114,83.07361839070987,31.402758826804433,41.50104411763406,29.689381443359032,232.45682681270216,233.23891782258713,232.02592279644892,229.34709378814702,-0.028684598,0.062195581,1.1797344509508714,101.64181558633064,14.251504431382683,98.14209879558982,2.2189867158481413,0.6641356537262435,130.40959118313936,44.77734125855979
ESP32_VEH_01,VIT_CAR_001,1.77134E+12,82.68359425109502,78.68587184873729,144.96187906776328,81.42117353610269,3309.822975513604,102.26960996337365,14.839077264901785,12.755790154870645,82.02923795,92.21778992882537,60.78125494307581,32.897526812736515,222.67321342317095,223.90279341164114,234.27119726894873,224.43962370337672,1.0148816442477697,0.12011327432900927,0.7473022028546349,99.68978812247035,14.05508998633604,224.68212934995051,2.113393228057794,0.669227427,109.26222584854449,51.82591897739396
ESP32_VEH_01,VIT_CAR_001,1.77134E+12,92.33455123896373,72.90426246203548,162.6266585874007,91.41335126218623,2195.0936110190078,34.21760871839178,11.088287781586036,12.668684766560697,86.38564390652876,93.3467951,68.86919511289639,29.178138074775408,232.9123906877299,229.84639191248377,227.4814715516912,172.24525598730736,-0.561502449,0.15061554164959767,1.5284202604361825,100.04994163696578,13.526505841849106,289.74514836422605,1.9011746748815945,0.9818256664171656,98.35540065952296,77.43799978904549
ESP32_VEH_01,VIT_CAR_001,1.77134E+12,89.36855710561349,72.16051399060949,195.67611409156666,85.13058754,2686.5437707650226,67.94862731766305,13.393909975016914,12.392528667388808,81.35484405408307,45.49819429102002,64.44288966235437,36.09400456785225,233.46556113502115,230.06656918572543,225.89101834800334,240.9627099885167,-0.016536566,-0.083277808,1.0656947389734814,99.63743868727556,14.552296125840627,122.68529965445485,2.9704276446017115,0.4529428290209232,144.19084598195764,44.78934779167485
ESP32_VEH_01,VIT_CAR_001,1.77134E+12,96.40596727358047,76.26836663745068,131.5544892309145,79.93586393816325,4992.953611934177,120.76587622053437,15.654414541603483,12.226525439857562,80.23523956597919,17.247827076659934,68.79606244091285,33.098827514721506,228.89568189733046,233.57913322365843,230.33905189343037,226.49383809029712,-0.103214107,-0.471125718,0.7744512005292579,101.64865842806392,13.21844752607182,337.6343511258253,2.463797940473705,1.679218514515271,147.3706902,70.25616175643398
ESP32_VEH_01,VIT_CAR_001,1.77134E+12,120.66161792454534,87.94307053999589,136.4812585753724,101.4714628,2573.593127104953,57.980013659635894,14.758726000257532,12.101383149471774,86.49136112833513,29.07331778641937,45.917131514078456,35.60027969442009,236.98632045117878,232.1753200345934,237.52981637824217,226.47515520502424,0.46886674939717987,-0.52770083,0.9362563384037861,102.53807708791642,14.586886947270957,214.04273102295616,1.1672664515735653,1.0514670658939225,85.07774988109807,73.79613984937322
ESP32_VEH_01,VIT_CAR_001,1.77134E+12,88.75045075,82.47102488590284,173.60522985741187,85.30330793971633,2240.1700762594037,65.83065229,14.586290414472622,12.567949272695568,78.02106250134875,30.116625686018125,41.07221510388257,28.47397684425034,234.4475563832594,229.0006810778351,223.82470894457788,227.9051061301969,-0.17468476,-0.029069002,0.8778061321612998,100.53628474194716,13.198694930735408,159.47749319439706,3.1298860585411488,0.7930351703964381,118.5178006111174,71.81924255720264
ESP32_VEH_01,VIT_CAR_001,1.77134E+12,92.25350817282109,81.06704432191385,270.27509272187376,83.82013614326051,1928.2757631046634,77.63171413209045,16.67191903772381,12.62365232494165,80.33850176525358,63.47121559911008,63.40213337053531,30.025499078568643,235.32275321974015,227.7333937279461,226.43522768429906,236.69734151661808,0.2806077521127092,-0.024789581,1.1022440541388818,102.94240186324286,13.41188935011693,180.87928687463932,8.581371522451317,0.6639212774998828,102.53459360645189,37.04237282800072
ESP32_VEH_01,VIT_CAR_001,1.77134E+12,90.45350424854465,69.98339056953378,122.97368903721514,85.00691437445589,2605.7877850632353,49.73494797784352,16.780958781605428,12.891342400182966,85.16406707645166,13.85434790390972,57.150631570172266,29.325424581416144,182.20577734048592,225.0358413779725,237.50264705520408,234.94531253169558,-0.300026515,-0.157607419,1.3053991825974576,100.3501744443645,14.173401545830103,310.6788961045084,1.3311753553823622,0.9506405562855711,138.0161012758063,67.24900039932552
ESP32_VEH_01,VIT_CAR_001,1.77134E+12,83.18054359641074,70.36578591110282,278.8035066475611,86.47912111255046,2197.074157742787,77.86683718460027,16.277915472922242,12.529525625456712,79.51965292244665,46.91513473323623,54.86866978640044,21.23102194092206,223.33745623032058,234.3408967203877,227.50563345815155,227.39441588433925,-0.990946471,-0.008144591,1.1004249033948876,101.46793459020735,14.451153478625624,133.70272460655767,8.645421541713304,0.8093478829521188,138.03824233355726,49.12527208489098
ESP32_VEH_01,VIT_CAR_001,1.77134E+12,81.11778061684342,63.89982373534912,182.67194252780217,79.03617751806243,2097.3506366370116,59.171597685001984,14.45542546,12.613489190261882,78.60087641,72.75916216088304,54.87726103529786,25.946078835127423,227.3997961729359,231.58388110617554,218.7160231396191,233.03587750222323,-0.854981116,-0.495251457,1.048579920052064,100.99586893927467,14.539880041271282,119.48394580744336,0.3356250635717617,0.47554488746673274,146.84515136935187,78.94675664443298
ESP32_VEH_01,VIT_CAR_001,1.77134E+12,89.36265153231315,83.53501469832648,173.4119931890473,85.73894651925767,1595.9646725031168,67.01356771004585,14.026798426384325,12.354173029933227,89.44942424884364,42.88761861892369,66.86133758862803,27.35233101131743,232.65737421127153,231.92953388212234,229.56965369110333,226.8434964256586,-0.729743485,0.3478130488820613,0.9119758785745921,100.29453396145557,14.88014430294659,111.92115265806902,1.3217344986600779,0.414925553,136.73875600433144,72.26611560544124
ESP32_VEH_01,VIT_CAR_001,1.77134E+12,89.04702044858203,77.96878638011992,143.62892782098686,79.86462065,2577.255102346159,57.991890624865924,17.758777593823456,12.07700233238644,86.47927567194579,45.14191435888382,61.11923467867153,29.987122582641835,227.36681007285384,227.29595449561907,241.13660235805878,226.7123237615994,-0.595269172,0.8736399278879623,1.3077268345521376,102.97509731204788,13.765202184654012,158.17817206413415,0.6758281790721881,0.5332549264046637,111.9596501366805,75.39375417743051
ESP32_VEH_01,VIT_CAR_001,1.77134E+12,100.99434913011773,77.98306530482928,151.93364391467094,104.57169732145023,3182.073599888986,72.68342731294186,15.68111095192818,12.914192766987634,85.63784832970127,12.017561012995733,65.66927904,34.01787527008663,225.4196660256883,228.5953958558792,233.54756786663103,234.08560424020865,-0.215496457,0.4793452190673702,0.5957702647199494,101.27644706673209,13.490304352427431,92.82599738679902,1.7968304195905234,0.8797731974332255,156.28215079163888,61.01474890963951
ESP32_VEH_01,VIT_CAR_001,1.77134E+12,115.88066094544625,68.90547206849612,151.6075211558545,106.1902100502887,2902.085150489071,92.72787196716497,13.978425231820072,12.535387519759208,82.92599230116569,18.088408287875225,66.11804070320015,27.453953888777843,234.4105657569118,237.22529247170618,223.60286145260613,227.13127648062593,-0.293128902,0.4964386509208969,0.8256151300795295,99.84322386052976,15.195061544240119,242.51813097475568,1.7893820173765551,0.9540929001045841,128.68493877087303,52.598548640304216
ESP32_VEH_01,VIT_CAR_001,1.77134E+12,94.00849262741497,72.25439639203695,158.82934313757815,82.42547935,1780.496828845425,39.008175718728566,15.502519212185863,12.314939854682912,86.05639854209738,22.34660955473491,62.93930203728968,37.507444765826584,234.79045227886797,231.14829340859893,234.3853026335869,223.9534013060907,-0.131612865,-0.763581334,1.039086171902146,100.93610039825492,13.214569517553588,107.50712518624961,2.4117628467224423,0.7650114458108933,145.22828830206836,75.3822383
ESP32_VEH_01,VIT_CAR_001,1.77134E+12,95.23832301414166,79.60484705391944,174.6651817725269,86.62397191245734,2941.3093266360484,67.11544084982388,15.383417098710947,12.833846225276863,84.30084855486723,59.775775928700945,67.35348878324704,29.03051787590718,216.2748025973207,232.93231569765993,231.05876012204627,235.8749767079673,-0.183964279,0.060548753,1.7417329871269702,103.5450207408607,14.26793449433178,130.07610301762898,3.062147568124165,0.7899946713083305,113.62466252257082,40.21323813690832
ESP32_VEH_01,VIT_CAR_001,1.77134E+12,81.24206126053554,71.96051196507418,146.90025299430636,86.14265927105502,1791.3005563228985,62.51225311646761,14.844962996710194,12.301544090603795,84.79441442739041,26.44125033,60.878678709214896,28.457229821682787,230.81900715577234,228.5510114857331,227.44258202548022,229.7835397066288,0.6008019627270484,0.5823610493900799,0.984576147,100.98336212010916,13.608266794407212,161.41535510114653,2.640852851774567,0.48656109460018565,135.75262388372937,36.13334368898559
ESP32_VEH_01,VIT_CAR_001,1.77134E+12,92.42461978852778,76.11420419,240.2993978882138,85.56950904348521,1081.2447363262277,66.60190529571332,15.005443630777034,13.099472934487109,78.43149281562827,86.98909366630691,59.354081577439906,34.19042134372031,227.14022183257677,223.16418528455281,229.28317983629893,234.8121561816479,-0.147908472,-0.252375223,0.9626400895808593,102.13269298393796,13.203339362104089,74.82491519167503,10.095207190827416,0.4649535572521757,123.09923091243638,35.578186187120096
ESP32_VEH_01,VIT_CAR_001,1.77134E+12,93.71444976736451,73.31991120581695,163.8472472962931,83.51833881382504,2553.829074393623,45.60503795642508,14.325703004991007,12.704525710410369,88.81305756094736,15.891507596473787,41.336494964343274,33.32973771451776,225.93111818704696,232.85825096292592,237.18735621322713,234.83799153497077,-0.115607234,0.4950802576600436,0.5747453198753067,100.17388438754509,13.690691820743101,135.83078291661076,1.393297016537779,0.9676452930277539,121.74841334347921,46.22159004452989
ESP32_VEH_01,VIT_CAR_001,1.77134E+12,88.35884377790845,79.28477377718059,146.5183155977507,84.46582953405482,2605.281357402321,44.29909738153037,13.803213016678574,12.049988769479109,80.45093857614721,58.47665713822881,68.18033845,32.79721543587897,232.2688077532681,233.71473914336642,229.80688535808574,217.7231557861358,0.5665454084536578,-0.060006899,0.7464048087163679,101.63345611236106,15.018281106950896,140.11924507766145,0.6894863456088762,0.728252818,128.83370083100823,58.14138752409278
ESP32_VEH_01,VIT_CAR_001,1.77134E+12,90.78228949488272,80.92906680051259,194.26523084108274,93.42669706421822,5443.993088462522,91.78950738217227,18.361934433796105,12.585250070453004,81.81860145090461,89.27600298670512,60.44041094221578,37.65138781557742,227.5387468141089,230.66860590381322,235.15815395412093,224.94020367503853,0.33956045191777773,0.6685331335855801,1.6124154027443078,101.91120698896125,13.389929914293585,334.65211387573555,0.13612691017466694,1.4110018121684105,135.74895087659755,47.138545449801796
ESP32_VEH_01,VIT_CAR_001,1.77134E+12,88.92759468182201,75.04941755983509,174.49564221950519,87.00406657562056,1599.747143332179,43.851220564052156,16.75359172148108,12.446988476006533,90.30064727292465,91.84575688547551,56.88692425,33.51350035315265,234.7852226937955,230.66461481549229,230.84222251777692,225.62603290852724,0.19093519326864658,0.044582875,0.8577659381005185,100.42953902603332,13.293347765475687,166.37077456110455,2.400623480716432,0.5844981130357539,138.91930848052417,60.89951779
ESP32_VEH_01,VIT_CAR_001,1.77134E+12,90.22186701457271,75.09588226713565,142.34750548683343,93.80992968202611,1919.536495243664,44.79687243760607,17.113071488437697,12.259340712522935,84.89924425876116,23.185622989976224,67.06087439278093,36.82083201,215.84775538254172,234.7409921254792,234.77236068242698,227.37685548324316,0.8141179683712251,-0.125853834,1.1829404859726966,102.36879967747562,13.845113282278744,155.97648155776125,1.7917381734560958,0.7124807290510401,109.5366153367131,56.78258097071374
ESP32_VEH_01,VIT_CAR_001,1.77134E+12,92.90769229535165,78.10129852336114,167.49567794630022,81.39076030454403,1676.0340845917763,60.57995958794556,12.865001663375399,12.73122648309051,93.2552004,36.779512171860844,69.54179429,37.28471341941244,233.60851532324932,241.9838973899586,230.19542560754243,228.2005286751184,0.12455888270799709,-0.717051682,1.198358015368493,101.02322482657006,13.632635231696613,177.05942608864146,1.3821775652510566,0.3480428615892087,123.7564777149566,74.93203056653995
ESP32_VEH_01,VIT_CAR_001,1.77134E+12,92.90940739582108,69.40067442492925,334.0239780364136,83.03424232004556,2328.9641803279783,98.20829672864124,17.48924711063818,12.638934099487079,90.08548199368069,65.94940213838146,49.096281799716024,34.70159093023106,235.1182896646624,227.06873112597174,226.57871197289373,229.27153304677813,0.41997710390273835,0.22306096128148165,1.1633475648839084,101.87690895808704,13.838972134840734,92.66467453493536,7.90050463,0.7912698263453737,77.30275343,65.20605869794193
ESP32_VEH_01,VIT_CAR_001,1.77134E+12,92.23698931843707,80.8118111,234.76344193523926,82.48559892438014,2943.4782129910814,73.48674562222408,17.045709756843284,12.550718500522368,90.92576007269224,69.11047592,44.58905087793212,26.32443059,234.00333732761425,226.10626602533853,230.07402088466756,231.41366383195486,0.4526547766596629,0.7135323910123089,0.5303313700860437,102.52177791447419,13.323902917548654,144.95217714188857,11.76701317401595,0.7602297320878387,124.83325250502428,48.611557068271196
ESP32_VEH_01,VIT_CAR_001,1.77134E+12,93.21653485758301,79.33311767405205,146.28823626914598,80.27885576393855,1734.3195829837455,36.65239517502613,10.117661400467373,12.017367995909796,86.92736452,71.89553111375699,57.653430251506194,29.634541738662094,222.07940979171775,230.8211623424393,223.3020039384498,231.5368626805505,0.3872600271665875,-0.005495424,0.9996745780149054,103.73158468433249,13.482784844828299,142.26386907634244,2.5460116576571794,0.7616132918008588,104.36981187305167,43.625977566834734
ESP32_VEH_01,VIT_CAR_001,1.77134E+12,75.72121758933437,77.36698651,146.8649633876508,80.54722591463351,2116.8536666699547,71.16575231291196,14.351467656312149,13.070245015541019,81.03527275869304,25.198736655983666,53.541412987236164,33.744961955214166,217.33148379085253,224.20369000135386,229.5521464492256,222.92273265958192,-0.0729117,-0.075411119,0.8975493039906783,101.36436174386819,12.953612776051655,169.59176730912804,2.9687003563023353,0.47519064500854535,123.64608571718645,36.2980128
ESP32_VEH_01,VIT_CAR_001,1.77134E+12,92.09295693745284,85.29320241249309,146.55308671896657,84.98960641894755,3685.673211449208,38.87567698113544,12.970011461973831,12.531325412515407,87.89415543884249,40.595288793027954,64.66769630241235,33.035519027235985,223.92902602601444,232.79681367243893,229.34086104686466,227.71161402953217,0.053528714,-0.566823799,1.2697898838453245,101.25039096419728,14.316695821468114,118.84408290272388,2.502780854,0.8861498791039406,126.85383107365229,58.82326589316709
ESP32_VEH_01,VIT_CAR_001,1.77134E+12,92.13290832262126,81.82527438119736,117.51115369321845,82.99308177874937,2748.5324963834714,60.42576795239674,12.718082250757373,12.611601755868303,83.61516500547856,97.46001357539637,53.60674793974792,31.897472896803833,233.13275980191594,232.18803117109547,230.68588205631409,234.40885025762424,0.13286207926786625,0.414096472,0.7273895511434887,101.73315496011428,14.28212835739869,237.8250997,2.633429599538303,0.6627180278331638,103.93228704043395,78.43377807983688
ESP32_VEH_01,VIT_CAR_001,1.77134E+12,85.98373956292994,72.29928872498759,84.75209704759229,83.23040396658709,2844.667225435695,71.24100836741165,13.089345456705711,12.584968568472403,85.39994385,46.773338142954344,50.879797372605886,26.80449029671936,224.06394343448295,232.29671602887362,228.6304366733853,227.18721045491418,0.3605451575800411,-0.598315019,0.6879668854556621,100.43276716190165,15.149115099013613,239.6421683437166,2.272274788451446,1.0520898938382977,132.61532681183184,62.507540069503484
ESP32_VEH_01,VIT_CAR_001,1.77134E+12,94.03221156,77.53512871,274.8696896104062,89.11731500346902,2438.6891649297045,94.10697512758583,15.940437607040389,12.435316906881223,84.60632368280972,28.845780363979493,67.42820465685988,31.395068047698643,231.00588297965248,228.3804645091198,228.28931311005283,225.70656543401935,-0.483106311,-0.634841376,0.5413418733270372,100.28860015592564,14.431546972866332,193.81064515008663,11.94716502338867,0.977966182,156.0847656531401,79.20807089670026
ESP32_VEH_01,VIT_CAR_001,1.77134E+12,74.81901621050228,77.24159390133838,157.57749408107472,82.38996235949546,2756.060520814018,78.69135774256644,13.449947865601658,12.099545730758726,92.11407592,91.19288323556324,63.54354327190152,31.631542513594756,227.97207599608672,232.84385783693986,224.76221519893082,227.3145260392551,-0.313147785,-0.625189133,1.2329648222799297,101.91702191713445,14.047044924583513,215.81628049496388,3.986965127158994,0.5069682425252986,109.37267978491784,48.135640428569005
ESP32_VEH_01,VIT_CAR_001,1.77134E+12,79.70705184310026,67.13574245,144.0705407420942,91.71573238,2385.9175248563897,37.13603920885538,13.098285012295232,12.29279532644957,84.64375856011492,51.86777845840405,48.99296055144745,36.24368418295475,233.25143620289035,225.50498980525015,231.88105711747838,228.00240169041558,-0.637972991,-1.099860141,0.8510205105779634,101.78917601150536,13.900046527064797,242.29839660378894,3.253273731164813,0.5471488501729762,130.2263757600884,75.23664059368386
ESP32_VEH_01,VIT_CAR_001,1.77134E+12,111.6324328667238,79.79062984605005,171.36886898587707,107.41137454851795,3721.913282876456,72.80437734,15.69558501595634,12.241074823862148,87.52332824460365,81.56709062715248,44.303548077771964,24.471270335236895,228.70731392657768,229.17677524703194,229.7169155039707,221.91748369400773,-0.425702566,0.7308460713187249,1.0496858089492058,101.19701817084118,14.357183009619485,233.38150883610604,2.642229672755332,0.7952279589407817,115.1945984761922,53.153314538906145
ESP32_VEH_01,VIT_CAR_001,1.77134E+12,121.44197208046984,73.19076989504762,143.98140834399922,106.98494944470572,2062.034947698792,78.38111807376512,16.21726491241048,12.950523122288821,79.37803836506319,44.37734166940538,63.37373790708908,30.101594326218965,225.1506125850214,227.2314083328027,230.94814214575604,233.31746666516764,0.090096561,0.13355704137113933,1.282198762106277,102.63374950905099,14.237766718614756,199.99536797453334,3.807946201026282,1.0760624228824325,83.07005884418123,61.719789843104884
ESP32_VEH_01,VIT_CAR_001,1.77134E+12,87.14925495392676,69.56891036309882,165.15735006178141,82.48115537953583,6067.651146045549,101.4104035779291,13.906055169349763,12.48617804864301,86.69636829523311,85.58205752,53.58265947306167,31.523527397711675,231.7978837464901,233.3097504482994,223.05216850162424,225.53973345364764,-0.27100061,-0.28737182,0.6486832560288065,100.78202783264368,13.45933494072943,348.12889347315945,1.2566492776493883,0.7014564796762673,85.52835447128405,47.47537004793627
ESP32_VEH_01,VIT_CAR_001,1.77134E+12,81.18407545251492,74.13732087,154.58057420955333,79.20557668828113,3060.6360913660474,56.40139155,12.946786231017677,12.862148194626606,83.29589726850435,39.652571847869126,68.06370079870574,27.485165892609732,228.3083800632025,224.5466537734435,226.72237991658665,227.71509602738863,0.7181785761693191,-0.241137765,1.3697543251613715,99.54471101139092,14.840843694950793,90.64188340336842,0.27429852049736936,0.6998144561599952,117.3384317904987,49.23352106000809
ESP32_VEH_01,VIT_CAR_001,1.77134E+12,92.65121407608444,72.42037048156045,150.47176981002244,86.37589054007611,2544.769292369822,47.67279568770701,18.020705372410372,12.590396414958517,89.07846495360754,91.19226194022984,53.97060652179984,31.05121054178882,230.61499268710412,229.7293392577597,179.47874275889723,225.61359364946836,0.008366372,-0.341174566,0.7360046299809986,100.20814474542838,14.491807465530448,140.39928230124758,1.7538561322927992,0.5125641798952243,120.59505142155447,72.42447815744323
ESP32_VEH_01,VIT_CAR_001,1.77134E+12,39.525335745910404,72.96304970281844,139.69464904431305,24.752089099519296,1170.0457675037567,41.305692974089055,15.490118645414206,13.269587756621414,88.96061932,88.56955468773418,66.83070787573953,30.684526396679885,229.92742974829025,229.1969760269129,224.4008179088982,242.6503648144317,0.13022355852879164,-0.412859687,1.0400308874734547,101.39550547553142,14.193973676536583,167.20075361593894,1.2682916528003219,0.801790597,100.8230142191654,32.36905931039965
ESP32_VEH_01,VIT_CAR_001,1.77134E+12,95.86351253075277,81.15964437846424,155.4634659579882,88.50147237084026,2552.9803682773236,65.09764502566614,17.930588482889736,12.553268808279656,88.43549088,13.81555354307535,54.14380929,30.01443276395575,235.8358658558562,238.8140806047295,224.3686520397925,230.1413784,-0.241352566,0.592299101,0.912028252,100.82655340342882,14.065324860621544,100.35468230633612,1.4827771096586972,0.5095324725980833,108.65866245962013,65.94665218469194
ESP32_VEH_01,VIT_CAR_001,1.77134E+12,77.1260618,72.33540738376314,164.50401609820182,89.48472832961482,2538.0581131008425,71.56191239426659,14.148848829913451,9.853471753462532,43.398207030433454,38.46146598809056,46.456493829277946,30.486274122977896,222.72006700044088,233.9132485,240.4521390833771,225.34467184003185,0.17232284191197528,-0.596181353,1.5290052841970447,99.84908876822654,12.316292342946781,163.7186406048226,3.696750046141572,0.6744956518414207,134.0938367765183,49.32049487
ESP32_VEH_01,VIT_CAR_001,1.77134E+12,90.53030103668549,71.60124611,158.26372071765624,86.58105190133242,2619.044837916845,43.56967834736108,14.909269113879184,12.845598984853472,93.53563847409647,28.20604936182944,49.978783910683745,27.052359079023958,229.86424103226065,220.78078089363058,231.46138199039027,229.31109675946817,-0.379645515,-0.280364901,0.725991458,100.9335448432346,14.392900518121294,129.70693185392892,3.1472676210990898,1.165419148775207,112.4823107468038,77.03047198500715
ESP32_VEH_01,VIT_CAR_001,1.77134E+12,90.26817712357962,72.81491554606613,140.68436013686545,87.99028735887647,2969.2674710065894,78.05024936674498,15.02058909216522,12.171697858532161,90.52436727969074,41.398688635009485,58.70689628530348,28.636082673087685,226.5158902640588,231.0784523836034,235.4266688463443,237.35388818933512,-0.350907969,0.7130047397802918,0.5605534601828617,100.22961623646091,13.90446447,57.05253647718084,3.5448938859370562,0.9641477165794335,102.25300986997397,37.255846571718735
ESP32_VEH_01,VIT_CAR_001,1.77134E+12,91.19065753491209,81.72444623895866,139.10725739695894,88.70695474328066,1795.3889014953977,63.32597781453013,13.952720124344646,12.775417243339463,83.90717497423852,90.64013430715526,64.39211554476852,25.58901678141717,223.3369573796764,236.3028473,226.8745950888004,230.93301736975093,-0.966221561,0.5133587484452182,1.0735699822624447,102.19193698420642,13.291084743444056,164.89295276858604,0.9904959082436806,0.4612748078728378,138.5948599092311,63.81680966
ESP32_VEH_01,VIT_CAR_001,1.77134E+12,84.13296352658426,75.02313426582491,154.37610360914516,86.15794766,3067.5831798645527,60.68737982596336,15.567704315556343,12.501724134959563,84.62208257574348,75.29607325387488,69.99864781779094,31.887030123037842,221.64476131789988,228.74176491416816,223.55866392486888,226.32943763219265,0.082599868,0.7227052255800828,0.9909865581548674,101.95106013335385,14.531926355061922,219.20571152477504,1.9735241686920402,0.9680849621261227,136.92415394540217,56.778104653674006
ESP32_VEH_01,VIT_CAR_001,1.77134E+12,91.80926365946561,73.38026494076395,135.1974862786674,84.79582392568767,2104.2726933721847,39.23228629896161,16.291157465351784,13.014496794218198,80.89437153703575,29.92219244934232,55.221817309250206,25.585176565896184,227.21607508244028,236.06301978902604,231.68363319524968,219.62914170504678,-0.363376887,0.7394001005937179,0.8819886940879154,101.18046657836426,15.045550322010916,126.45391854960849,0.19479913714840302,0.7901746127500671,106.96329449683435,76.65830426981502
ESP32_VEH_01,VIT_CAR_001,1.77134E+12,94.57639152941982,74.32518441055792,135.66894758364126,87.18602213881508,1635.0640258597768,51.762507438123194,16.989490507546627,12.430212077099517,84.85820674965316,30.938431314398365,41.776227167495136,31.12872818179828,238.72713561917524,229.00307216598728,225.13086500094803,228.41787378003264,0.5110885944725467,0.4356515304510922,1.307610875771095,100.03768775668763,14.113596547191985,73.04797174790444,1.5931220867572928,0.6115491184871243,115.0851671,44.56931703802842
ESP32_VEH_01,VIT_CAR_001,1.77134E+12,90.86784304626323,74.07590503898649,149.90801171056313,89.57766880412385,2568.7449434947544,76.22771930480816,14.549560300628656,12.690065198154057,87.78382473937305,36.01088059625023,53.31398500791259,32.40857844624049,228.72925661537084,235.03687523450216,230.97427422202895,226.9167624757335,0.7707630801321893,0.4787614982869517,1.1572893238938375,103.49621383910163,13.67319329606234,90.79459931127022,0.6136304789651146,0.34795783104450795,118.43135041070222,54.171613971515704
ESP32_VEH_01,VIT_CAR_001,1.77134E+12,94.20188993077136,66.17741959599635,196.59266324017045,82.92188275904637,3112.013793074896,61.937406628033585,15.031184277999587,12.354218692959963,86.85769983830409,61.360309810308415,65.63897928679003,35.215784071048304,230.48518543809377,230.34696611123047,229.1365495355707,234.93475065838567,0.8903105402543384,-0.265188567,0.5492413591973289,100.0893475751757,13.858803614084954,154.4686016123842,1.6522570845192908,0.7470051329958278,168.66230168989665,74.61131584084585
ESP32_VEH_01,VIT_CAR_001,1.77134E+12,96.92147567287012,78.92473891347693,157.99008220520514,78.38886506084279,1881.4284641912573,66.82143380292283,14.001925542867736,12.682441591962002,94.10290928609993,63.71016324475657,53.01323201830498,28.826996814218543,224.74000462270894,233.78227155230346,221.59669308040964,220.51473535368257,0.5560791674630773,0.8344785811600708,1.1910076041293096,100.91557837496042,14.412738935902878,196.04578232746974,2.634730506135135,0.9523420749942884,123.76245846794218,46.01734424400544
ESP32_VEH_01,VIT_CAR_001,1.77134E+12,89.19846147040842,82.80314640691647,165.5808706372723,80.61141624474052,1306.8393409385603,64.49405373854454,12.90077881042011,12.609729904494493,83.14412048038615,19.569472792979706,53.919265809030975,29.684527569790102,225.85411249781288,222.59807774679655,226.30726585190226,232.0765955006175,0.12644276402753532,0.22234814021284974,1.0354479091178543,101.11535832968814,14.249896813053596,149.19867044922847,2.8636487642454274,0.6461813225712834,124.10383758185525,76.38556718519118
ESP32_VEH_01,VIT_CAR_001,1.77134E+12,82.77322313795152,77.64424793592107,166.1254222399435,82.46809841490965,2596.422034347764,47.86749599962178,17.530194888349765,13.042608981465564,91.43836931666544,94.19832896429654,66.98829665115254,25.361980825683023,232.91652410642718,219.60765176724092,230.96604308264722,227.74135878435897,0.45199234425009666,-0.759189123,1.0454097679142453,102.01194952884784,14.486076430185895,249.28461320555004,2.3951220150155086,0.6069433909317234,108.24840312810976,34.281271842883285
ESP32_VEH_01,VIT_CAR_001,1.77134E+12,25.33514162690395,83.46776943389033,163.30362584326625,28.785586722618767,1177.9654305483023,64.64474439,15.643468782615717,12.143485850331034,74.96720096923433,70.07284282900072,58.067253776953244,26.22868205,230.70943651553003,234.05348433039526,226.63518928758853,236.16828961472814,-0.255467089,-0.169947495,0.8595025563228869,100.90717087458926,13.442998944127474,96.89381408376084,2.018705493791219,0.8585647164001724,109.01234888265863,75.71787935906204
ESP32_VEH_01,VIT_CAR_001,1.77134E+12,89.50572698620462,80.12970073,157.67058599359152,82.57933458544711,2426.3376188984857,56.38471692542849,14.868313665558544,12.534225064649931,79.98115588863622,43.74593676715305,61.42053027851975,26.989255125627192,225.03919500618846,231.3815319099167,227.1137476,162.29313687513954,-0.289698287,0.37432161336267655,1.2214152172145591,100.92200694897619,14.395815813752874,135.90170026562157,3.386003702606547,0.7329764348841876,99.79381982580193,31.512274371229456
ESP32_VEH_01,VIT_CAR_001,1.77134E+12,87.65838158157686,69.52291015462337,155.94016948148237,90.62663185328545,5036.141045029692,129.67316243856214,10.966147782597472,12.253500238413997,88.75472920456252,98.72547537078884,58.041005257531154,28.43333504886496,231.4581017156512,217.41172014852563,231.7552677060437,230.53308199470428,-0.265619504,-0.991932657,0.8011976853268568,103.15605042750543,14.628827974952591,462.1889929156926,1.0647464451895856,1.3697133997651552,109.65131677507176,38.33736466334204
ESP32_VEH_01,VIT_CAR_001,1.77134E+12,80.42194311,71.67081949711229,159.8836507,87.14658674284364,2111.668653808291,64.73809546363152,16.692063965904957,12.120748452896239,90.94827509236495,48.41393468221928,41.0965779,26.38662285932437,227.44218463567796,225.12672791862357,227.76070187614107,229.39460546186876,-0.391314958,0.22557429707187795,0.8916150837925836,100.12157262718853,13.92933186919567,267.1969099091782,3.1318524334335534,0.47059713124694186,142.32126680383357,68.24994142004174
ESP32_VEH_01,VIT_CAR_001,1.77134E+12,113.2465951715958,82.89199651375056,149.8393759441964,101.4330125481698,2446.072347698394,68.39071526409694,16.636065221860264,12.157646014029694,89.11940502,68.44845413558195,60.90381215,28.10308083562137,233.33881059066596,234.97054431598966,234.66347615946228,226.28675478086538,0.5419250503459943,-0.173925837,0.9726846824984123,100.95627014076953,14.501727605938115,172.75898504889284,0.5246918033350318,0.8775278412671178,105.13368398202424,70.20319363
ESP32_VEH_01,VIT_CAR_001,1.77134E+12,88.30962933474548,71.30878986620957,128.74019248926388,81.07470276175982,2570.4998737601754,72.52433240335155,16.39520706416945,12.527906291866838,89.39218353025285,45.39531181806405,63.128853963268426,29.656979317952604,226.5780956170406,236.95926443174838,228.38256312042213,232.23778002550546,-0.521595555,-0.16506425,0.8587415904979281,99.82602919105854,14.772326741207099,70.92674216323061,-0.782388065,0.6392052706544396,153.09205401229852,42.61025449422375
ESP32_VEH_01,VIT_CAR_001,1.77134E+12,86.71581125049403,76.52484428215932,148.05585439361354,78.59891951243209,2545.616475314578,84.25587296421021,13.969667998794865,12.759146609483908,87.79764597802783,64.36428159,69.39391187609549,36.60106688882441,166.8827793763263,232.39849975769232,230.86061123431702,235.72350168532304,0.008456802,0.01566279,0.7538271155496159,102.66102824064278,13.98023911,92.39160696,2.794356151612448,0.5355956210618038,96.07350146795211,51.48422650817923
ESP32_VEH_01,VIT_CAR_001,1.77134E+12,87.40336638178339,75.28475783,144.3714030748724,83.82352929810077,1528.514357959867,73.05844466009023,11.600583645346315,12.600884058205956,78.54333952305437,35.607630241825504,48.98352940209076,24.572010842286105,227.84221022715747,228.83441776948106,243.03201455986942,221.82155690133087,-0.013170356,-0.224206389,0.9822681526888325,101.80624237220067,14.114630272023787,214.29344513626222,2.8001441496252624,0.8812230883304759,103.71002417408249,66.95662956859118
ESP32_VEH_01,VIT_CAR_001,1.77134E+12,83.29056271705801,67.48856941925888,154.58405375634294,88.21434370785266,2116.940516978434,80.02978755679412,12.84838269284208,12.761612390079751,87.47236657300064,73.12167431,53.07222143,31.096813741354406,219.8505098347504,230.20829984253703,222.70745054813094,228.48161686287924,-0.232963856,0.7162280476622739,1.4097092131527158,101.81636994437973,13.23535817342092,161.70379477273912,2.712306541711978,0.6520300038379375,120.42206207340983,74.79942050879839
ESP32_VEH_01,VIT_CAR_001,1.77134E+12,85.49213686397512,68.09091268,134.37619236525308,89.42575262507259,1952.2020840025207,67.25811473534837,14.935086964436302,12.57720632605135,85.67968663311692,35.388449849100475,58.100658754921426,31.792123207099458,233.86182551534702,226.6643278752708,236.4334586837032,234.3541744097366,0.7553608425447086,0.2613646184344757,1.5481770657539848,98.06239258435862,13.996632550034933,109.68685715159104,1.3412714789091136,0.7097611788766736,145.10488064873533,36.92357396466012
ESP32_VEH_01,VIT_CAR_001,1.77134E+12,82.33117390361696,68.64964658530438,171.12531337737894,87.94201657008162,2488.580861853956,64.96217118,14.367530408211946,12.571316664740547,83.39854208691177,89.29221470131206,55.655315235524995,36.63195291441978,229.50922744899012,227.5187266173198,191.36664474082997,229.4784504548859,0.7156582806414115,0.039693862,1.206176143866122,102.19052627558234,14.138489855016823,169.28526758419628,2.910741902509745,0.9198866902304816,117.02599368361506,65.16167358202195
ESP32_VEH_01,VIT_CAR_001,1.77134E+12,88.28956170749622,82.75812231694039,111.75723982716724,85.77339506,2345.018055537214,62.856353006229774,14.60931974951688,12.538971481380178,83.41993276743328,64.80523171,40.558075723450514,28.945067073760452,229.16862512517753,224.7349263785198,235.46643872520812,226.35198309011392,-0.160697171,0.5316179042912966,0.6864424130998483,101.95255971286124,14.086867690400615,128.45587788521408,-0.22566836,0.7885192779002065,120.84994066340434,37.90099199299631
ESP32_VEH_01,VIT_CAR_001,1.77134E+12,88.62546426145877,65.38614450587892,151.25074234190873,76.02139420884893,3289.2916203259047,48.99768027528415,15.40894557760686,10.878257558266917,54.55941545049684,70.01079688409303,51.83761254060157,30.910055343566462,233.5466394914173,228.8330626221764,234.44161676223598,222.60586240042073,-0.365866998,-0.706008863,0.9302085725259104,100.26506499924037,13.050097409921014,103.62031355894189,2.1145516041488603,1.0525176331401325,114.45235235662582,31.139150649857218
ESP32_VEH_01,VIT_CAR_001,1.77134E+12,91.45276491152383,72.85619891633128,136.34411818438898,86.76499445947402,2415.763219480025,68.59434484973602,14.091401514097226,12.542362775974837,85.73903797,31.15359165396781,60.28751474283631,27.610222868760086,232.63004456643256,155.89268455304517,225.79366884436115,227.8723081425097,-0.016447492,0.7696563956680713,0.9724397333430869,101.38485716692081,13.42558902844334,158.9767425871126,2.571763471609831,0.8060813194320897,124.92726742765123,32.005960598653324
ESP32_VEH_01,VIT_CAR_001,1.77134E+12,87.67810052913043,81.50359783077306,100.67580841783118,82.76355345,3340.7465384552875,57.43531295503469,14.889104310765333,12.34550578283137,90.60948893156075,95.19335466,56.41200902,33.07544316,230.09862211693417,236.1913550502733,159.44108984064815,231.16621706504966,0.20175723222463862,0.5190359390941596,1.337637281942032,100.29799442193229,12.731830924579219,115.47335469275748,1.643043931,0.47151721164274635,109.8277107065969,64.57288059744984
ESP32_VEH_01,VIT_CAR_001,1.77134E+12,82.12617054526683,82.21169811990033,293.6425294925077,75.72301595547833,3243.465251136271,87.88852143,15.946032833655588,12.520275243212565,79.08701132452238,36.554885738659486,48.695204665098174,29.20519428811779,237.66304515487718,232.14053670177955,220.26613374964444,228.36368578178696,0.3298978860811945,0.39332759248334437,1.11714582,100.90443272726446,13.464286549096121,173.2496223537546,7.790137726,0.65996375,158.8408033113787,49.09437497136943
ESP32_VEH_01,VIT_CAR_001,1.77134E+12,86.19845577700775,80.46982591566282,177.1890335,76.17612835065303,3384.3397059189692,54.49056407,17.746808041708945,12.87962381941636,87.73728264918145,86.77243580976467,61.45616945310178,33.005398256540815,234.31020050774924,230.64511263453215,221.79963358229918,226.2729481,0.16624392467842075,0.13524142517109256,0.9649049684524826,100.54971301704703,13.810732332452536,152.60765497513566,2.8836574426349744,0.864425788,145.28081664100705,65.24264438729935
ESP32_VEH_01,VIT_CAR_001,1.77134E+12,90.31770670058634,79.67333269389012,145.49717915150356,83.80043139413436,1620.1808839755731,57.48187070603663,15.662196239390742,12.643198514772749,87.64867708,93.63646163,44.29909435994878,31.649984488836907,224.56866071916673,224.6985917440043,233.3522662802279,229.76172036599624,0.025184619612465067,-1.21556262,0.977925122,101.94185465860059,13.56207986311552,131.83501059284018,3.4675716163870867,0.6700257024118312,135.95996950240354,61.475554814447904
ESP32_VEH_01,VIT_CAR_001,1.77134E+12,88.49546484605472,77.43264145022381,183.28897829646124,85.82664059896179,4337.000432196391,112.99320623009388,11.947724046226122,12.751804559959567,83.84299223512276,92.05226616587261,54.101542390025166,26.620243672656308,227.18908879197983,238.52285480108154,231.48203952823096,222.16791666415074,-0.382172378,0.7695968605653066,1.323842523016783,99.80453273669839,13.14323452833585,444.44906125757376,2.389644709780588,1.7228444109336616,121.63681305859795,38.979064061039026
ESP32_VEH_01,VIT_CAR_001,1.77134E+12,88.85551190531547,75.89415179,148.80421872032628,80.43684844544731,1978.6189568766995,62.97968606657867,14.45137099787346,12.393663723497683,79.03770438,49.93477155732118,52.785718662291714,31.412005117330615,231.01338866797786,242.7914230902443,228.70591922900738,232.91311443969803,0.5334627740234145,1.0833036497172406,1.2326120865440728,102.03050496768104,14.576466444922614,149.69526580766814,2.4656690028303876,0.8379604478667302,148.4787339473507,54.53508237469245
ESP32_VEH_01,VIT_CAR_001,1.77134E+12,89.75636488413424,74.88833592177298,135.54402740355587,81.11658347670196,3512.575863626772,65.85277093585492,14.534307850334036,12.244848065957777,85.80839089260176,40.41603310493918,55.401344913036645,31.150485345182496,229.37883463487879,228.02148084370302,228.8739505,233.25264913912446,0.020548487,0.6467245637468533,0.18769392494211956,102.68966949164044,13.263468350909726,110.1326334627494,0.5057116952154901,0.4649846236610539,137.29518717582278,37.44380093336508
ESP32_VEH_01,VIT_CAR_001,1.77134E+12,91.74752759,74.37867788910647,150.41982469517956,83.12679498095778,3138.5763153702287,61.48654048477718,10.768480105730237,12.725092964228391,87.18551335706485,14.770180470915676,66.52107435497025,36.65661742884666,234.73037774954966,220.99795766716198,229.5190173343198,223.69973250031487,-0.578579921,-0.064772421,0.652277687,100.95056508825262,13.737001666163149,153.91823402226413,3.390579241751791,1.0232071282563893,75.95343712426344,77.45862433710532
ESP32_VEH_01,VIT_CAR_001,1.77134E+12,91.26049242273587,77.24917057220853,161.57872168880235,85.78893116449163,3256.3021801260447,75.19273599477843,15.722824771290737,12.601392828561766,88.15376419660113,71.56476773637334,64.77060436967183,27.974767561384873,232.29029836725584,231.44824690420256,225.8354561888813,234.35276218492712,0.40020137110672666,0.7271804126929983,1.014189987553326,100.31764352233981,14.474686293075832,185.0901045366724,1.0805840560818296,0.7122086555256659,128.55273753366052,72.05852211262695
ESP32_VEH_01,VIT_CAR_001,1.77134E+12,87.37434564556689,70.65758436613932,154.3718469,84.53022933540733,2151.199556716287,46.63181850195609,13.68121116126105,12.636577721269193,82.23428514689213,74.27761138359614,49.91809938240402,20.365257645767088,227.94906986600566,230.46902602193973,232.76943497072241,227.9405956834305,-0.423728969,0.28071182134331735,0.9850992727012642,101.38524915197289,13.201282473670526,157.11483893519613,2.116965130945073,0.743998108,112.94426731382914,56.42806412132978
ESP32_VEH_01,VIT_CAR_001,1.77134E+12,88.32431174657998,66.72819110411297,161.06550869154222,89.50595522607364,3078.033229208929,52.22518479823697,15.083284149284355,13.030453567528951,88.35586379053065,36.65385301639695,50.431014528249634,32.91937322730281,230.34174310887371,237.3006002141541,222.68442524652994,226.3207445919022,-0.423125824,-0.723411342,1.175701039903099,99.95956622840788,14.576019888229046,121.61672161941179,1.9914257373834956,0.8520610575207789,131.94094445689836,71.05282501531188
ESP32_VEH_01,VIT_CAR_001,1.77134E+12,36.40881464932349,71.10610722060792,126.08748351575808,33.288843050441926,1074.6678786699106,63.50728318593481,15.750414968777173,12.17248456612545,83.71721306517438,26.897296435232196,53.19745700693176,24.56411892972046,227.5362693671431,228.14569639996384,225.06961545401344,238.1916997364987,0.3802579129552489,0.4928081133699763,1.1397861743615116,98.60096605513513,14.274368909069258,182.9955151617842,3.548208013749595,0.9854479666537721,128.81980482008774,52.46630829769126
ESP32_VEH_01,VIT_CAR_001,1.77134E+12,89.18553611539797,64.91268346181931,275.3969030291219,91.79699943961006,2824.453232745923,72.35093672622938,12.306288383432847,12.299764196645585,88.66257297386414,81.92581181747906,59.66737841592328,24.937832391541022,225.69792472227402,219.9530500866466,223.4612972691912,234.94553996423267,-0.230603876,0.4451646557166581,0.7258304140178417,101.5721499233554,13.43662716996152,131.26767218106482,6.306258378513244,0.5127675571580939,95.99051306073552,57.85932678502385
ESP32_VEH_01,VIT_CAR_001,1.77134E+12,90.23001873432851,78.97027413510534,169.65907597824696,85.55109125624517,3070.8403438941887,47.199269868266825,15.848952408306907,10.386724913694213,62.27803843155423,17.46090050339822,53.88274341,33.09008991011942,231.2094156369784,229.29343989120218,229.72801231108954,230.46835386167868,-0.740670006,-0.855227592,1.386776507736236,101.24635679011219,13.036748573446074,159.36101337998667,1.7363948131856486,0.461778676,120.02233438656295,63.98775938166747
ESP32_VEH_01,VIT_CAR_001,1.77134E+12,95.53404943,74.11513406891018,150.6877757334235,82.34974361,5806.550558280043,123.81512085394272,15.46066940018063,12.504841289382478,85.30968720894332,63.56755191633536,42.085470713370704,37.284230888927986,236.8175114045737,229.52777419954612,237.87434086280774,240.99389887615104,4.888173298689647e-06,0.088041208,0.9656085562855368,100.27071422250746,13.824189811555128,306.5018869046366,1.322690884300089,0.8699892055992576,137.3244467006195,70.82237192297606
ESP32_VEH_01,VIT_CAR_001,1.77134E+12,88.63940864303355,72.06613360082729,166.5264900698576,82.72758635056739,2502.3686171176823,37.03828463172207,14.769889785605486,12.514412293553047,78.57537840612177,54.00024724640527,61.30216046042766,24.62521947668299,230.14723526805525,234.94684867332964,225.9947911596352,225.01703440988877,0.30897068254448495,0.14809406668577474,1.082097464002207,102.2650895766079,13.954013787821264,114.28477743075337,2.0072877427747304,0.22619532898639366,104.72655633193258,65.22454547933043
ESP32_VEH_01,VIT_CAR_001,1.77134E+12,93.42531374843769,69.34612783,130.81796774184318,79.11015999,2192.0951422816106,46.53615581509263,10.439084768362207,10.931031980552913,56.010816748477524,39.73197346147193,49.04479225055233,44.14375154113373,227.4286685897741,221.27442704825845,226.56691176119378,234.22024282626757,0.8194516133141345,1.325427209673426,1.0909154361767401,102.7183576,11.935492909342152,258.0063793606815,-0.451300231,0.5105078777791772,115.50238764770249,46.92647422068599
ESP32_VEH_01,VIT_CAR_001,1.77134E+12,95.80581938944773,72.26426455896792,173.50179836981022,81.60966275190421,2174.8827290658614,56.02740522850709,12.176750048150307,11.001994059628991,56.47033925448249,49.680711849812596,58.24507481405789,30.70898128746122,230.30414391997408,230.54844980455107,222.4560391248641,229.32064854951741,0.3479041095627772,-0.127328647,0.7206079526394582,101.64412925025307,12.112278361236372,141.5623811723699,0.9962990738766548,1.0212030061456385,73.11690897019042,41.084245179996046
ESP32_VEH_01,VIT_CAR_001,1.77134E+12,91.70147892177862,67.30558299615416,165.6876678670801,85.49041520133096,1851.6693909471792,60.73496919837951,14.418781625271096,13.044939426117043,92.57234620039952,15.569688343898214,47.515661325873964,27.374465062219066,227.21713065868047,230.65628882311822,229.7061681,233.6470158700721,-0.348648883,1.0371531820923856,1.3418976804604565,101.59340560721365,13.765961648315065,111.19506003385119,2.7561716291284553,0.814236938,115.37138387874506,78.31610085147426
ESP32_VEH_01,VIT_CAR_001,1.77134E+12,104.38392021784381,72.04996759107841,152.3044977128749,87.99104779034236,2649.643944395804,55.430169028791916,14.096075756764913,12.63561319054868,87.28371864999151,30.708045008074198,58.56519737246802,33.528120362829505,232.3574885,226.79321512909468,221.03538897372138,236.5029914,0.7863992460802127,0.46222367824317856,1.1310839796822783,103.57446834224632,14.131664450895027,168.22020871202804,3.2298629362652296,0.5740804812880571,93.77504472157773,61.602171301384885
ESP32_VEH_01,VIT_CAR_001,1.77134E+12,129.28838579214795,68.92082649214008,164.82833399093641,106.85991885298286,3033.5841501874943,70.76242097,12.05222526158882,12.18187927514872,87.94737470862658,46.36046800080435,56.49581136738236,29.0153045,233.5140298118186,235.10569773552012,230.52604366110785,226.93461333414962,0.096252731,-0.064438292,1.4375642324447535,101.2872837976616,13.956832382898886,196.0946857456734,3.327746040043713,0.7506400437505992,105.00812178034641,75.35091483078943
ESP32_VEH_01,VIT_CAR_001,1.77134E+12,37.325865417676056,75.36887597606746,156.85709055094193,25.16785717907218,1255.6071722807465,50.092158954108285,14.544236250900644,12.784659624559724,86.15544061862826,38.42369928911004,45.83366383011093,17.327734523668095,227.45598967049244,227.7868271871923,230.04730944923298,233.19898955686824,0.402943947,0.19121997700645582,1.348258021160881,99.90790938,13.506318556521704,146.9461808095131,1.0134090983597892,0.42930994530898975,121.11659102323365,59.83827070597251
ESP32_VEH_01,VIT_CAR_001,1.77134E+12,87.63810626,63.28440886939106,117.66947033340546,87.47656252163945,2321.0046400321175,66.17001388,11.952427984905226,12.62088282471825,77.97145413115061,29.760257835537416,43.959188858891196,25.873094563329687,223.75393330409574,231.4099207215285,235.80350585970842,229.3651784513928,-0.566290045,0.39535359438615497,1.3832618708210471,102.54534261683374,14.073274755198858,157.5908936753401,0.1587313934942376,0.3353868940179638,134.49078206622679,63.00888444410341
ESP32_VEH_01,VIT_CAR_001,1.77134E+12,83.26248693890396,72.29631900789546,115.3219132894951,85.53724360140107,2830.9535232382245,78.81150444,13.784555954604924,10.70979269,42.017771835593095,99.59090567123289,52.58274604204854,30.79552481038495,233.94657702294052,229.92280404321696,235.40320478825038,226.17704757868407,0.4799312521768117,0.4934205381992404,1.109603286846642,102.00709877277541,13.019204140533283,220.6653254761519,2.4021575597452256,0.9597368883389953,95.76419644690426,62.378029517207594
ESP32_VEH_01,VIT_CAR_001,1.77134E+12,84.48257120690798,74.30669451199684,182.7421044823408,93.08728731386718,2733.6821592490105,64.84941253341447,14.149452403373402,12.526228795794523,88.72175781544124,26.323091601253452,55.27959409068552,34.678205913660605,218.1812274469933,228.55010866014547,229.71023996521555,222.43786084356847,-0.537071392,-0.078555586,1.5075361133509362,102.19342339872671,14.10225322111534,146.5237249711886,1.1239217695335362,0.5674371536377787,113.3443703710293,51.01266610571691
ESP32_VEH_01,VIT_CAR_001,1.77134E+12,109.47027220778666,74.18364887,145.41218544432155,106.3001652601316,1793.7229859571105,61.389779851427996,13.600270582563564,12.965494752683556,74.48512465139999,58.50772863671441,61.99932016431312,25.312414907896127,236.03940124742434,228.28157188130007,227.5483991449845,225.1716538281408,-0.473531816,0.3388722345425587,0.7252473788103562,102.41836464223236,13.327538862764012,143.99171538244974,2.9928110504605994,0.8332011810836191,133.72429527462452,59.39526704031734
ESP32_VEH_01,VIT_CAR_001,1.77134E+12,84.35408070103642,75.08971873598995,173.33158066852044,88.37752264009714,3103.2616488779804,53.95243414332546,10.503351275431628,12.642662462113485,84.79019825599819,10.952111959883956,61.85194616496251,29.887262117169726,230.4669330021185,229.18597300395572,231.40738667990027,231.4786995,-0.407588643,-0.266055457,0.9287084346498202,99.34028489630715,14.133586744518615,60.80970621382126,2.1363857570635205,0.6179392730488606,128.70994422318887,59.17806937910392
ESP32_VEH_01,VIT_CAR_001,1.77134E+12,89.09186542930952,78.56022906576813,165.16939253248728,81.17064645049359,2372.883256038402,57.52486133750811,13.69842498975853,12.593197512058133,86.7093437,89.79051694785234,58.29064660817694,33.03320277588255,232.61527930235843,227.77819541231634,223.7018198862867,228.1398922906906,-0.612209472,-0.808599044,1.003093243598944,100.7816535349128,14.124969779388937,214.81828037554172,3.3909941243664408,0.6801322677610294,159.77056749355984,31.17839778424726
ESP32_VEH_01,VIT_CAR_001,1.77134E+12,98.40767961249662,70.46149220840017,153.90197726510203,87.85379741640394,1667.877059,60.83276164838955,10.764093421456133,13.020651696498721,85.36749287,90.04857201854212,58.56789692,26.510740919434767,223.88424226679493,230.89834077397697,230.18706490771083,230.95177213457322,-1.173654794,-0.462420609,0.89628361,100.4107549936165,14.243325024608966,140.4809108995807,3.367666959671656,0.7845009920969219,131.60063816549047,45.09063329368515
ESP32_VEH_01,VIT_CAR_001,1.77134E+12,91.84560089336634,74.11609769998351,133.8290283415612,80.27676594682204,2254.7751338002026,53.41859521,16.351398255804906,12.161236260387643,88.80663381,36.188102563774876,52.09716427337864,36.49095683592553,223.27637739073154,234.01548428562003,234.33741447499722,228.22859343324427,0.056804072122410676,0.9493243126375251,0.8781057134203104,101.68933638947442,14.310079457821868,95.59221743819529,2.8545915894535314,0.6503542852240785,142.9835731676303,77.13223435105758
ESP32_VEH_01,VIT_CAR_001,1.77134E+12,87.91926029883676,73.21305028845472,146.20389124252728,79.90462315925542,2492.707916389216,76.97624540340135,12.379085118108696,12.601983517415185,85.05427744369696,92.51569478955466,52.95460234593081,32.56362221,223.4550535,234.30207085101745,229.30673949289425,236.33997798762317,-0.156390206,0.49998863998928145,0.7879614102195813,101.67920615464618,14.58387463314074,235.31094163174714,0.5377594639661267,0.6131368528547898,128.3626672647325,73.96468952584803
ESP32_VEH_01,VIT_CAR_001,1.77134E+12,88.55617943753646,71.73709824,113.87181172142981,80.98518197475529,2422.796071938476,86.56876341964526,15.298614191819214,12.314858117696224,97.71006687743856,63.802027294167566,58.03455190218689,24.66166071279011,219.1181870393084,219.43541583966586,229.16310427095414,231.52869391376626,0.46970462328295637,-0.083610172,1.287545188404148,100.75862435466493,13.821499722736592,121.83277399991847,1.7823502622371368,0.6700508471841544,111.3050847094602,39.353893256394116
ESP32_VEH_01,VIT_CAR_001,1.77134E+12,81.48518962885964,71.26727804168986,112.78244724904489,84.94538019,2567.8522462598517,60.541259801622424,17.05484337987743,10.631646757746896,62.28126393597891,26.727794735530086,51.24102570992341,25.413196849774526,227.89147983194468,227.77120790020484,226.5165578318498,231.5356773827719,0.562599973,-0.369477594,0.9950396687451742,102.65492153001207,12.565661516510353,141.25139691068907,2.195698221030842,0.6854066684111753,121.4898513836168,59.916592710812445
ESP32_VEH_01,VIT_CAR_001,1.77134E+12,83.15743318565363,74.25831304726799,159.44105575002845,88.90150035080852,6895.027406435147,143.34192482027765,16.92149951,12.679900899911267,88.84229013606733,96.75923465138708,66.35945049171666,28.51888864514476,226.78988854681626,231.6571561210487,226.7706904525883,225.54189618739127,-0.854328083,0.7057690910014309,1.029956206887975,100.76708066877913,14.592569629930983,609.3269087916836,1.0964475359342742,1.461633256,105.04627166488022,39.08573335801397
ESP32_VEH_01,VIT_CAR_001,1.77134E+12,86.94550465434203,77.12078655792732,188.14033863049093,86.24156126783757,2836.397612904936,47.54653606421205,14.48123965762156,12.998871772224959,87.76794463728967,56.046496761395765,52.291966515659404,30.326296553147422,229.03452782233123,227.56835777919486,232.4347709,223.2416243161523,-0.184076032,0.4198014131894656,0.7769674689252937,100.38136882364688,13.15885828324106,159.67261483437048,1.4318570462328881,0.5558538473238954,151.38801975569385,42.44222821884743
ESP32_VEH_01,VIT_CAR_001,1.77134E+12,128.9068983995138,68.61278261465782,117.38934946178605,105.00733689721919,1861.7624621864702,69.99551212787856,14.64996760664786,12.17800840384748,91.35557242982885,35.943785091851005,59.85510054273037,32.378819913886325,229.43378409583772,236.7347366510637,222.21072047270602,230.10957611481678,0.1954623831569761,0.4889203960565651,1.3164483215003127,101.23543789141638,13.215151668932759,63.79037054848004,1.691762342485902,0.9607776211605118,114.15535790788203,65.53268356
ESP32_VEH_01,VIT_CAR_001,1.77134E+12,84.88619901,79.71669503787022,373.4781980588318,84.84995985936608,1910.9291895461072,95.73558850302908,13.71230109373806,12.593204745535829,88.54268488600243,88.94541670715135,47.76469369205242,30.351092787135563,226.73167243024082,231.99950166661597,224.01491902123797,221.37681972678746,-0.210508529,-0.278262481,0.7936859739572975,101.01025883560767,13.796740984231933,151.03836910699454,7.190790556454564,1.2411298578802177,98.34383327950863,60.614272289539784
ESP32_VEH_01,VIT_CAR_001,1.77134E+12,85.31135096799146,70.22860603542377,122.33014513446318,96.71497557,2910.697929,45.59117076,13.380972931295826,12.242208612343314,91.04182551654795,42.26996131839462,54.40881390504982,27.15767086734825,174.68556801568099,220.59571232792072,230.47877463178102,226.64328256625734,0.5933279181120188,0.3081004041090817,0.552571182,100.37225918361604,13.456011529886734,215.63616685103614,1.6389399829211992,0.6214170859042767,129.77485923095196,68.93611930070031
ESP32_VEH_01,VIT_CAR_001,1.77134E+12,90.82106048854956,72.33438693,124.42640094721484,86.725059,2840.1333498045315,72.71223943637065,13.444575302961569,11.892545851406533,90.03967552,28.322281978246348,48.45848577874488,28.17763209665573,230.00421716131342,229.0127494003787,235.2461979790308,221.34864056477556,-0.036310718,-0.011575913,1.5519695554454684,101.36562688607455,13.928176516341919,114.02748242782974,2.104638966793925,0.7901532724564984,127.95471356389939,76.01072752908746
ESP32_VEH_01,VIT_CAR_001,1.77134E+12,95.59467502815633,69.25187596214835,174.62746807280485,76.74085144213393,2642.4770987618267,59.58942652711131,13.14540492850577,13.064125198032762,92.12183657918388,49.698447247551684,54.61397320120808,30.217735944879774,232.9800263482746,170.5284259151566,235.89806807654497,230.04485814865095,0.28081309971987506,0.18413846326487002,1.0210276364701958,100.6305774030437,13.83134428229046,181.8404515678291,3.2439677131071187,0.714583681,128.7506120738059,60.86413088
ESP32_VEH_01,VIT_CAR_001,1.77134E+12,89.64677968511806,68.86047885847738,151.3374527290488,80.91175581495044,2351.110608370101,53.60317028317475,13.596073414484602,12.146175867394117,82.55185684834441,78.14044648716325,61.11155841658916,28.604387262746336,233.83722032518205,157.7199950085687,233.04641863646597,231.10047744045997,0.41759869472310984,-0.412394077,1.5811878177156231,102.20061711687633,14.117275724946458,151.40673741825606,2.4509720631328378,0.9835507112997812,131.0218298284923,43.74096105
ESP32_VEH_01,VIT_CAR_001,1.77134E+12,85.15013217424782,82.53762087909634,104.38314706700946,86.67840707,3562.859643583054,73.53798023370447,13.19507195542126,12.524496950540641,87.13342940630076,40.56831281938136,53.70941637481087,30.752843225225764,235.4640524592552,234.3131923351917,229.75716640267478,234.0752563591813,-0.297106193,-0.061855145,0.5093316399145589,100.57562478455247,14.461454425487704,118.51612722276826,1.7071646161359648,0.7616050484013385,129.91413281945015,69.50760989088965
ESP32_VEH_01,VIT_CAR_001,1.77134E+12,101.9902546,80.74577346719346,144.42010068546995,102.54625373127121,2502.9901614354553,53.93062408323367,15.99672232773699,13.00741138801704,80.13199839401247,63.11125212271875,58.34775211607844,23.317534627631076,238.21989698633072,225.3521303293823,225.07291245118148,233.64488042493363,0.792937401,0.2148141918321376,0.8786130306846084,100.73047569515755,13.043161225667273,221.00906810437434,1.9050998542331992,0.6637471130854744,113.87391573882769,82.51542681060953
ESP32_VEH_01,VIT_CAR_001,1.77134E+12,84.93482836176977,78.52979246617167,140.3118574071585,77.81746097439378,2070.3850285387457,56.88734143594829,14.332626350612903,12.64326347854316,85.60131277303111,99.05001532469777,63.49486547572458,30.148928252963128,229.1063210914496,223.25251841097062,226.26315514890646,168.34819641083538,0.11184977348537758,-0.145924232,0.8283627876226102,98.83316856,14.342619157968137,247.03986621347798,1.9034342090037564,0.9724539561532216,94.88630373606924,57.13004701599345
ESP32_VEH_01,VIT_CAR_001,1.77134E+12,95.92424190103611,69.61561450245836,146.01521512887416,84.03046822063871,2103.380385302029,70.50014021994555,13.854101559761604,12.070538696389995,82.75075433375179,21.124410292567752,50.56985948543862,30.318121682575573,222.9961720408555,241.63902489248576,235.26001074224678,233.64196200467876,-0.012690061,0.33252745578348464,1.0106854484504835,102.98002986621435,13.74998378974794,125.70111522894787,2.535630374676502,0.5201513627594044,122.02468718055538,42.27887133641236
ESP32_VEH_01,VIT_CAR_001,1.77134E+12,91.0345536,76.66590658834966,122.67770086845265,88.51574898495657,2721.469917873885,30.32925788,16.123952751862994,12.772032323974077,85.03039944,95.50149567970482,42.108248155732824,30.725055038188255,227.70052306751018,232.31890664312834,224.98898774716838,230.95759840799477,-0.759236282,-0.447894489,0.6034859193570046,101.72685400642321,14.275839504229573,32.62361109250716,0.5306566267506563,0.6578414077243393,106.20470931430779,45.653248417285596
ESP32_VEH_01,VIT_CAR_001,1.77134E+12,90.68339046552046,68.89376370613225,120.0857526383767,87.30427559341567,2102.694971,88.22372498209324,13.051929316414645,12.670182421951655,88.72876546465181,51.117138233438105,69.41216210541201,27.25200013169741,230.9026258264507,225.61716785673562,227.5924538578818,233.82207392088682,-0.597127019,0.693767382,1.406188770952191,100.78146381673876,14.149998044642153,125.89845581512753,2.2819474934146458,0.7947229099803207,114.99573842930283,39.96188810900962
ESP32_VEH_01,VIT_CAR_001,1.77134E+12,92.67638807642626,67.66904076939608,175.1834204654612,85.63438332655059,1989.491139048067,54.730435379989856,12.506981862000908,12.22061448272216,82.98290036934694,64.62506346051461,47.17384557602266,27.618559150203502,225.34746995768563,230.17006842564643,242.45201864974752,231.67321038978216,-0.854121804,-0.103957853,0.966563999,100.5029601234688,14.512060166497594,188.9692437742633,1.9919072868801353,1.0001263875057638,107.34079790175309,33.652459016511436
ESP32_VEH_01,VIT_CAR_001,1.77134E+12,86.18845105236664,75.26011991862512,169.90593303751643,88.07594179821578,1740.268802114057,55.26556649909098,16.064410937084915,12.436684200996135,82.15193725146439,62.29576697633975,56.233536142448045,31.669476743442047,226.1020431742452,229.51247690979017,231.20908129473668,227.9046226219632,-0.194191414,-0.44288239,0.815172941,101.26022774412046,14.365013298774436,137.2970909931256,2.1973151810517755,0.7700784917504522,135.31963363958593,33.47085318521553
ESP32_VEH_01,VIT_CAR_001,1.77134E+12,98.78674400689209,79.40175173,145.51607331689522,87.92568432887381,5575.465282390119,140.80806032264275,13.475953627690092,12.93902094784427,79.27391978,66.34595771887379,41.79745378452133,27.27455804814776,230.34091981070702,221.4938090511014,231.00449170516845,229.33292037694332,-0.280094183,-0.223673337,1.6328264170582587,102.2963219,13.972764176052598,327.9749405358908,1.6538770222892327,1.3448556924224482,101.47651380511343,77.22183418208141
ESP32_VEH_01,VIT_CAR_001,1.77134E+12,92.25565298962181,82.18492175992812,133.48111522611086,87.97834938092517,1806.6762691231356,53.6831895,13.195036663976726,12.865109881514487,80.40303931,15.806251673082802,57.409637944437506,31.491411744691884,227.40172301632188,226.13628162444985,227.99711274807441,236.86337968735248,0.10665993121155379,-1.149895996,0.23358382848925874,100.12900413035548,13.892758441089729,137.5599739156878,4.436135304218724,0.6613708635798514,118.68826141666311,69.24726870341028
ESP32_VEH_01,VIT_CAR_001,1.77134E+12,94.20560971473616,85.70271511615626,255.23573491325834,87.04819236871234,3482.934565857436,95.25447774919297,12.52451817608598,12.662896298013067,87.17495493205807,66.03110121289468,53.10110016791541,35.04023400563759,225.77030476692732,227.23494867467792,230.3553718677931,226.6694269688726,-0.273329807,0.22815008161918304,0.9734553491754769,100.02450119008284,14.948475719105701,164.63762903355592,5.933860840052338,0.9405938574035462,159.4551074013702,42.163558627882466
ESP32_VEH_01,VIT_CAR_001,1.77134E+12,89.47398203877826,71.48959150953237,171.2324289591616,80.74881355490301,2001.468668776904,60.868819003857794,17.891536328038935,12.38084056314655,90.08083512831983,45.56358020801573,64.58747465,27.368163592850173,187.5156919556469,217.92946507930066,229.44363282620995,231.43779389746746,-0.739719546,-0.348181293,1.1876377768950126,100.21614474047337,13.678332494723644,233.94687564500413,1.255857660732059,0.9332143269640432,127.15931870820239,70.95078484341181
ESP32_VEH_01,VIT_CAR_001,1.77134E+12,91.48710416,67.06790152448549,124.81364771678591,83.73211525244362,2956.637254282493,56.212668372086924,14.11005306261254,12.695237962593064,76.85906186441656,65.62877624091817,68.80107804302361,31.81269360500142,237.0630649764982,232.91548508431285,229.2026059715161,230.27130573555647,-0.004926755,1.086446641173836,0.8400974513853967,101.90607459014025,13.74366373348236,135.24450529198919,2.1361299692823215,0.78903461,133.94254482442764,59.287482279509796
ESP32_VEH_01,VIT_CAR_001,1.77134E+12,84.66186279329605,78.87745201828447,117.2198627103636,88.74855391,2754.0874078447505,43.84911064864329,17.982556257230673,12.385574055901486,79.83339415,35.247092419186856,41.87661544985141,27.219961967456094,230.03396186574588,235.9678965173921,233.57485753792983,221.74257282503035,0.3595315699924468,-0.328375461,0.8012265390520443,101.0996512215658,13.91909427399163,141.5193277560051,0.2624025845407245,0.8820328938318638,124.2280221253705,55.56171465741855
ESP32_VEH_01,VIT_CAR_001,1.77134E+12,91.60196241295992,72.32619707905792,165.77401982301336,86.04317421918098,3131.203526817708,56.61372318157914,16.847449454502126,12.46205593879807,67.77691595897107,18.448473887420604,66.08280673996927,41.422298576992915,230.58924640571988,229.18963664472258,224.30375199173335,222.5756892,0.4567224795203237,-0.489946655,0.884833366,103.18619723975567,14.593482487502218,164.01755602701067,1.0709747727325523,0.6515976292943831,137.70130485816233,72.78970597682752
ESP32_VEH_01,VIT_CAR_001,1.77134E+12,22.26389712550111,73.14645608958485,183.15218875425575,28.39125923021944,1086.3519420421576,39.89988008523618,13.955829410567787,12.479331016448082,88.76327865460274,62.91029585203733,59.17518911928278,39.83279964882967,229.78063569196058,230.03011225025466,232.45588719777712,231.02278087623972,-0.168770354,0.5973011983998607,0.5670278164366263,101.4404921951797,14.785119636792613,153.48112809810675,2.246001829337608,0.316221898,149.56693127208825,31.109462862107414
ESP32_VEH_01,VIT_CAR_001,1.77134E+12,90.49082900820392,71.29956877329789,165.50966401394203,82.78786909125364,2488.2633396079086,42.939140961715545,13.406375590289363,12.496537013607673,83.56627233967113,83.26208824273915,49.13009072829401,27.89829918341354,226.42967781923042,227.1193387,218.0917314343301,231.23917965416032,0.45179431200938236,-0.554775799,0.5629239608993126,102.56252826207312,13.932776043428932,160.47485349065317,3.192635532309279,0.8093122331628082,159.3757094255134,76.76819282251495
ESP32_VEH_01,VIT_CAR_001,1.77134E+12,84.87213885061811,73.41529609043606,200.02530090471396,86.89663438634743,3699.091367805029,45.880904990270885,17.412041147263054,12.55351137760924,78.63492952119579,52.10295970269101,40.573272158924354,25.656553634142547,228.77098266420484,228.38310988675158,221.48482551291778,226.91206342762777,-0.205272599,1.0021277187399522,0.7674651760364732,101.83941207635445,14.046949380813158,144.67602859709146,-0.589587492,1.040000689063877,85.74243812750937,43.712585374932836
ESP32_VEH_01,VIT_CAR_001,1.77134E+12,92.31925140213349,77.31385134191258,154.82956089515685,80.58317968993202,2324.5781047026676,58.49684879759287,17.588845172308016,13.028411826687206,82.50980348487289,17.316644358858937,64.62733254799008,30.427305734594547,229.05234380531098,235.6470848484288,229.14481338622357,231.65876927125592,0.7929470038516166,0.012165380524645678,0.9125980062185035,99.56187195441152,13.322839313353423,135.20665171392562,3.1878965038516958,0.6553191421390926,73.33866704063973,36.727384914811466
ESP32_VEH_01,VIT_CAR_001,1.77134E+12,93.19574867240586,84.26131643,181.9818793984348,79.12099536625807,2911.432527516986,83.34556085262994,14.535783127868452,13.01460832316697,84.90640128283613,40.58870712122743,61.92460968955362,31.98460334981754,226.5577432177849,233.81172827886695,229.5086820054421,232.8103261770619,-0.098049067,-0.175214076,0.963823138,100.24636706106226,14.205621140650527,184.3214252324982,1.1003216570930254,0.43973893102608913,131.58848969344987,49.884547512566115
ESP32_VEH_01,VIT_CAR_001,1.77134E+12,86.69049553378728,79.70281921,151.82963971170344,87.1893332,1986.1530088605805,44.23330318054052,17.176587236956724,12.527159099393698,94.30337455583334,89.57349639150634,56.19200940232676,32.839640490369646,236.10208420757652,224.12091089894784,235.06434750077574,231.9367546286028,0.045568775,0.18015606625572347,1.4654996909575906,101.33420113136415,14.266279029619765,148.4020538306225,2.7244922730545023,0.7378487696252909,130.32332048027067,64.46168927642717
ESP32_VEH_01,VIT_CAR_001,1.77134E+12,86.34161562886688,75.10314783,148.8453539,86.72834680053808,2107.304387,64.87530616528736,16.81879130532557,10.062282040173098,62.22092413135954,56.003841667135106,47.65876943724865,31.502809780358366,238.67561563695813,224.11703228819226,232.78725246395888,231.53388925678007,0.4351615063587034,0.20148863405224865,0.6439520349947161,102.2808808857245,13.246873745043427,198.3147512390417,3.662071583,0.6866831218723379,133.5424901,66.59357809406379
ESP32_VEH_01,VIT_CAR_001,1.77134E+12,86.18727681331949,76.79664903905264,174.0979694198507,88.59717552706132,1741.6069253571864,49.39053909,14.266230910462864,12.515726416221742,82.62109829595987,56.284385294612086,49.40038612552052,34.87190944020319,223.70781617459332,236.1522478856177,225.88238677591673,239.6356554257075,0.21510437874105082,-0.646934046,0.8308126087679215,102.21602241276544,14.532010704013667,142.79031827142768,2.335427113768758,0.66551572,121.97977833441233,57.30807834343955
ESP32_VEH_01,VIT_CAR_001,1.77134E+12,94.86704196,71.42410862131793,134.47234579606507,82.95089434,1954.2595543206048,69.68782225969487,14.880090376006834,12.74297941673991,88.92995855425796,82.84164697542772,59.49250558161931,36.00555062141908,176.00706909727703,233.3966286095855,231.81607723553756,234.20485859856205,-0.350046935,-0.660502318,0.9285892997826801,99.46486059452806,12.91311330475033,98.17899913104849,3.2593490187706213,0.9908625015113741,131.96508260347272,43.35552539565674
ESP32_VEH_01,VIT_CAR_001,1.77134E+12,88.44850186,67.52064939624884,140.93177410964142,75.61565836,3444.1323622018735,61.97247609505646,12.829914051714233,12.211712100749194,89.59519543,89.39637969457287,51.19144960199789,29.582134342513886,228.4249250431686,222.85028441044986,230.99225742015585,225.30950733806063,-0.318859452,0.6322539225119748,1.325969302787987,102.08523573352218,15.022415759286675,167.3618760762528,2.068609672725653,0.6304089658539958,119.26667268910113,68.96818522
ESP32_VEH_01,VIT_CAR_001,1.77134E+12,86.08672617,72.47147676472096,160.74956932926204,80.93308689213885,2728.6644514483796,45.03600226094574,14.939944467810891,13.149657400615018,85.35411559175421,17.115382287921427,50.893569020971725,30.172980861288437,227.13365376449258,226.7525348243897,229.96142773052458,227.51162905013783,-0.47911863,-0.800842054,0.9476982432290897,99.24343802471596,14.393155520948426,201.64848412821988,2.610358118342687,0.731404086,155.4651249121577,34.016756267185215
ESP32_VEH_01,VIT_CAR_001,1.77134E+12,86.4792558,80.69227988396163,185.1840055306077,82.51728587271313,2022.121074311227,69.54828537196957,16.713774567856557,12.460379179085546,90.93627295,39.66520604,43.17701201851944,29.487005609503317,225.88994559040577,223.19457973978916,223.77065014871854,227.89428551187083,1.0743362578486055,0.5309772634523023,0.9959144991992239,100.79653545192437,14.587169601096688,31.43482911,0.774749322,0.7117545713046278,125.72240516866277,64.32820902814481
ESP32_VEH_01,VIT_CAR_001,1.77134E+12,88.91435688,72.77608856,156.97431737543303,83.73698067578574,2610.1599334707817,73.49749055043624,15.531200385398995,10.660497263638694,47.615387850982145,12.616415976287817,54.43383069104128,31.500025759439268,233.23202899193547,226.50452689844624,228.8143820706651,227.4960644923154,-0.52336444,0.4515820703778914,0.6240232695410985,101.94062621022901,11.984627110787374,110.45196329764477,2.255580001498746,0.755894202,142.93229135179385,52.37073374728561
ESP32_VEH_01,VIT_CAR_001,1.77134E+12,94.41486815658209,63.00362588532044,178.17075946880976,81.93510933352543,1733.5138887642129,52.31494086211441,14.07521690115335,12.420177987009858,87.54455572442447,17.113506097568788,61.43322128574913,30.736576722582477,234.3991123736536,226.7078792784562,227.31316468004462,232.97908832093378,-0.309105346,-0.527606498,1.1150024341446312,102.41807598358511,13.70994538742848,205.47256526876274,3.8695405791405255,0.8386223683927678,141.59494305405022,68.76411248789303
ESP32_VEH_01,VIT_CAR_001,1.77134E+12,87.88207294833249,84.07990558,182.13873282755944,83.76207522320065,2769.390244561389,61.729464673226786,11.73009666365811,9.809106462,61.92712600316959,91.64430724,60.82360223153583,32.193917266022694,233.72831451521853,231.76561427483173,237.03301829697395,229.25622905363343,1.0727421848267158,-0.219376447,1.0991865530524516,102.58596431379387,12.298422567046725,192.06715851780905,1.296582238109473,0.7245414702706372,103.58435679750319,77.33268264519077
ESP32_VEH_01,VIT_CAR_001,1.77134E+12,83.86934000654345,65.74974121978477,155.3954764,83.35910521208879,2281.681646241413,87.17790102144036,13.871258401709841,12.023699132016942,81.75876655803393,79.09828537912851,45.282149264292286,20.91441591090335,232.68116586982563,228.27109134847674,220.97409680010244,231.44556799728983,0.2349417872483583,0.36378479595715096,1.434378116844687,101.4556375552976,14.207580131063677,195.53698092463188,3.079756875291959,0.6001763828270772,126.4319924403139,50.99030732286222
ESP32_VEH_01,VIT_CAR_001,1.77134E+12,91.75643629729008,76.40353730206867,152.99572040252977,84.88095458208431,2388.5077788040444,40.44483239328785,13.82517254282899,13.095313278273427,87.10015091787702,17.81611984305752,56.91305410146644,30.90522316176703,231.8415420109188,229.31202825691767,224.04896698497254,225.32483066631943,0.3011613330374507,0.33275026605169455,1.1480829163464696,101.97166414841418,14.974022643698339,190.10434556896257,0.7309833415202309,0.891916296,101.75363913160359,67.89009704829726
ESP32_VEH_01,VIT_CAR_001,1.77134E+12,89.73286653873511,75.72353376637051,124.1200247058934,93.78070906205993,2033.5732235549367,54.09758844113744,12.146350198686909,12.698625874781717,83.27922057058481,96.29875177078773,57.96274613426752,29.745231467784894,227.61736712110897,238.60717363601512,225.87433601414813,227.38241471765116,0.4091837637974235,-0.733261276,1.3593234678867372,102.02636277167521,14.776761583461882,306.06990731393137,1.1754836575391214,1.0411459334792141,113.08913703777546,42.93256374580797
ESP32_VEH_01,VIT_CAR_001,1.77134E+12,83.83531212171299,77.24546656017179,134.64655752308252,83.81213330237695,2632.267599843378,67.11104542942921,13.558081664485165,12.550868540591162,87.49894193426995,10.90055776684669,64.96692268,26.28095259764801,233.44131513009867,233.26857193996457,223.99507620468032,230.9905082380927,-0.210226853,0.013632275768927915,0.6887256730988396,103.25116214963982,14.146934963827446,125.04390504240992,2.039257675181872,0.6986592017585769,95.74569675,47.05176906560142
ESP32_VEH_01,VIT_CAR_001,1.77134E+12,91.15840636316665,74.79439987306448,166.4006941,86.61073326046842,2128.518095927884,48.44801627199847,16.670569191212472,12.59266132284628,84.51757493749818,23.193067558297884,42.300210302220336,39.855204681777096,233.0487963767995,225.84543953531798,229.30757773327716,158.8335351895754,0.037130458426786105,-0.529413009,0.959094024,101.90185412544328,14.778985368330709,100.03518790201267,0.9867510284504857,0.6200183690736629,123.79313357718135,61.584337614639935
ESP32_VEH_01,VIT_CAR_001,1.77134E+12,85.31860017,73.85823666789597,127.30067672514488,92.10595978233184,3631.649160876363,47.071716057870404,14.36996302126241,12.231988363801317,87.00078914006531,17.28107554,51.43956812696731,28.818123506061337,233.39470683059952,228.11047581654327,237.963188,186.7841029624605,0.093440604,-0.06642395,0.9284638610489525,102.87713343826053,13.714609314657192,205.78152148356014,0.13670137871483434,0.7351753444768514,123.19469367992536,68.76118584010867
ESP32_VEH_01,VIT_CAR_001,1.77134E+12,87.11520616652165,73.85443366400617,144.46502844968543,83.62637116893389,2457.106678768076,67.21617562132955,14.749592872861271,12.256642981063637,90.95504845220104,97.66463414504975,40.87694015917097,37.509201776547435,222.43240292747655,223.7894144,227.39673910664862,228.13106640436453,-0.28449785,0.5058167068132294,0.6478111785110655,100.06646678935945,15.021460541343433,190.30597952286217,3.2011566523895922,0.6564249390432448,143.9335973500223,63.31526598302977
ESP32_VEH_01,VIT_CAR_001,1.77134E+12,80.87162223003553,70.78066277027736,177.01456377102195,86.44547698231524,2855.0509766007617,42.15480464368057,17.150943122783715,13.157842240077334,86.44130050089476,62.96329166875026,48.92833295744579,37.88782109532008,230.99150655646469,230.6173983799428,234.11335987080454,221.91079987496832,0.0579294,0.060718053152601745,1.1834875368078097,101.45274551992985,14.209717005074403,148.41924835305392,1.9981424756551007,0.29716341390234374,114.9944663846842,32.743918602024046
ESP32_VEH_01,VIT_CAR_001,1.77135E+12,89.02491431742712,70.77738305927397,162.7242505430014,74.10141236465194,1683.1428299252866,60.316923096610616,15.759510276330566,12.221074842828074,85.25665594790003,62.01082423202806,60.28191451606514,36.48232185477045,229.4220531,231.8950899021217,232.97656294690762,234.0763411333998,0.6884554921681062,0.14965239761223645,0.7975376298982266,102.86081305464461,13.699198037924454,185.96825776729972,2.4214307471174594,0.6998734910085326,142.11485817312033,64.44861769608566
ESP32_VEH_01,VIT_CAR_001,1.77135E+12,86.97158959491587,74.45485544709193,235.6179056416689,89.31096142,1515.6356492829937,95.72076560446543,13.551012483786627,12.962032510523546,82.74365014287717,23.95337565606296,40.86576852623621,26.23769848,229.73668665750105,233.11607698531566,229.79970666289762,238.81113732363454,-0.227351755,-0.080064551,0.5180338086294891,102.66802879355394,14.91918757769016,183.8067312,9.788042964838885,0.8423776576325448,120.23956301470726,32.75049432
ESP32_VEH_01,VIT_CAR_001,1.77135E+12,92.59524093869562,80.08583086808555,169.58221635759872,83.65972337367232,2488.9874905625516,63.673340366710455,16.391058216989705,12.208550121963798,85.01227662246409,78.46964089496697,41.50650379176891,31.285380424078895,245.74652208157516,230.3268008902622,233.62796101616613,225.97627589240068,0.2168919368796384,-0.07720856,1.1289038298183063,101.44837913869311,13.943108606379537,147.07136135804808,1.3181092889373027,0.9099530228823938,101.96676923291479,61.190906977834054
ESP32_VEH_01,VIT_CAR_001,1.77135E+12,83.98471205786133,66.11713657884773,129.48000520918694,81.90754466841138,2672.8515662417003,65.19012267774674,15.178529080666774,12.985642735525992,87.91860923012759,52.44171059473723,57.35588633198954,31.76528564317032,228.88654106999692,227.68131418278838,162.0850152602331,232.62381587556723,-0.054915451,0.6056287142149193,1.1351410716385117,100.92300069077059,13.922817159489119,145.98404401049297,2.8686380535039553,0.9821334802479145,105.56305397295701,34.51805972766588
ESP32_VEH_01,VIT_CAR_001,1.77135E+12,92.56387003726955,76.24120970838555,146.83998038253858,84.94176439,1831.9302031426332,70.09135194779084,15.876765971391926,12.461179440904047,89.52496087737921,80.90442871643592,54.38945474213821,27.221107857254147,226.99862469057845,230.8801904949174,221.87845674072258,230.4005395,-0.452845218,1.2346033367229554,0.9799838767810174,100.52566283767092,14.38145428114833,108.76090691268698,1.8127953729171358,0.6318421407970736,131.89493229250627,55.959661244139774
ESP32_VEH_01,VIT_CAR_001,1.77135E+12,88.54825936699514,74.62560097545646,157.6308334,85.98197362321561,2902.322402477183,85.36713076358308,15.456898960053307,12.708686906772348,74.62847695369992,97.77822190240722,55.34647188699506,33.1058106,227.9103331749541,230.5834278201216,234.7999567127522,229.56155774424025,0.045910661,0.45641642426932644,1.0908390683485183,101.48708166819415,14.408716196817192,94.70790512012879,1.5542404485942403,0.5614201715393575,95.10295930814151,51.46649612447736
ESP32_VEH_01,VIT_CAR_001,1.77135E+12,91.40005225936021,80.67906561897088,139.25688446211322,80.88902755,2449.8140883912897,43.80753587127533,16.594536538599826,12.368276220403976,80.40737847125872,60.27049492,49.452448354493384,34.37045311421938,231.30636004593094,226.73780383350794,218.48666517250518,234.44237497927014,0.15747945597853788,-0.123148058,1.149578043,102.1054385511683,14.597781142584994,159.08591710809037,3.5572899010093053,0.8118274390087047,103.46694976245806,31.69475702888325
ESP32_VEH_01,VIT_CAR_001,1.77135E+12,92.45581811580618,70.10655139552682,141.8180908,86.96088405502896,2697.910021657796,64.55400301872355,18.30179755,12.606736783025912,83.87812404408169,59.44612541077985,56.09993750805686,28.93262717893677,223.46894052243985,226.19207028182163,238.8723165854415,231.78822156874605,-0.398034656,0.591646346,0.7270299381580271,101.84118198027696,14.685994179138993,199.7934767398235,2.7133008986483356,0.8493530751701213,144.2894147929003,76.51552939807806
ESP32_VEH_01,VIT_CAR_001,1.77135E+12,81.37192649999625,77.34633146712282,170.2559029884535,83.80887848529238,2105.920717157964,24.680044884279383,14.256334575638888,12.718863590286043,86.34555802952212,88.20152087859903,66.32407486738865,28.271475626017335,233.12128753188628,231.80093011546123,234.6976348944382,228.85460617742712,-0.824311867,1.2270083767882567,0.7363978334269284,99.84195115279483,14.367264793957796,173.46144516923647,1.5914005545886325,0.9099678307366735,116.07006566211822,76.91549372
ESP32_VEH_01,VIT_CAR_001,1.77135E+12,88.09015289387199,76.43739864462927,143.39593707616655,81.06517085187039,2933.3460229006982,80.11575792187729,13.06521143004979,12.44421897905299,84.27514578447239,57.01757117838754,64.23300325,31.169495497805098,234.6100462648812,169.95417829044555,228.56196923509813,231.93724338792362,0.3932065171679712,-0.043825625,0.5248248202365997,101.19763591946673,15.026145045907672,118.69879329320717,1.3037723919610968,0.8356400170483038,181.63233986995982,41.31380498055722
ESP32_VEH_01,VIT_CAR_001,1.77135E+12,92.44663400501412,71.31265806299241,157.6522344878083,97.02428217519659,2211.4262636126814,52.28519523,13.255680279545196,15,85.69554533056849,52.64818035810684,62.388224407209876,26.42121579370255,230.65433052669917,224.27755584999474,233.74475047591784,227.31414203068596,-1.35873175,-7.208224543,5.994007618786217,98.63988778234317,20.643168675034985,218.2668921,0.4366510204587626,3.590670678046555,127.84340820559996,33.83234248224751
ESP32_VEH_01,VIT_CAR_001,1.77135E+12,89.58765948201305,76.24989351449922,155.2157268800793,80.68851075728998,2346.383972944969,44.65852856154436,15.896933939241814,12.450863982392695,86.59572697529386,30.319700432447583,64.80991217396638,28.280825524864547,224.1329325070906,234.15430885949834,227.10198959572827,229.3563393192548,-0.076655821,0.060413981,0.7047995449221405,100.62635415995034,13.539342374041274,159.57804769949814,1.628433643,0.6585884108802356,125.24548511452863,68.22387307353432
ESP32_VEH_01,VIT_CAR_001,1.77135E+12,97.79158238616904,73.36891674867915,158.44181040992515,98.54903169329683,2337.0241789833553,63.83597599560565,14.873391448893626,10.647448531021107,53.15331853521171,34.158313702444076,69.02783065968734,32.46135659860156,232.20720123739815,232.80399999582073,230.48736832984156,228.76366567433604,0.04003847,0.17098545971149848,1.5341156774622826,101.49498854312539,11.918266840852608,126.8564072706337,3.120573951,0.3198759354189179,121.04493769538632,32.42176251383458
ESP32_VEH_01,VIT_CAR_001,1.77135E+12,94.38120625445103,78.46270596205242,193.81429797092625,90.67673184640356,2543.2772218813598,53.415819587692354,14.370387364667835,12.930873342227681,92.18142568455043,64.21131995110474,58.37293660962857,30.986572219708552,226.49937842137658,234.53726908912998,231.00985963802677,229.7669057034362,-0.339035233,0.12011734543387219,1.5676572877694683,103.54962033305738,13.079850983959936,212.97051645993366,3.6154091399689827,0.5057188439083661,110.76388042939179,75.27328874424262
ESP32_VEH_01,VIT_CAR_001,1.77135E+12,89.60902585345042,71.55175618140929,111.50076446955832,78.29309925808634,2683.179075563587,63.07701455810327,16.49464575409878,12.024888532367855,85.12520899359382,88.91213173573892,67.04805400131863,35.28864706547859,232.75846309212312,233.33045367213813,223.58003499472332,230.28282770770042,-0.079587017,0.33918727257519554,0.9714022332293631,102.24330555056068,15.233256970023334,262.98262,0.5720112725347608,0.8643630245964363,110.08509269359739,34.69601426918096
ESP32_VEH_01,VIT_CAR_001,1.77135E+12,93.69369603845544,70.19690623044683,115.26677923981718,85.02115535,2770.516388,53.92879049284521,15.935515823585169,12.423133190297301,89.82450340991772,93.46433400522548,49.92090591953105,29.38389909841426,234.48230022148965,226.25907290422344,167.29994211799573,234.9734477525945,-0.182441136,-0.743962174,1.217833752619173,102.13885947980498,13.665149158560174,205.71678248115768,2.2417002394838104,0.777324398,125.48511775726749,68.01436073961838
ESP32_VEH_01,VIT_CAR_001,1.77135E+12,88.42193825928209,84.53276305315198,158.07917181477143,85.28115494856876,2558.1771671422475,73.28697562960993,15.396977711655458,10.852402928474376,39.50106344902191,88.49097536,66.49985794567502,36.76453356403624,228.12503287564607,236.33314146299128,227.79012557466243,228.50087693623774,-0.284677812,-0.292607398,0.7808087344272089,102.02308413824284,12.319750437054447,133.28557015943818,1.311593631539423,0.6112916321784697,128.93956898790788,48.84842266255134
ESP32_VEH_01,VIT_CAR_001,1.77135E+12,93.17400509326072,69.62343821150365,145.7369991012379,84.64576224288773,2517.4526381961173,66.42690402101829,15.945431742735689,13.041983318380892,81.82054868044467,24.067002614290452,57.901347341126794,24.09483155137069,236.42564204414262,235.88699008361226,236.69445071029207,235.36571296302378,0.5605459945430298,-0.256670377,1.0489758802242273,101.34086153971194,14.012555130345703,113.4227680581676,3.6038218227704073,0.46058021047935627,118.89746764411112,64.34079401177515
ESP32_VEH_01,VIT_CAR_001,1.77135E+12,91.67805122073771,85.20587550353696,220.92812631150224,90.00222830374862,1907.611507604562,88.40251984970773,13.024056194090445,13.38669043754634,95.06954826080059,69.16907199008881,51.14345341767312,28.719071,220.78587996138563,232.87236387348585,232.42407158371057,229.84309032127453,-0.008200013,-0.87072061,1.1666174089878865,102.31979369512108,13.397938068484196,228.6226584120078,7.452675124305033,0.9949544028378234,128.36287990525972,57.02333493616676
ESP32_VEH_01,VIT_CAR_001,1.77135E+12,81.87832213378503,75.56844313609217,176.4225299784751,80.33237015443932,2598.8853832859395,62.600739105165616,17.03838085491898,12.492385522534091,83.19869407287419,29.873161685259696,49.985365168105055,40.81643574931516,229.4614336267328,234.3537983,236.74369059046103,224.25349266257703,-0.318173593,-0.35079681,1.075918624486067,101.28815199958322,13.650626794559809,198.87873671255912,1.7377096459922703,0.7100112209181441,166.05318934640798,69.38055177018975
ESP32_VEH_01,VIT_CAR_001,1.77135E+12,85.51539569,70.28955264,183.2182544962257,82.81098846847321,2536.530646120191,53.70994091635016,14.59259104407937,12.448318294347414,78.73158762,42.66681937030341,63.53069492808277,34.73294131822387,221.9771130130518,235.2463732305694,232.17913686278018,237.2607117919595,0.7359083494845063,0.075510611,0.8481168919480779,101.74807298990747,13.576757735879784,172.01063524724572,2.928716675177275,0.6783118465959161,125.48229211094076,74.97488813011644
ESP32_VEH_01,VIT_CAR_001,1.77135E+12,93.97445697,81.60328743,155.06912283714476,83.92570716661076,2168.840644926914,32.29871166000648,16.496022698642165,12.308094666817885,87.04223047842159,76.66331884136011,64.61413981911362,28.317509301254688,229.48929278048143,229.26734620534205,225.98450439415248,235.54395996720174,0.29721243927495944,0.5703182299966062,0.9921061905439961,101.76470134997224,13.243740863082762,144.02691391150222,1.3059887990253614,0.5426314293900977,126.74341436488622,76.37263611665475
ESP32_VEH_01,VIT_CAR_001,1.77135E+12,92.69013001326498,77.00198047272069,130.0063064626722,84.73966248,2337.8335551780515,52.89170406119168,14.249363993153041,12.924733814374502,86.95606986,68.80404347227503,56.02512102037459,33.89586385343395,226.18737908378196,228.8895736876008,232.0018204739106,233.84220626955866,-0.466595892,0.8009988375926862,1.134143812297341,100.35660154589546,13.829283384790097,165.71037089730405,1.5495704579440939,0.7513307382403873,140.25549408857876,45.29366429533292
ESP32_VEH_01,VIT_CAR_001,1.77135E+12,91.65500674758923,78.51104088673777,122.47120266989694,87.71309817358714,2849.7863287885666,67.25029002624255,18.775848169075413,12.72088369037198,87.53628375256945,52.52841255,41.576248420833956,31.096468278942975,220.47481159102864,237.60628793954473,220.8723384844659,227.35697505053045,-0.234878904,0.2814717934856331,1.0541545421684968,101.75884743170782,13.893583134742094,169.03274140817297,2.7001587396978834,0.8697574383365566,142.62931370777778,37.13509576536272
ESP32_VEH_01,VIT_CAR_001,1.77135E+12,25.928582565339962,69.62537335589838,144.8741129124371,23.28696654574843,1124.2089023120775,63.17968091627995,18.35744412329262,12.906652090028278,88.38535794613793,68.94714387,53.170021999825934,27.75707314965932,230.41239083437722,234.1209322760126,229.08030177208732,230.05793863242846,-0.78921168,0.5928935794132072,0.5141959428523089,100.02217629607759,14.37760473552605,171.37110008848043,0.23004783242531457,0.8325494755875137,122.35145946145089,56.44727697808038
ESP32_VEH_01,VIT_CAR_001,1.77135E+12,89.77812322441123,75.17706411353986,156.83422496851557,84.80662419112616,2468.5807321064326,66.38574519587783,16.148971881040794,11.605793040619856,88.87884266691015,49.16776109896239,69.76546871,27.289658533131266,242.7495270678561,233.2774817,231.22095873200638,234.55597054892849,0.4163418349963027,0.32975633455881503,1.1046473361542823,101.6412261,14.148454164484548,119.64583156569915,2.1545665812709105,0.828809722,110.54975084761955,47.705093621737646
ESP32_VEH_01,VIT_CAR_001,1.77135E+12,88.79852653,71.20378855860194,137.0086755784548,79.40618737344198,2667.933046245236,69.93232342109958,17.215705244149536,12.59595655457178,79.78587176579688,59.04737642597862,55.559471111562644,28.461670726009473,221.34764553879864,228.70664601023967,227.5860144807315,227.2842566880587,0.6838051362265272,0.7375129979911341,0.9137789958470821,101.09044337224664,14.585154629237495,112.24704105191097,1.6192209932803852,0.8579699756274727,149.45030785153054,51.42699191495117
ESP32_VEH_01,VIT_CAR_001,1.77135E+12,83.87556837386437,71.39672159599759,143.15612037550184,76.72611692746075,1932.6172939416151,68.12133635198762,17.80010808,12.51532756109636,89.06822834258642,90.67647834141965,42.79080866351035,29.06717461479937,240.6020801103815,228.25046802645954,228.27826339333632,221.65337571418527,0.27042073970215047,0.076072288,1.1610884297983772,100.55039336936687,14.429160168506606,96.77505781874137,2.032841268426054,0.6950808535210882,110.21562657796207,54.561330513483014
ESP32_VEH_01,VIT_CAR_001,1.77135E+12,82.05548296135545,79.56535491835284,129.3231751,83.0813664,1836.9593022260424,69.29198642,15.04080074248909,10.852816274025496,50.14249062,25.81787268943688,51.84549320345743,27.346096541101907,232.71767532249518,232.75852369416975,229.7235185987441,221.9347640967034,-1.014168973,0.27597338359722057,1.185609787788724,102.08587865821325,12.645302056997147,149.2076056528627,1.220119795124519,0.5737077548642703,96.51102593081161,70.03459639123683
ESP32_VEH_01,VIT_CAR_001,1.77135E+12,87.39332314594448,69.33279307,110.92913903999828,85.42114439,2569.9673849129244,75.01818136542151,17.40673764,12.999902967659274,86.95571094387252,16.393701964298046,63.93343891539783,28.29398939693854,235.04210919779123,233.75154548025088,227.11349625440522,233.33891605757952,-0.438661619,-0.46554575,0.9248727762293922,102.04608814055752,14.395922519904435,148.42290172158158,1.2655243787737227,0.671912382,127.48442111665035,31.227326013412494
ESP32_VEH_01,VIT_CAR_001,1.77135E+12,87.09186674681585,78.68804808427919,118.83809771590003,85.10491806,1814.093342588103,58.494139060213364,10.459034057520704,12.757427462737894,84.83971257744643,53.311110831933306,58.269685880308415,33.77364185357355,224.02583410535382,237.4164321,231.80583726160327,231.3069165441603,0.26617817974483726,0.47108986526262153,0.6395192492484121,102.20334334053898,13.934501754183307,116.05512532269947,2.730081336,0.5724581533533641,128.58935249574625,41.119743004577934
ESP32_VEH_01,VIT_CAR_001,1.77135E+12,90.87391621465932,77.30055576632988,110.56413125010954,82.64725723992977,2743.2709212130417,41.065074725755565,14.966088165135817,12.511245147214636,82.66279568491592,68.29114861154014,45.76885116220538,34.33052896954628,236.29828326216096,230.49454408951803,233.66272093811904,231.95714044217706,0.18984663864502396,0.069942028,1.3659777952443521,100.69032691841146,13.887110919793036,136.18128393126614,1.356865998273527,0.4700637519102199,100.9281719784826,71.37605851019978
ESP32_VEH_01,VIT_CAR_001,1.77135E+12,92.28092550158641,81.86454382,112.1583338409477,76.39991150030167,2672.419385625549,43.58033441114625,16.248143621244996,12.196518471889972,79.36159675681415,33.10651695,67.33972410673277,30.74428927743898,224.68964939346006,230.96858607122573,228.10203827198018,224.8077993881734,-0.205589783,-0.317560529,0.9716654626094576,101.69265364379665,14.69467857,151.91934552133424,2.838282900042701,0.7456032336317113,115.01953494727664,31.906632925389772
ESP32_VEH_01,VIT_CAR_001,1.77135E+12,88.83784136384548,83.35137036214464,149.78757896512874,85.05242199984627,2563.0075864888045,52.830870900949805,13.815604806527727,12.313908918302369,91.21619828662543,95.99113307,43.216221640589445,29.29452887750387,229.71535513112403,233.19519310265463,222.1246609608249,226.18291570892018,0.8668304356457937,-0.427456907,1.1456516968266925,103.8763473733191,14.104374446642533,168.9191043752698,1.5131958584948724,0.4068899475634813,121.61835832238611,31.833249394720347
ESP32_VEH_01,VIT_CAR_001,1.77135E+12,85.92396793153736,78.72641436341816,179.70703203582954,82.95132008,3056.440820829901,54.22981353353366,13.020288933365187,12.447921364664316,85.65792185613721,38.27783899525019,40.83479861851643,28.96263049989149,226.84948228469676,230.0356953265829,225.0586285,220.18992876672561,-0.304385986,0.6798069360497769,0.6400337143266253,100.07558475901243,14.558996986842427,-9.662628889,2.316646590279262,0.5938407365963242,109.74386464215621,44.54493745397215
ESP32_VEH_01,VIT_CAR_001,1.77135E+12,93.68105343600192,68.03481074,155.5852564049493,88.00524362132184,3010.414686787252,69.5348379,13.499786465459248,12.646673648426919,84.19624034809166,24.59410578,60.67717326112846,28.35412646696136,221.19011694561323,237.0423597078598,234.83130188215458,231.72241190512327,0.38638654834053027,0.8002306123674837,1.2068742255994775,100.14875738308828,13.508848763246903,188.28902161553373,2.1996039023538683,0.8839458247889809,98.20085755148153,60.923470706820176
ESP32_VEH_01,VIT_CAR_001,1.77135E+12,85.28717705017547,69.41468672600836,135.0386069182058,79.82481989532707,3090.0550591327683,44.91496297473013,17.987658755819545,12.227707749732627,81.39338219843944,36.10274891528555,66.48754072716355,29.003679649204354,216.90804481827078,236.14538374320944,222.22915467512414,233.15546178765686,-0.303941512,-0.144703643,0.5308522425531378,100.80822383827709,14.352722631042688,189.19290879873614,2.5373865945094036,0.5306438953216203,114.8670736929713,31.294362135058474
ESP32_VEH_01,VIT_CAR_001,1.77135E+12,93.94967653297655,79.13683541321495,170.75996670503287,87.55392625985064,2759.262288873641,81.98083921,17.419251863609677,12.607113043383151,87.64278728491473,35.744950091706784,58.842054030786116,24.365008834431833,225.38746823267772,237.43024353632575,228.34988491121445,228.39575707802953,0.9042722732651005,-0.425704293,1.2251152667349543,100.21395010847687,13.431626156999439,164.66455788710684,1.538897973,0.7746775502943404,117.53744429807811,55.21530466713408
ESP32_VEH_01,VIT_CAR_001,1.77135E+12,90.79128258709471,78.79535904,124.21584613460513,87.72201790145901,2735.358258495966,70.84142177046968,15.323343538085897,12.40913570230144,82.42289499953618,31.249054855817157,66.51709646130567,37.686520561827585,223.24966854066724,226.0763631613332,232.23199468089135,233.60283438814625,-0.235711241,-0.5940392,1.2177493795804866,100.15202192203402,15.004238844560136,167.49971113990105,1.476122940977545,0.7379858911393856,110.33216101793619,42.527928082389636
ESP32_VEH_01,VIT_CAR_001,1.77135E+12,80.85028411124833,67.23440787378469,150.36306232597556,89.65207196910804,2460.959604823936,84.65363546610615,17.406754096599222,12.18928435873418,79.96032695462394,94.74054101518574,53.43332612972145,29.813023237755033,235.98061601618542,228.59535863237227,233.9969260089334,221.92576567993203,0.074412033,0.4849590445965905,0.7379726070059127,100.46761705080043,14.987029343408159,153.77341638877155,2.1255589764166567,0.5094992769534192,112.01423840237359,49.48831361861829
ESP32_VEH_01,VIT_CAR_001,1.77135E+12,87.67817728466889,68.68787816,166.9139445293279,88.39123385984436,2375.4352058505556,71.02983075923693,15.253909513957838,12.34912134591324,80.75827219961604,33.87017208333799,55.49239435875389,30.88381349199801,226.3272378,237.4526784325262,231.93941731864604,240.9257182092656,0.20825718552579642,-0.081416766,1.426954961891007,102.99774945953902,13.345379232205225,133.56845566283172,1.8876732960573313,0.5330553065128247,133.84343971236382,77.13081696
ESP32_VEH_01,VIT_CAR_001,1.77135E+12,122.60637135300995,78.46675300572544,144.51498684540593,114.81843506629322,2921.4726332546556,62.96513071436336,12.948719588970086,12.444373811790072,83.79827168776714,43.92682284336514,44.95795821438095,29.244621679479838,230.0749683491934,229.58109586115552,223.72790046764152,229.09800203531177,-0.704263693,-0.841649244,1.1042536919867638,100.43177627478732,14.50732487677655,154.93247784684843,3.316076025856092,0.7867627198656646,131.29448358032198,49.55142751759908
ESP32_VEH_01,VIT_CAR_001,1.77135E+12,88.44746460674202,74.08235490309984,157.04222982077377,81.32633580873186,2892.950388720938,63.426123322632364,16.366648067916305,12.454993965916781,81.31175784487242,70.90086817845886,40.17343328651287,32.66283915301659,188.66596506771032,225.2524633706494,236.72680400385187,227.78893344036666,-0.538932902,-0.704274031,0.31747427886366086,101.85680205624516,13.857055083031705,125.83840178190289,1.5920151026333407,0.7035715493297522,114.81808578722259,50.510383595806616
ESP32_VEH_01,VIT_CAR_001,1.77135E+12,127.45692129442779,79.65745812850317,146.4105834786314,106.47167167282652,3174.6881552775385,69.25526769,13.31964634711936,12.257825080862682,82.27299470885922,80.75715404128864,51.62972537514155,32.483301017641836,231.24287141508484,236.90911018140994,224.22076561082534,226.56384850244692,-0.558526242,0.038227336,1.1815864252057224,100.86373967237877,13.665523092203747,189.82491677261075,3.2358528147084558,1.1342623133841903,100.67069346375207,70.55702259642939
ESP32_VEH_01,VIT_CAR_001,1.77135E+12,91.64087656955827,74.18745542812657,137.8591713978688,87.82831347,2828.3705553386303,84.96729087587399,13.113433890618708,12.683751404465218,87.05621779,24.104140480549646,56.88486994947593,29.527968462426347,227.11842226872074,231.81563669731847,236.66832002771645,231.81049207552408,-0.294740659,0.14303392559245862,0.906755703,102.61703209631361,15.163787876406786,172.52841157290106,1.460787731752279,0.377241901,108.02937406251529,58.92957399476006
ESP32_VEH_01,VIT_CAR_001,1.77135E+12,85.94071468,68.72274521,160.14120260040005,89.22924135024951,1129.1026405572907,34.93695850253225,11.504482612329042,12.578945350703965,85.27664384142673,60.46457382835661,50.884139815601635,27.011414573552624,226.06847730858075,229.63998778014272,229.5119828869362,231.6495527946867,-0.138521778,0.5686560121757157,1.0573316331628786,101.77286436410736,14.687423386687716,213.82602277061835,2.0849837195381364,1.1784634102255913,129.343224,65.14115201015954
ESP32_VEH_01,VIT_CAR_001,1.77135E+12,94.67148133555365,79.29592603287416,176.93275816577545,87.87980885758587,2817.778540737258,53.76820511213446,17.481970313555763,12.896679321983532,78.27959265754087,69.58673819006903,47.77771348189686,36.120234410064725,233.18764505381753,226.46367641111772,229.60341403588944,223.15955215330027,0.44671127130877236,-0.790568734,1.0507488598764099,101.82663416404753,14.044808002075593,180.35883407904413,1.5404905632704284,0.4920741804517079,111.27718727935438,55.16722961
ESP32_VEH_01,VIT_CAR_001,1.77135E+12,93.11931748175344,74.41091044217252,131.47654454565674,84.55805605382002,2178.928320167971,73.03892023027107,15.404322539866541,12.82010173,85.48214762415438,58.33132308844883,48.439983242885624,35.58757651289032,225.36289502254562,227.66545759691937,226.8507006990655,227.3431737,-0.691297227,0.9872882608461706,1.615086096240611,102.59745117679618,14.55494462517403,76.22247097369016,1.5283471667602626,0.857317367,150.66333753373425,58.80551438
ESP32_VEH_01,VIT_CAR_001,1.77135E+12,91.10760168930797,72.89160199098156,245.4365473623472,89.25113139394904,2218.1174029871972,94.77330428541407,11.711463059341893,12.415514214950283,91.21311214941075,59.72423290155382,44.62978201063712,33.214757944895084,228.5216706825024,228.67361906601275,236.5043591022381,237.79413183594963,-0.162192451,-0.00339726,0.9516002076780642,100.88261074358313,13.90993582550169,175.7866177198711,7.744387833378229,0.840295212,129.6829681312926,33.64118371919522
ESP32_VEH_01,VIT_CAR_001,1.77135E+12,93.50697812029294,77.72983831737415,141.0902783345463,80.34566354,2299.857816360793,46.63380951699613,19.80262882111554,12.37112705,75.28292914072793,71.93857399670281,40.65682229242497,29.73015121581827,238.26269630649637,230.1330624800082,225.20619514585343,238.36608339592715,-0.543656573,0.4017949505677039,0.8225048136412914,100.67173572784532,14.145486744512384,163.65017457264543,2.2727143651196386,0.49603848220517566,130.59944705395347,73.99931841755881
ESP32_VEH_01,VIT_CAR_001,1.77135E+12,91.61347987821142,70.61829090292456,168.45447842137887,80.06382909318188,3090.886202218034,27.125940854988457,15.626481011912706,11.439177696698852,89.41247050911036,89.41455405669385,60.45629792532162,30.665110606464662,228.6588684470274,220.7430684702599,232.39562007766247,234.3753014205263,-0.217609246,0.4759882551186566,0.7737045368833806,102.04027913076547,13.681329136431208,116.2153004274874,3.1971011403465663,0.9551648274057181,130.63474693964815,37.624260439533174
ESP32_VEH_01,VIT_CAR_001,1.77135E+12,92.39811930363663,76.16327889280629,346.56487202382357,82.55999243747283,2414.950874,91.55610277318631,15.418206119660063,12.16026023656817,94.10744842335203,44.12719313683566,42.37624170699369,29.132479035819056,226.10613936382242,230.5166533957743,236.64056856932626,232.2267201411954,-0.231517106,-0.45630973,1.545731245632871,100.36408749791028,13.884984408856509,155.36138918899465,7.416115876,0.8713234395782747,148.04988563523227,51.45171060394712
ESP32_VEH_01,VIT_CAR_001,1.77135E+12,91.62623711986294,80.60413545869821,155.00938105089213,82.29350261433154,1970.407824767773,75.99345346401482,16.516236706018105,12.927617995652271,82.86414740787117,77.06351280870308,46.47511407049145,29.87731025392863,240.05523026033558,229.50904575598375,240.41116716516137,231.74159855310597,0.626163671,0.002602522,1.133451073396375,101.58496836109722,13.969624398056107,88.36286913152104,0.5055227365248511,0.5803816814861426,138.87225958461212,42.98305409782577
ESP32_VEH_01,VIT_CAR_001,1.77135E+12,109.06472220508735,80.55198033467849,146.95672168348707,107.86109825511332,4093.6305755740614,57.05659572157974,16.68974683713259,13.010637261667009,83.40264144073338,60.63859207659962,56.59137127193246,32.13430097171404,230.96343089615627,229.2201541957433,230.8545886853382,227.71324392379978,0.6752598960319846,-0.372582196,1.084860527446631,101.98607445420487,13.748278502317724,196.4700591007226,1.531314098945043,0.8611556777586209,109.88969156975298,74.12711909399422
ESP32_VEH_01,VIT_CAR_001,1.77135E+12,91.22699198432943,80.03748552101878,143.7572779454272,90.12543670755272,4830.270619437952,107.24631089370021,13.076879784104328,12.691690289508609,82.13878850392614,20.23246564880258,44.854865095255775,24.270864508382274,238.60483176381626,233.16610349308175,235.43966020965675,226.9221817894137,0.5487479891126397,0.4367027470038578,0.7759736786234801,103.51466330557905,14.604085923860312,472.53411918207587,0.19565984810217274,1.2759683514358091,94.17877049796152,52.64049273716268
ESP32_VEH_01,VIT_CAR_001,1.77135E+12,91.63316618466943,71.12948823446072,131.99315126848367,78.50575760547572,1640.1370416171267,73.98177310620011,14.181458576694968,12.341994750059404,87.14745568084066,25.03651822572894,48.41625742982434,29.442661876768028,229.07251394955387,234.25353901853182,237.64733626425385,236.65957936253102,-0.191093289,0.035484456,1.2304387666761443,101.09537365866208,13.570707203546863,190.5343311374648,1.420082470688659,0.7766417303455292,105.00191791655438,64.67154878
ESP32_VEH_01,VIT_CAR_001,1.77135E+12,112.71506997529883,79.52046377186518,115.9052340079116,120.09308518654191,2327.439360400986,53.71723126136184,15.080486712654466,12.241826650026985,88.77209939663457,32.11609549411252,57.847322889308444,33.76711327182916,226.0954044,230.5870608674343,235.81024755345774,230.80655004453737,-1.223207865,-0.746465549,1.0143118718341346,102.1161204,13.383843694170757,62.8920291,3.049798989702148,0.6690412794704934,102.7109439088737,98.68901287064453
ESP32_VEH_01,VIT_CAR_001,1.77135E+12,87.05221508638104,69.30999618342872,152.26479174883937,85.88538430964189,3094.159660548249,65.27933037519158,15.653932998619053,12.829964211086061,70.86954730762231,86.97458040564446,58.567324786573096,36.088856637730295,229.86278412994594,233.67243301981878,231.3008911243343,226.64094449482926,0.21152540216924604,0.7172659305668906,1.410340624402762,100.42693262077692,13.973900641807436,152.54086400511906,1.0160101879205583,1.0169342625761963,124.5519455,58.32135277508773
ESP32_VEH_01,VIT_CAR_001,1.77135E+12,80.51849014424045,74.74455107189452,166.8934092,81.01225495,2699.895971240798,90.21878247129673,14.003809272449882,12.625909068098112,84.02704574382716,10.709899957299012,53.90561915580724,35.09606760095833,220.6197560458599,245.2609053124283,221.03249675630516,235.22295160522586,0.6207199591316027,0.38885264426279137,0.46884907306597945,101.64440521807981,13.855129100799383,127.51908301284529,2.1141833205437375,0.4963328414746738,121.93069019811252,71.85212346700018
ESP32_VEH_01,VIT_CAR_001,1.77135E+12,86.09534283181554,79.29094982761552,133.10105217657235,85.09580316350183,1993.782893861775,54.40637366881682,12.959741500842672,12.428079018775657,82.34159842,67.40309822949578,64.61635698118836,29.935653090290632,230.49680437395034,223.86419372353996,229.84082471973966,232.6250556676326,-0.147016424,0.5203365371255179,0.6804535479872345,100.67297107837759,14.318137828261618,133.4989433625498,1.276553658303499,0.5596856101048242,133.6369241052612,41.273122060571964
ESP32_VEH_01,VIT_CAR_001,1.77135E+12,87.87582034307171,76.43828682790577,123.15127820199507,79.48300859186735,2188.9288837852164,61.510692254610646,15.492266104657368,12.946136376585878,81.24153814707266,60.59151264636288,47.61370878286559,24.202831062743925,227.51424571653752,232.65713270768063,229.91653163124732,242.17948656181352,0.18492999284934478,0.10398774376628947,0.8392812707192192,101.52908270237553,14.359075287657472,181.60307578649753,1.9878924626238015,0.7478880535021803,121.25731249177575,75.68704008532761
ESP32_VEH_01,VIT_CAR_001,1.77135E+12,93.06828511892397,68.90365618957333,120.11329867773438,86.16693249161868,4895.5146088065485,122.89582940048034,14.271922308257857,12.910731169102782,88.97414938534472,34.81547874,61.417867380906166,26.36584730129414,237.47119148597193,230.09616464887162,236.47038219719184,234.6773820327644,-0.145694994,-0.223080506,0.7714293267040359,102.03221446691292,14.819050275294218,365.0010774447952,1.9538590367211024,1.238732087232426,127.45060655123591,65.00143573173793
ESP32_VEH_01,VIT_CAR_001,1.77135E+12,88.41259101505787,71.01874186905421,196.25125336698545,82.49488375513106,4387.831652881483,146.41679242411215,13.446443808321932,12.94640311212623,79.93921411925139,74.43891697739636,57.80797739819867,37.235211410564375,221.92282844772262,226.1986115525182,226.99923071596922,229.1448905379206,0.141363596,0.3802867591580502,0.8861807795904859,100.73057636515011,13.832615684733376,442.7628396999549,2.172167293357455,1.752221528115864,98.21138780242144,41.31160428
ESP32_VEH_01,VIT_CAR_001,1.77135E+12,91.47286125861169,74.26450816570024,127.10897364696783,85.90792117,2469.3262124754424,46.114143353237054,22.267712568468447,15,85.49303753260833,10.573057402553374,40.808743269654755,37.44529742458465,233.0053423774124,226.6297797804961,235.19045064279925,232.94456761329522,-3.843186028,-2.128402111,6.379082165012027,104.2887210908289,9.952401124315115,168.83173942684843,6.115877624320776,-6.275597035,100.41052326357772,75.07947407174845
ESP32_VEH_01,VIT_CAR_001,1.77135E+12,94.76581180848493,78.22455624420672,151.7875092317454,88.09721807206462,1600.9883749760331,87.70125738840645,14.593930958387606,13.151907525494469,84.75057476167537,20.989505541694257,49.50344556403677,29.13614982734276,229.0567405551614,226.58857824702548,227.0043420069011,229.87007607919435,-0.172518014,0.638962063,0.9544029098320573,101.78654257630616,14.229059427764208,161.1463750705948,2.854209411082143,0.43784881871561265,138.82086469954848,49.45815817931574
ESP32_VEH_01,VIT_CAR_001,1.77135E+12,91.52894307109901,72.69115868657582,165.46096141925278,80.43197266267963,1889.0028495580984,84.00948689046494,17.952784367755036,12.767384852471293,90.61449820969162,55.35956802723702,58.169114284172366,29.878847403202812,234.03168072192838,227.93224828223413,233.00185488142048,229.71696759954938,-0.079249375,0.14147832285082662,0.8569267929152196,100.90463010157671,14.026290313932703,138.03063445752775,1.0181889424994064,0.4321566158868967,68.73582122,33.301043173144016
ESP32_VEH_01,VIT_CAR_001,1.77135E+12,85.51987408,76.71796756078864,169.6000733761948,77.54146090833031,2716.2694501111455,66.99973557341413,12.448597690354225,12.253115649057712,79.64365739376755,42.64375942435358,43.826216662954934,34.12845070931038,229.69960759268767,222.93565005316597,235.94740032740242,232.98046222724716,-0.772573618,-0.551733294,0.9661890677496111,102.89464559312367,13.655116924788624,149.7689273,2.050307538826038,0.6742311755060323,140.08187205028017,31.391470039582522
ESP32_VEH_01,VIT_CAR_001,1.77135E+12,84.14340793617721,77.20939678501212,182.33217604454916,89.30829501222681,2368.1000626665195,67.08677926339621,18.214902532576314,12.732042187672134,95.80320409625863,81.43090323704298,64.74933479,33.163327139413674,232.52461060924495,227.25338840814132,225.82361384744567,227.3725547375538,0.3376370530086483,0.17209968699952266,1.3376957062741615,102.29289524354549,13.84386798,163.5605584092774,1.678206331167244,0.7909681625379689,55.66689957161658,45.03949802904216
ESP32_VEH_01,VIT_CAR_001,1.77135E+12,91.78582541558978,79.51613844579914,180.1767596246716,87.61569346,2490.7915238314386,59.78350571159408,9.248839924,12.11537383643497,86.95795018586257,36.30665893557192,57.04265376299318,32.30271814808049,225.77331023122136,234.26103460872838,232.84645818549654,224.62562497666084,0.3798298243899662,0.070026183,0.7319202163766676,101.68341532061473,14.020596031790136,181.98289193680102,3.201352996,0.9010593402834102,124.9035003,38.386141526930565
ESP32_VEH_01,VIT_CAR_001,1.77135E+12,95.59270147127847,75.34043661,157.8210693652354,83.09431595490794,3076.477701999076,57.92549952253668,14.634352567270856,12.520998538639246,78.83100083505046,81.43980077406444,63.40036040941324,22.93223350823456,230.54579480209543,217.3206384584263,237.35353756687883,225.22955653579706,0.5022733801159109,-0.273497839,0.8814673765707493,99.47582304721912,14.026732978542354,108.02544027392943,3.681336754156071,0.6116894524964875,84.83894902759114,36.538705318987496
ESP32_VEH_01,VIT_CAR_001,1.77135E+12,93.25130296,75.99284669892575,164.29692457902397,88.93431242,2185.7518684628453,92.10462101442441,14.895440789082965,12.973778796407439,85.00484523817326,32.06348172799299,42.99238497601705,28.79795582,237.63745184271076,236.32313372056043,231.9234021660541,234.19957905116516,-0.052209031,0.7922568900267427,0.6873365377118548,101.87769133995867,14.022150752840302,114.05120952337434,2.463353826147953,1.0545521149407915,138.19521381589612,56.14037854
ESP32_VEH_01,VIT_CAR_001,1.77135E+12,122.58937718069738,72.68965839175438,164.9106601,105.07291616576217,2041.5998997768322,39.16281338256506,13.435643575191953,12.494882722283398,85.71865887933932,87.36658765243529,60.54534704207474,33.40824748895832,225.08355792873937,222.14456871526937,226.10146287775925,226.7154655444979,-0.636680396,-0.219891132,0.8194231236057383,99.84785570557032,14.604272775263288,144.26256224936756,1.1233658555713628,0.8178151544458524,138.93293015343573,69.84600542849321
ESP32_VEH_01,VIT_CAR_001,1.77135E+12,82.08185816703184,79.98110271451708,141.96734483469888,98.53443546802981,2859.6927189557873,42.60582935728972,15.43466720434649,12.63559441326331,84.57059644968102,50.251375763341095,59.52849270775421,26.637231997466618,230.3726959717271,232.9632954885679,220.09816758943612,226.75892826430638,-0.150204568,0.23757284819314647,0.7751507334878367,99.53695413242238,14.053584641750081,129.74650762629753,4.791778564701389,0.6730191746271507,109.99834497469895,72.01956423523681
ESP32_VEH_01,VIT_CAR_001,1.77135E+12,83.33848153175272,74.77365524233305,145.62575053369778,90.01750804434309,1625.0584774264503,61.34706109478841,13.69374857469662,12.527442729575471,89.48362132379434,37.92417661582226,49.104235099129745,30.562851401661575,232.6905358636501,226.61413500758522,242.55567963886614,225.72782546935574,-0.270599227,0.6040257775142277,0.7168871330795334,101.19340332919292,13.737613649665601,157.6916347308225,2.2420144466746135,0.5531079367351162,115.38934517301594,45.722047936769364
ESP32_VEH_01,VIT_CAR_001,1.77135E+12,91.89196362977651,78.83319501,165.34645292675157,79.34126039438497,2570.067320860962,46.437064949835765,14.314029497277966,12.908600722882012,87.38344354777635,69.97146241,65.85162262,30.816764522350773,231.85489612544598,231.10034227448884,230.51770962829474,233.53963224570063,0.1139960420093211,-0.055330305,1.4332032094265177,101.76272288848665,14.683463255511993,119.08796229826072,2.2245259066673095,0.6691811051535375,142.47170240082076,68.0993759
ESP32_VEH_01,VIT_CAR_001,1.77135E+12,90.14522973422133,71.36485987006756,118.64873360636116,85.54610049263738,3344.1683753043703,52.78424138114808,14.832488960439845,12.611691520769943,79.67497514018163,24.676978263645072,51.05665802895563,35.20940218671631,242.11554498877237,229.41526049676145,229.88436183962452,229.02185569590122,0.8242251334428026,-0.435460856,1.2273326067904906,101.95356827458188,13.93314223752752,162.39484309475876,1.8691437073148083,0.5968463771219018,100.91919773301845,68.31234481154821
ESP32_VEH_01,VIT_CAR_001,1.77135E+12,86.98201747493354,72.89891112212597,172.7663404,88.22047885492118,5276.678544279446,123.28863874009252,15.12230336726859,12.646447156004637,89.04004439442275,68.30851053718146,55.85759721773016,28.158574623754895,229.43544175929753,224.6827290239064,231.38651581974466,229.3767019,0.7081641030640967,-0.67800517,0.6111987875034399,101.5055703042643,14.71132347223417,491.6263779,2.393158043823086,1.0011358031491109,118.8066195975037,73.79030532986613
ESP32_VEH_01,VIT_CAR_001,1.77135E+12,87.76775462273065,69.88785745952103,333.7774990728858,86.98668828752777,2520.5995192819446,103.25107308929219,15.672077475053099,12.805932091879678,87.24055031195145,39.590131468225664,57.91508867,33.67228130333626,227.2215028994741,232.90456299279506,220.58182573468216,226.21300870374313,-0.367037617,-0.452080703,1.0834549043344543,102.39169108463734,13.931424191307725,132.46498807529753,9.477155432464185,0.6565323005394061,106.92018358039167,39.27287942758841
ESP32_VEH_01,VIT_CAR_001,1.77135E+12,84.65959262198793,81.37276670391975,118.39499421658752,85.88352699,2564.6883966028277,15.584850694089475,20.398858733699285,12.291397909044353,79.16170549220894,92.83384616869368,55.65668547635339,30.584224779708006,234.1111591670718,222.5752061653698,230.52377066616933,232.13222240923832,-0.581524555,0.068112491,0.681851041,100.94289149975792,14.869851043731378,149.21902536723258,2.0186982929015316,0.6098872775625435,128.63601238110556,57.53506976074772
ESP32_VEH_01,VIT_CAR_001,1.77135E+12,92.07555418161857,73.09549909736681,152.1719347032813,81.81831268,2151.0963343821795,47.36227733154978,16.77085158612393,12.632287164545684,89.76278931189053,84.29748356242217,63.218777136233214,28.646390433187918,238.23220542385462,237.5418706,230.50110217134713,228.70898223196414,-0.804403019,-0.374921229,1.1284806747365974,101.03546622693024,14.661897803918517,186.4557669984132,1.0316363516779747,0.7235298036269412,115.80992902487239,38.27433523194631
ESP32_VEH_01,VIT_CAR_001,1.77135E+12,27.997800591823562,73.60065826831132,164.44561712740085,29.51809594375447,1170.653106304098,50.341404099612454,16.03501894036232,12.764861954628257,91.04238453025495,49.61001769214579,53.151496237806626,34.62400864255375,223.4819889516561,222.26302810345598,226.74025670116941,226.86082348577435,0.026129650856544735,0.11613754009998627,1.1871058681690492,99.89870711590036,14.01051162113512,122.30935655950341,2.445846986012021,0.6647917645771299,92.05192669,39.656476578591054
ESP32_VEH_01,VIT_CAR_001,1.77135E+12,84.58948839,71.24095431880548,121.88136493116787,83.10336272562668,2507.990675865444,51.607579928437545,15.550992790190483,12.768997708715682,88.24253571,59.50074526676135,69.84961813,36.78273892542155,223.59836062835498,226.75377518671817,228.76610616598458,229.54398956496087,-0.343155963,-0.211169762,1.4699672545798426,101.87314577745327,13.799184896665773,176.60818257375865,2.4061832025946286,0.6326585184513869,99.72412323060865,63.131065785977434
ESP32_VEH_01,VIT_CAR_001,1.77135E+12,91.36199449415489,77.62028847863783,163.43933326039888,86.45553622463856,1787.8520261795325,47.61014550264733,16.466614832199266,12.805208378852855,92.36354153991742,37.17119918667943,53.207213556129474,31.62865581169606,241.18307682146462,236.91331850464266,224.1013597107848,227.3092923900403,0.35451339815589716,0.080792732,0.5481339667437058,100.89154497834008,13.648583826606657,187.73441502341888,0.8052143198842356,0.7096930206034378,90.89532745520765,62.48221882949119
ESP32_VEH_01,VIT_CAR_001,1.77135E+12,99.16128479114965,75.98853229154909,167.6515197522544,83.70243279619127,1955.8811553901141,46.67163430390006,15.184809448783168,10.980775874788561,48.259392472246596,66.74957723,45.86717880213232,32.89959272986731,224.7898222,229.1470350708128,239.12195683254433,233.42906570923347,-0.74445767,0.5701317338145193,1.271792339570061,100.99617758423992,11.868361094383067,124.6531452309416,2.068943814,0.6244069093125648,108.77773116765177,63.16553190541366
ESP32_VEH_01,VIT_CAR_001,1.77135E+12,89.51026553,74.77219969106183,155.10206457211027,90.09421319592401,2527.3100360746266,40.09827136285672,19.936844378240625,11.259831314362998,56.24215508983697,57.19792729903286,54.39066018173244,32.83496638398477,224.93793724697053,235.1085970673443,231.63994751315695,236.79033464243633,0.16244655317400158,1.034082461906409,1.363584454549021,100.46795701832215,12.46408402330566,97.49914584043134,2.529433503594847,1.1295440677119628,115.34981293781226,33.686779794308634
ESP32_VEH_01,VIT_CAR_001,1.77135E+12,82.06416445987821,67.75890497513237,161.4374160703108,86.49694792053405,3802.3878940918166,57.39492111777047,13.688292263346309,12.242323083208893,86.92340858,90.24949655372235,43.36102140118174,23.870390228040332,227.14740876930057,235.36949654550435,219.92027344704644,237.24979810622622,1.1933753865339805,-0.837771947,0.7404010194731426,103.19898137554074,13.190600784817795,114.50818720758193,1.272841020918036,0.5704000185414291,132.14002701336108,42.39623500834828
ESP32_VEH_01,VIT_CAR_001,1.77135E+12,96.08341426853873,75.74777984,143.57829947222098,81.49090804751813,3246.6090494441087,76.67993467920427,13.411214265528008,10.535662689453133,54.48791481830807,96.89345618504638,40.11966847935342,26.95760929457798,234.1960090970312,231.3461576094618,225.74756433168656,229.99463155921566,-0.228837765,0.7202357117400958,1.0921283239772757,101.51059485433336,12.45596299177993,139.21189185000574,1.2304436157567151,0.9454527515169302,133.85186695818572,55.13772567489363
ESP32_VEH_01,VIT_CAR_001,1.77135E+12,88.77936680328676,71.08729391599282,126.7513969821402,83.16952078941759,2194.483850790613,51.47352733722491,11.220647940547146,12.961633156344083,89.68355806413184,78.52697243,68.44327143868591,29.167598739951988,236.59006886030915,226.40434602468216,238.38076134544974,236.5967578109239,-0.29335585,-0.31422728,1.0211666000366901,100.28666635696858,14.674924752737173,167.0470299143048,2.294869289821688,0.8573341975247573,137.48362949292184,79.65648496181521
ESP32_VEH_01,VIT_CAR_001,1.77135E+12,82.11501851368955,70.54679296093124,129.81541275223253,88.68525448620477,2267.7433782301955,92.07526571319633,15.75852911217838,9.871529312690978,39.118486718593985,90.81401715198123,62.32747711553989,29.91223693,237.4218382326443,229.11081932177296,227.0040217903048,229.16810614082374,-0.108069726,-0.423458387,1.751436825681616,100.95197714129543,12.35073550067767,167.30750687055053,1.946740824278374,0.5644910607566815,128.11921985890245,66.64842704
ESP32_VEH_01,VIT_CAR_001,1.77135E+12,87.96606157595875,65.43853312,109.00384165857339,86.35124435,2833.324059837881,68.58713449559231,12.5210155,13.035561649570301,68.50018472247854,48.121092316270705,52.34660396259025,29.861071961061445,228.84781834468242,235.2026387614633,224.71663824065405,226.27345115903844,0.1736587029277621,-0.283652331,1.3902857956537324,101.84067705450222,12.787936433542693,170.84200376141467,2.5440524165598375,0.6864563988363572,125.79292796427386,38.26962551045692
ESP32_VEH_01,VIT_CAR_001,1.77135E+12,123.25217912297406,76.91132898,149.85814179545264,105.90123085676555,2743.8951298825104,66.50552584558811,17.218615744377338,12.336261608087488,80.30495342719058,68.08411006030386,52.47905761447644,28.948116527248956,231.32676425335077,232.38354658345676,246.6671678269242,231.35636424038213,-0.196246317,-0.203270616,1.3150483921251888,102.60483839918162,14.355009945204838,141.47465108449512,1.859122935572169,0.8419386881068325,127.03404300281028,78.70361834
ESP32_VEH_01,VIT_CAR_001,1.77135E+12,83.59790906584888,75.02688944714971,152.3073637450926,80.69364361047887,2205.3189710590987,73.29881722355941,11.927185986074402,12.226120807369382,85.04298133858141,23.32281215155755,57.89912995690723,35.09912480844438,228.40874977566344,227.1203417377535,226.3659884578035,235.2453406,0.084877397,-0.332149493,0.5645277127296783,100.84695269403326,14.34087858202902,224.15734735303113,3.6101288625262553,0.9687291763289754,123.22765327395896,47.61955494213775
ESP32_VEH_01,VIT_CAR_001,1.77135E+12,84.38201182,71.95592632308968,158.0930021390132,80.88215992925238,1795.1411963913397,61.84322490935032,15.355163810766232,12.620788978516881,85.58176027922389,88.27223881770725,46.96429141925251,32.56755962188989,233.61441952842944,158.0487172014885,234.5367533390425,230.86440799102215,-0.879267625,-0.062044913,1.1246452442347998,101.32165623443345,13.724677019931745,91.79603057,1.7859317779156898,0.7291671763224932,129.22133537348773,37.19461299296992
ESP32_VEH_01,VIT_CAR_001,1.77135E+12,93.98941590927937,70.40903247357294,175.5251979433501,80.20064804440091,2636.360151337781,56.397410094424714,11.125594228560871,12.256720907104832,81.83212212618106,85.08631656,69.06922327067733,23.542550513642045,226.2764871,234.3231957653746,224.97424542035364,227.75638633666966,1.136435517674613,1.3295811371008501,1.4096622120320697,100.61109167304197,13.685648642543343,171.33839295261657,2.234163928552733,0.8103573599199684,93.50624154,49.86500354824463
ESP32_VEH_01,VIT_CAR_001,1.77135E+12,90.20274150448581,74.80835549857579,130.26795456827165,90.27810189375822,2191.379307599785,64.80921088448821,13.335556851868063,13.187691242186222,79.9962972,89.74658090002467,69.95651564,31.342824574034534,237.66219881354195,231.41871398717575,225.29711401544907,150.12673701299485,-0.441287203,0.10882794084565944,1.2361322439677283,100.5873566754369,13.615327887915093,192.5652010295692,0.6794600113937337,0.5882029655734997,126.48639060998404,54.68796495
ESP32_VEH_01,VIT_CAR_001,1.77135E+12,88.43650312092502,75.74354395079597,302.2030143426215,84.95633044543438,2961.5978388789463,80.21786121301085,15.460957657911655,13.068389708636419,84.01325211674704,90.31308873379898,69.61987513093463,34.98640547439412,234.2831348039245,227.1773389162055,223.06431557657365,237.6071269654649,-0.212440568,-0.292520407,1.074494751468005,101.73211451667645,14.175997824912573,32.348948731409365,8.385668666528165,0.6197165799551716,141.24727086302875,56.42937516484187
ESP32_VEH_01,VIT_CAR_001,1.77135E+12,89.37681714,77.42158333,179.9096983955706,83.30323541817287,1861.979445986011,68.03885168610122,17.480450897234206,12.814632759978695,87.96709700496586,73.06371414,60.32177648273699,26.34704522370621,232.83453820826873,229.9496360490978,224.82675751310057,227.4315693085379,0.078895428,-0.156507018,0.5155340024068211,101.22420700651179,14.453438436732922,189.95165362589103,3.2636718075440907,0.5765651841282966,106.44996967747852,76.02628542186986
ESP32_VEH_01,VIT_CAR_001,1.77135E+12,121.92021127390227,71.22604959,121.19022854296142,98.03320636026514,2693.5700228852415,63.147933270272155,15.477762713543079,12.350899652551572,83.28714450045065,55.044913054989784,52.05929883740094,31.202759218759233,229.55746989333034,226.02322196186088,231.37318022395422,236.32114624448522,-0.502942323,0.38708409768399415,1.2707686024533305,101.31496944016264,13.572320977543393,217.35873047907083,0.7912516264857163,0.8246134082687471,130.30966591406357,70.95261925850305
ESP32_VEH_01,VIT_CAR_001,1.77135E+12,84.22426286352533,72.84389398045482,137.7034958198701,92.35181338598285,4941.878475273988,110.79932268644578,11.87234375664948,12.57996397969558,83.90497688337082,32.68555133583936,59.43888539620943,29.52981629339896,235.04634161770804,232.69554423157985,233.81288320559335,232.26070035572897,-0.175352225,-0.503170997,0.8622139243060095,101.03234934442695,14.030466052278271,332.25740491158444,1.5096054653167639,1.0209423734554433,88.23059981,58.90976215663704
ESP32_VEH_01,VIT_CAR_001,1.77135E+12,93.76720819533804,70.87923132674047,192.52023402603362,93.10778585720284,3006.2037005825596,49.11909183984733,15.646680876745842,12.435501133329455,87.55286970172938,21.028381039912375,48.87494066970184,28.75584518495434,220.53569842009927,236.30197949907893,230.50707525913805,229.12223235639078,-0.202668592,0.9639812430519535,0.65252731,100.38588739501266,12.730191440822527,89.77074063571081,2.8403820636589963,1.078729093146283,122.22034231312293,62.660720268381986
ESP32_VEH_01,VIT_CAR_001,1.77135E+12,90.76113809231838,76.76067239909295,123.34521576378279,89.06637784012908,1543.0650730528582,66.14346386,17.50136957546035,12.411520210305357,86.91478054,45.126247885445345,47.54765713460527,29.600983104051245,229.21589970601133,228.80190837370685,224.2274150453359,226.8536028446807,-0.436223307,0.14476844013951512,1.0481776250370118,101.9382433002174,14.318668181800389,195.33169802370097,0.6910466673189659,0.8168008050757034,169.56381830894816,71.33998069836822
ESP32_VEH_01,VIT_CAR_001,1.77135E+12,82.14076593521597,81.45503235221027,112.61123405586099,79.81171848517333,5892.374907080319,105.51441408236512,14.848284470954761,12.084441772460572,92.18573774537985,98.65529826,44.26446608312039,33.68320253,229.7962842896632,219.93264340707645,228.29861653453713,219.82107707578453,0.14047046088966433,0.188400118,0.5205656705645131,100.75128988421223,14.306435797016155,452.71973443385804,0.3878166166588757,1.3033204599663901,134.17702915354093,61.62980426134797
ESP32_VEH_01,VIT_CAR_001,1.77135E+12,98.86656487884359,76.97581151290419,158.45227621977972,85.57090287524075,1635.5132459123347,44.81135889020068,15.165471029757207,12.347300057905148,94.52066049724641,68.53231655224425,54.92387743824823,32.39536312821315,228.29206630752896,233.32343698336513,229.81756776113068,230.43165542649498,-0.136393299,-0.555343023,1.060204845,100.36648977963513,13.887096721624522,162.95497590892887,2.359216787211559,1.0948888700184622,137.40363867022737,50.06869317628884
ESP32_VEH_01,VIT_CAR_001,1.77135E+12,88.24144982964376,80.02108224629009,165.80093822397455,86.49832094907869,2515.0522,39.11151526286115,14.358927488263129,11.969256605152243,82.07591232977234,63.47942343,55.49809256006522,31.10866395909434,232.25216656561054,228.96025963305956,236.7869969453515,223.4795842918091,0.24209410785518967,0.17703559351380851,0.6455691914536543,101.38699773890957,13.910104662251591,155.28055372943288,1.3206471908455903,1.018912485073407,136.35427891059263,40.99264640822707
ESP32_VEH_01,VIT_CAR_001,1.77135E+12,123.39629512186646,81.28051685,173.45424612907965,93.95875241655332,2289.936258202906,35.31338546747499,18.522366054408106,12.927905654621734,85.1729636,95.12596479777373,40.85221455194374,31.271192238533345,225.97465668805265,237.63161837962699,229.9885587635257,226.21859718914254,0.42400740737980464,-1.10671901,0.7451737245313577,100.12727906954285,14.23186833321769,132.99414993236522,1.0101512576902536,0.9849192373522189,135.85361942853498,77.05778553667542
ESP32_VEH_01,VIT_CAR_001,1.77135E+12,87.81290090048554,73.43360722459374,152.0648423942913,84.19460892447503,1697.627602307814,64.61847057428619,13.561659751522553,12.499957470867162,85.48932821337623,19.395294752865304,57.490308862900804,28.408922838820033,164.32946661440198,226.2194532034169,230.19397802164565,226.8332045933102,-0.518680862,0.21524188148899648,1.206329954375373,102.1274848934528,15.05641426205437,123.48565806875887,2.7681143973438203,0.5913975311142293,105.31467810666626,76.26060223672356
ESP32_VEH_01,VIT_CAR_001,1.77135E+12,85.62671821,65.84987938540542,207.56043679244706,85.33944061914366,2036.7010175788587,88.25018282071883,15.580283497906967,11.969774195574326,81.56719387605406,27.92712759,55.43878211544075,35.94038500428005,226.84921971696457,238.5885118060164,228.56617164242883,215.1043905854835,0.074039869,0.5400998649167491,1.2992929529516364,101.93896554151473,13.150050935475187,125.40285926052279,2.253236268145961,1.0441639566301928,122.99686179265159,61.29027140189508
ESP32_VEH_01,VIT_CAR_001,1.77135E+12,24.990425627996352,68.52754767175718,161.83850343004875,20.877780249477247,966.9053147162521,59.121988344468896,15.374554850199207,12.250154707649125,82.85905879563387,41.59508221640216,40.17547871853864,27.258615041235167,226.77876527762103,231.25602843800118,236.81476051532604,229.19787391457567,-0.295461534,-0.309388606,1.062315024257398,101.33056788607857,14.19947281118663,175.9272720007382,0.5063639699245508,0.9902257871174486,134.2775902293725,39.981257663321706
ESP32_VEH_01,VIT_CAR_001,1.77135E+12,86.62918496,79.17734215997477,189.6410009852047,86.12118245545625,2238.9056296174704,70.87146293088439,15.243032341060017,9.719361155566695,80.71654831469057,53.174415380585835,56.41832956444383,26.655585370886264,228.2942805359323,232.03557692994315,248.35806512198573,225.23005616609512,10.311290911900283,-9.022134914,2.5269687741884166,102.12298784243036,12.557935659185963,186.7172420367765,4.1084102801059235,-1.742862854,155.94132517637308,58.6040488
ESP32_VEH_01,VIT_CAR_001,1.77135E+12,99.15541757406525,79.52008231477396,160.5742942224233,89.14016131556338,2367.8519368942666,71.94902090309961,14.327374415718136,12.735053566407759,83.34494526,56.64142004282936,49.48848294894472,28.39619180518318,232.0791331,220.42235733492717,228.1452032,228.86932172930568,0.20926539763860694,0.811962207,0.9536089046592647,100.25334831300896,13.353885249600582,276.617485,4.046249710058708,0.7931911815652364,120.8481535606102,33.98112681872715
ESP32_VEH_01,VIT_CAR_001,1.77135E+12,96.14777285614647,69.46668824768614,168.77178411455006,89.43491719145293,2085.7156798684437,50.694747439155655,11.063931621354811,11.588247889462584,95.33560346347096,37.09971415974867,50.12623168240545,12.327833887334023,234.2678359298472,234.27694796748966,242.68724086252854,234.32706752574916,5.3269595501391995,-5.090634101,-8.951149752,95.59755216029454,15.726977661061154,68.17461213529296,1.7397425170024534,-4.311643176,95.57676900278565,70.06685408951417
ESP32_VEH_01,VIT_CAR_001,1.77135E+12,93.12559478,76.61845486377402,171.3684727997878,85.22928490556733,2907.0452169064156,15.428021707509416,11.617150982648937,12.382875312437408,86.24383937681611,89.53919653918464,46.46846181905402,29.475644772765435,220.90343320469304,229.7558602816419,226.26441064302085,231.27373507130247,0.2282557562483058,0.4857389108131799,1.073884997548679,101.37985310223587,13.903150650220674,156.33352889017573,0.7226757309421918,0.5131366397423713,146.34109018902402,49.78670612622001
ESP32_VEH_01,VIT_CAR_001,1.77135E+12,85.06603168708527,67.76267724644704,134.29407707235416,89.84154912919186,2298.280388920064,68.54797067098379,15.222438545587737,12.558844972045422,94.42753427433999,84.81218678872364,46.12485812116148,32.075491868920984,224.63215040584106,221.9848526,232.17589523396626,233.71587161245296,-0.235310531,-0.145105708,1.2678584264242594,102.5449916,14.014662525969769,186.39645499136208,1.0565536038728829,0.1386275822993457,119.33680788929782,65.99831867861994
ESP32_VEH_01,VIT_CAR_001,1.77135E+12,95.72801511384772,66.80633685688977,167.2696149264268,87.59695387946911,2856.358496,62.81699436946441,14.008845862910617,12.90364742072815,85.37996982,83.86404831845384,46.12549566336941,30.473787972903324,222.03802074427625,228.3284941857028,230.6659552397677,230.1433042425415,-0.130418082,0.086696727,1.411676864,102.22858923129515,13.910634330834446,104.59238980314248,3.312800981651646,0.46213745272883466,95.14155733924436,74.55156961101136
ESP32_VEH_01,VIT_CAR_001,1.77135E+12,86.94463730671379,73.69176670676403,145.16946541408205,81.54395614751252,3511.2034836071316,66.50198849484055,15.39809907659389,12.718030727957412,89.69831152,47.45092017790201,53.39030570167271,29.677863085990214,228.13658563417027,233.18754854067478,223.77789719538313,231.61029768445954,-0.479449834,1.1109581885402136,1.140865487318818,100.74293583933596,14.29172024728038,104.67484412769868,1.836800850362878,0.6989750966976868,80.29031719543762,32.35377474365248
ESP32_VEH_01,VIT_CAR_001,1.77135E+12,23.774363171345552,75.66075398407898,131.99309402493856,23.87991041426524,1257.0673926062898,40.45827955935395,14.254454234177526,12.600492382510263,85.87307284045056,21.78316080783695,55.27585578010648,34.27310286,236.70139632457682,230.39970917964408,226.1251692684507,240.56619093964756,-0.430400222,0.11469347102106689,0.5916230966810392,101.53582878520017,13.572917977100438,165.0155563862678,3.027999522390922,0.7571468807542235,91.88401307,36.91128915431563
ESP32_VEH_01,VIT_CAR_001,1.77135E+12,85.89814738810597,83.77189193366614,163.89647455392222,87.82799217,2415.047563673849,49.85503274917077,14.510954364386729,12.722610346806729,79.60176923097002,54.45668429993431,42.69689311911306,32.35601713662985,239.64302535218013,233.3640393,225.8407521112022,228.14375948868962,0.21934714604200228,0.34851555445289745,0.9925727370606306,99.6389777,14.66736761052623,117.91350240021731,0.7274420325131898,0.8281429151877071,127.53213356643441,33.34323212385484
ESP32_VEH_01,VIT_CAR_001,1.77135E+12,87.39376639324261,79.08254938386085,143.22307215072576,86.20076685,2723.7435917825146,80.12827447759173,15.733125665716242,12.578971097218174,88.51272497,32.16546532004921,46.67815922,31.176304206015605,226.67395226364107,229.42300511714285,243.67881893788356,233.27879803196294,-0.379228895,0.9614603712987552,0.9768716562362267,100.84897328666013,14.00202346198545,177.65394503943003,3.626962432591475,0.6910306288135128,107.80692017787936,78.22355233518252
ESP32_VEH_01,VIT_CAR_001,1.77135E+12,87.21606647454584,85.35135248907761,140.72658404615598,80.31632444428791,2822.3461788845816,44.60278139604227,13.982759727868196,12.797215453680906,90.23195402022309,13.107180905899742,63.80206576522731,33.282989552873566,220.3907517571518,235.05757784657303,229.93402010322117,233.1045410106061,0.9878592011451641,0.7323596532416553,0.8583339774997139,101.36124420731024,15.158423237905907,109.41942048434517,-0.143072941,1.2593674207507726,126.5701450491533,75.81175160649111
ESP32_VEH_01,VIT_CAR_001,1.77135E+12,93.56404426369267,69.29844147998321,126.74980686431202,88.44389246605996,3446.372375344939,72.50067264981737,11.157279956145691,12.924184058144203,61.69591699038053,85.84001007484149,65.81856744680887,39.55817985328328,229.80693183254542,238.89203198592776,234.56125726468812,233.69090449029156,-7.728445841,-4.072521485,2.027753613987482,104.30848256809458,10.515378272561883,103.16111630075702,-2.730425932,-0.021349821,115.91572846145232,38.583692349041435
ESP32_VEH_01,VIT_CAR_001,1.77135E+12,92.69282845992151,82.98149651291897,161.05247095523427,73.86708101,3187.106169780258,48.508804626720895,16.30213490251726,12.8452834,93.23298826479504,92.32937125650231,62.62945623677123,28.22421048001798,229.72858277949007,227.0796081903688,226.96151307394496,220.99479215837556,-0.310313723,-0.249543589,0.9028536388091408,101.5686001,14.204514897723723,220.22843795505872,3.1947002016491117,0.7279064171590471,172.95052521649296,65.09813708675526
ESP32_VEH_01,VIT_CAR_001,1.77135E+12,83.54078979749319,67.35414406282536,168.69642505482147,85.21191721614073,2767.295804,44.85900724356727,13.422826806083096,11.012878533565834,68.54400194181542,22.064783604890113,49.351009437085594,27.458988321106496,215.51931190530576,239.49073600002768,217.2507917188322,229.3224263385802,1.2134829027104783,-0.233485725,0.8618706740273988,100.2554336726868,12.163664899461022,135.01975394395737,3.083999186164732,0.4841945223231269,145.11456453323888,61.52387506504385
ESP32_VEH_01,VIT_CAR_001,1.77135E+12,92.39462911791325,80.28376752579537,153.5332452789378,91.82684453,3888.2172180490634,65.38664172136313,15.055171576712114,12.57876489395902,84.68897966898676,45.17500423926015,63.36066988633155,28.52600621139055,222.4117478837532,232.97950525921257,229.5448484540508,225.93337913355103,0.13453033945569454,-0.245533513,0.9985640088879075,99.71921497964122,13.008349450423905,249.69231161327224,2.8000992504852484,0.5473649855780243,92.02911309329774,47.27175158361591
ESP32_VEH_01,VIT_CAR_001,1.77135E+12,113.8704818130292,84.09712867936493,153.84310939561354,106.2149314,2823.7979252186706,60.437313716180576,13.474718416188232,12.420199232445992,81.23432112997668,98.01233654774173,60.45119991,19.159542978660035,228.15199238756037,235.7796888034036,226.9418557158207,231.71834369816568,-1.162000784,-0.671257941,0.8938752632790881,101.63957393746608,14.238248685037243,105.2044826053641,0.5381009379684187,0.9420623617519212,134.84332659631747,80.55176740936965
ESP32_VEH_01,VIT_CAR_001,1.77135E+12,86.45845345547379,78.99851214560505,133.1614007089188,87.01854214759085,2147.1153481375804,60.85479257889984,15.26135079983568,12.526093258146977,79.31813146448874,50.01531241571428,66.54149492527347,30.995946619107976,229.59280423789863,236.0746386015504,224.5930612497641,227.60665963258216,0.1149531406818973,-0.050743681,1.0615601076596233,102.25960114909887,14.304325414161669,158.54447138484662,1.3123593790500432,0.5869963762638879,95.26284012491985,48.50350432015527
ESP32_VEH_01,VIT_CAR_001,1.77135E+12,91.98091696501223,73.37965887268857,257.19183945363943,88.62985559284489,4014.0028625415985,86.69510070939089,15.974425258610005,12.36082720896155,85.49809382862216,41.66290436241037,42.63603516,20.742067031196434,234.84543125230422,227.8250897434738,241.55159290935805,229.99718014110672,-0.388075517,0.8168462998049414,1.1094764686627105,101.84599075394188,13.073252822438413,214.8117875,11.877776927488721,1.1153509458516346,119.93703304359327,61.22260710075619
ESP32_VEH_01,VIT_CAR_001,1.77135E+12,84.44863762908238,81.52353304644575,120.12179960785392,83.29040196957158,2618.6639749544584,62.31705799615745,17.546625122400414,12.724303465031051,90.46443405048683,27.236123184890285,43.735957407071744,29.260692601098427,230.8833115054809,224.21416032741493,237.4855301579968,239.54945092212552,-0.166583089,0.262233358,1.1867309031150124,100.59801256585388,14.701341685388407,162.3925727706397,3.775444024626429,0.6141110125172287,79.72057427,38.81142944
ESP32_VEH_01,VIT_CAR_001,1.77135E+12,116.12109996765878,68.34749689,144.15148250168002,116.8848159439304,2873.8313572963316,67.75926112994983,13.54233332600749,12.883473905973275,89.91526629274617,59.36793981710637,44.14572586420953,28.17307032692698,223.79940254077877,227.56894630718753,224.44848449630214,232.94811428647057,-0.489742529,-0.411766391,0.42438799554415807,99.69310407815878,13.795582580893715,188.77057246188505,2.865068966907044,0.7252703799934201,129.6365548460571,63.05452988363567
ESP32_VEH_01,VIT_CAR_001,1.77135E+12,95.52318861053486,77.46815093844968,153.63314989116307,87.79352371512465,3164.286342317196,66.29150128224373,11.844134002236986,15,91.41154177713969,18.04419136850195,71.45783303871222,23.344258416745202,230.6766388190034,233.47039506954957,217.0936231250248,228.98847033241364,3.481388349534365,8.422470512729271,0.17496407363783806,104.58326152851056,-2.991091122,131.22657641706238,3.5791060687086897,11.869585532755254,88.11152424859367,80.42340983
ESP32_VEH_01,VIT_CAR_001,1.77135E+12,84.59245931469142,73.22856611,142.04717064402394,87.61367597596093,1799.6259618893391,68.44970296,14.284433422083133,12.69669450825481,77.60348317545267,55.63952677622824,49.91213439577989,30.273128402166417,228.4288318505193,240.27023011117583,217.9920687806097,228.02424264280523,-0.106016414,0.9440826093627317,1.4040506262723882,100.36048652098461,13.982803771922224,44.21350251864986,2.1114420822895195,0.2528216735322443,149.93989663444637,46.685809946341344
ESP32_VEH_01,VIT_CAR_001,1.77135E+12,89.33617407,84.89762465377639,180.17394718981032,87.20274584052899,1878.1209868952938,45.217770094157196,13.24433673782669,12.599527745548825,75.58513700784115,67.47852513480754,44.66843436,22.483910523750254,231.67238033542174,229.15205106063888,230.38778925612291,228.8145940277787,0.12625659981213025,-0.441483072,1.4745739015776809,102.21811644505637,15.122316102820415,134.84436463930209,1.4045621809876982,0.7367991212040937,142.49925781279237,64.55859450398705
ESP32_VEH_01,VIT_CAR_001,1.77135E+12,90.21426060940101,86.89177272,168.62519148791628,86.36707688972977,2099.0936201000345,63.29281798970046,16.24202402573501,10.694157989910565,62.56477142034903,59.34903328330176,48.40219351335095,28.732599855452357,225.38911702567222,235.9949290637017,232.78136047390453,231.01750240058192,-0.047982717,0.10163151361280717,1.2312212970035725,99.04257618610528,13.24352895673059,167.26118522404641,-0.046989384,0.7168610951488027,105.59488749280104,43.980468077071976
ESP32_VEH_01,VIT_CAR_001,1.77135E+12,92.51784660949431,75.35320603063256,173.64634220026693,81.04098232283573,2506.1154238495938,44.65903530421784,17.44275873473773,12.857761871163522,87.70950460714842,65.24404192,45.818908957215115,27.038725988672958,228.8471290063311,228.03177673555547,231.81976815519758,233.13848622577322,0.06926732,0.22157957017484395,0.9915112941545086,102.05821657846394,13.935130361535375,124.3497626902468,1.0232337609017121,0.5179007182064475,152.62581581870455,30.18354819664565
ESP32_VEH_01,VIT_CAR_001,1.77135E+12,86.30812771094861,78.85465182748702,134.26010996387086,82.14739495367297,1278.8481438745691,81.68184658,16.354095566514154,12.606620191519548,90.75259880489315,46.158308814324194,53.128818115336834,27.278274834512768,230.8978125401269,226.6052597895166,227.94029297485147,230.3467874444703,0.44168890835197233,-0.540012528,0.9340329924607537,100.6895357106634,14.14903038173481,194.12446509173463,0.2433868178183589,1.052061049583428,113.43001261676278,30.751790612910046
ESP32_VEH_01,VIT_CAR_001,1.77135E+12,85.01691204,81.83612236931188,161.95713930644578,90.54303739649909,1847.1614513661057,63.38006039826444,16.518356605704593,12.662649295658792,83.35820234937476,26.682115617793823,51.43097791227909,29.23983817231169,239.24430521929972,231.66600190231688,225.18957218191505,236.7791438600135,0.8675008048686417,0.951647611,0.9832309840851247,102.60113600837731,14.234615115599652,114.74441475096049,3.5592956246323393,0.542526269,91.68625964,73.91071609420695
ESP32_VEH_01,VIT_CAR_001,1.77135E+12,87.44935228,69.56400591534747,152.9568770891822,81.11288523255236,2362.2579014508037,55.706619745821115,19.04124145,12.704420703268362,76.60744582180797,19.45601580409362,68.55855392148447,36.31746047607414,226.67363607449488,176.80317768498583,231.28495834452855,229.8828829478105,-0.724043558,-0.012331619,1.144026909,101.47678527664648,13.740383521484256,121.09694691836137,2.2007166011301686,0.8982960465905083,106.44782098353161,30.001570658697513
ESP32_VEH_01,VIT_CAR_001,1.77135E+12,96.58421278,76.67299009280278,147.0647981473874,85.82217784585133,1237.4216082246294,78.96632568440488,15.570303022163147,12.809391097993705,84.09865049536533,90.03105057254797,61.78558173674503,33.27838594466147,240.2109749718353,232.81995549481684,226.2428354618054,227.0718705523482,-0.752488703,-0.907728948,0.8249231131099013,101.52486585099136,14.127518199408412,20.35995251159639,1.894107131524564,1.0006904425466285,94.16574053280566,35.706466078755746
ESP32_VEH_01,VIT_CAR_001,1.77135E+12,80.15918541211316,80.28250163,146.37244370295826,94.33290512792334,5508.464935800427,107.10258293967914,13.033617178243464,12.897811724529047,81.48957588761473,92.29565017213555,65.74016604,34.171399428945435,232.37044259233647,229.63452829808395,238.1293624083318,233.71396579427537,0.4443561757842313,-1.172806432,1.1461037734084623,100.54291003528667,13.687939667591777,364.46490081145794,2.4594431895845084,1.3479992460737833,126.52012807512511,51.646421602817625
ESP32_VEH_01,VIT_CAR_001,1.77135E+12,89.11137999,75.90773690263583,169.44079373406746,84.64971694731726,6000.783808736497,130.45148499693306,17.531571601379305,12.919787597931489,71.84010195459864,11.163807920923208,54.44757449072165,31.18273207927384,237.18739780389487,225.3119198865257,229.89736347854557,225.25327094686037,0.23568028408538905,0.3871565420564769,0.7025489600244563,100.67312532326785,13.52442862206658,670.4512693080106,1.9601783438275284,1.6951540162456096,143.77096816001304,66.89592252198825
ESP32_VEH_01,VIT_CAR_001,1.77135E+12,93.55356798811327,72.73487405919941,154.15680526401778,81.13011299274261,6132.365168834507,135.16054136414516,17.05491758399581,12.437293516191339,86.32389563569558,72.29802004,40.83741740364355,27.793596942151115,222.92103703739826,237.30674675218125,229.3255423655621,237.63466951470764,0.3357577520320271,-0.015912652,1.027319981932948,100.97747420718696,13.841247434985293,489.4681500027861,1.0382048170519163,1.3768903877402927,118.15823893128022,55.13268133236821
ESP32_VEH_01,VIT_CAR_001,1.77135E+12,84.04722656502148,82.64054394779765,149.7288817253113,84.29575542381609,2777.8873375788985,61.76739274021594,16.64953395326274,12.043175221954705,85.26039383783959,31.762084198660276,57.77233465200257,30.87300142323159,228.0834734726744,230.23852701261188,227.8367326514794,233.9851073491727,-0.75318461,0.20955981332270465,0.7140639551722139,101.65064359532113,14.208508617503272,168.56249947923993,1.999568606481112,0.7038610798475498,131.8394692304288,32.77651202
ESP32_VEH_01,VIT_CAR_001,1.77135E+12,127.00667416304424,72.03594770750175,117.43259663576524,116.8114238544202,2823.337919380922,38.170377284890264,16.092838445943773,13.165129827745558,78.68355789295033,30.88543493287229,50.85348382783949,29.29199536304828,229.31849932953227,226.5950803,234.41946702124673,224.15601820989602,-0.080642784,-0.164663091,1.5959805246146521,102.84945603912503,14.315266786419386,160.1983072148536,2.901445904211622,1.0152050367891812,105.23415405243638,47.19548248605821
ESP32_VEH_01,VIT_CAR_001,1.77135E+12,119.05788577126054,72.24841156785433,136.4098843587819,106.61376032198062,2951.8214658085544,54.50453581358885,10.965323236563279,12.634715735331817,72.27754133711277,81.07191842648915,57.66021659073849,33.256989874170856,222.73646133073285,225.77505986573834,231.86485842727063,223.82508139649886,-0.074917293,-0.391899809,1.3716130397437853,100.8851817620904,14.33357126561532,156.59473104383585,1.751173870037356,0.7440789584944615,88.42402426179473,73.04287754727875
ESP32_VEH_01,VIT_CAR_001,1.77135E+12,87.63903375,70.46412421859807,163.55708273691485,86.78070252608269,4325.314182,106.21609199788215,13.414212950476484,12.73426536,90.9856788,95.01032743669101,56.45415922106459,26.62246119461956,232.25644822428688,241.3773066601527,230.12713610551887,226.99148724877378,-0.357343688,-0.708693816,0.9718460571352583,101.2301264801267,15.072580269768874,458.95871783310577,0.13941126252633462,0.9831064350499565,144.78392642730387,58.801437547783706
ESP32_VEH_01,VIT_CAR_001,1.77135E+12,92.24388312151748,66.14145072,165.46003678973875,83.15080768104171,3578.823597033297,74.58815231,13.094767204983468,12.731884274900828,81.84979679899504,27.54933050225788,62.278454966778796,26.881224716188697,231.47173244433256,229.251741,231.0305782953943,237.89693775224984,0.13628585491625833,-0.384992624,0.9739505373555036,98.91527307,14.414941256465763,192.5543137434937,0.12640847940406696,0.5151101393018597,96.62754768100488,58.70642873274578
ESP32_VEH_01,VIT_CAR_001,1.77135E+12,93.20535839099878,72.44170568389596,164.92605545335522,85.66170642722298,2684.1153428061157,72.52785180441943,15.257069659050593,12.583440861506745,85.87262888892634,44.112081275762236,51.95016270904013,30.314705264226987,223.2528018190943,235.60944174699912,228.95729658576695,237.18327079687947,0.8177778488893694,0.5157147813893906,1.2146015298232553,100.87202806158801,13.716545613796374,185.37069568608965,1.7308822607703813,0.39465009464835044,108.06834851218267,47.30537757
ESP32_VEH_01,VIT_CAR_001,1.77135E+12,94.63049228423894,74.35605724896041,185.01157763668323,79.43717753389066,2125.0412217524167,84.37927631869658,16.203776518783844,12.589821357587368,83.03599067923547,52.49458523,54.53104438206705,30.87919708966092,228.80700601522003,216.90683851321918,229.4202613589326,228.83096615468628,-0.41789872,0.31459469387931194,0.9291708262856462,101.31247303840975,13.554556783999544,62.61106567834453,1.4311053943529495,0.8415443029555945,122.86451487852696,33.72250148
ESP32_VEH_01,VIT_CAR_001,1.77135E+12,120.67032881097154,79.37912484914415,168.76903761247047,125.23579507079543,2138.371881037202,69.36313720398289,15.097942157205003,12.626747490756733,85.57043568148478,50.69565336,46.98186352694958,29.741348492456392,229.74254396875037,228.46881395487625,221.98763091108222,229.2766533724447,-0.385359501,-0.653498867,0.7708289711544599,100.27631193955051,14.373944288238146,250.4581050281214,1.7011297219927901,0.584546666,129.8695584005666,73.64819766
ESP32_VEH_01,VIT_CAR_001,1.77135E+12,93.06788521,79.94367457066659,181.35902931995068,88.38283205366852,3592.700993739498,45.16454398493197,11.929631802662168,12.328310817954401,75.73387097565991,58.885227695903296,58.129567762362925,31.600174917807877,218.40392539879005,226.11828778254176,233.31810317990423,235.2528418730659,0.4600974975780836,0.6432554615735709,1.4222988412837665,101.85812453233225,14.228024614014512,97.79370410436523,1.9522132912711119,0.9122634160229405,123.23255598469476,35.99977817386005
ESP32_VEH_01,VIT_CAR_001,1.77135E+12,87.73777377308382,70.59624565669165,167.93698721978117,86.58355181178638,2651.0529680906952,70.10722089426201,13.924825998412299,13.080579216185289,90.64896179097073,29.878896486997455,41.715516458723215,30.459300752598878,222.29710638107161,226.13354755749674,223.55574250835636,219.98862296292737,-0.105230423,1.0062471916722708,0.7217005336810656,100.87861595165187,13.97618103017738,137.7884177762045,3.625860171626033,0.6697651867001799,113.51101120629369,51.98362911887365
ESP32_VEH_01,VIT_CAR_001,1.77135E+12,90.34179055208853,75.24356320236947,180.77820597425503,86.40125309711469,1637.6489606190896,49.61822110421518,19.086907399094144,12.792418451604965,84.51653837642546,84.07067777147931,47.23782177983169,31.162049387158348,233.2467622698653,233.09126575371286,239.1372011338708,234.34437386133024,0.43628299492287276,0.4207463046224678,0.8085742409935671,101.9513157671171,14.376379671231351,152.00846241361378,2.4176095835881277,0.5599718424103065,148.29069287790256,63.72950503636793
ESP32_VEH_01,VIT_CAR_001,1.77135E+12,85.90361905460162,67.30137685848221,140.111475,78.54069706982634,2327.7177726386067,52.82150050395218,14.743477761825893,12.697133623880784,82.56323098380709,25.157537221518606,55.45853358013164,28.501231514165163,236.18905613899247,227.55697277408487,228.00814060854785,229.97394429154556,-0.940124674,0.3316521981363406,1.4624965408151964,102.44568417334702,13.334888412393573,87.12357603073087,0.5752108595551775,0.4940764096989766,105.85719155265575,72.81733603521883
ESP32_VEH_01,VIT_CAR_001,1.77135E+12,84.84145129991873,70.80319463120297,164.29911549137324,83.02522813001909,1923.7190479837118,46.88336954173677,16.73095563814458,13.067827252728815,85.91883849,63.95313343509545,59.422617748886594,30.137511546101507,235.55035635206752,228.88859682891837,231.98318975800333,233.4998330823326,0.24384639252284623,-1.306832501,0.9252393561852746,101.88936370727806,14.490856192342717,187.98752381317533,2.271816502966492,0.8121628002614318,118.10235588695451,57.72847141950042
ESP32_VEH_01,VIT_CAR_001,1.77135E+12,89.42416078368643,76.04302630148788,122.3942279,77.76999334254619,2026.4038157230912,56.89118336725597,14.886696517180061,12.535227445084466,84.81444138228846,23.429236076249456,66.49605497,31.677404292884233,223.6393140671336,228.59539467117932,224.59801719307686,223.89544599847332,-0.033570031,0.3148061722470825,0.8526103732202677,101.04686086467566,14.13642766344757,88.36104227552762,0.5669069876633195,0.5503593373480853,118.77078340113204,56.73099995
ESP32_VEH_01,VIT_CAR_001,1.77135E+12,83.65746024108614,81.71011007311306,142.69657066459703,83.11173343435026,1567.6877463109117,62.78732191951849,19.05629641729687,12.290574714080215,90.33736003072539,83.35395936220033,69.91159519,32.205021854619815,234.05694388295046,219.5559528706986,235.4873270324732,223.9191841084912,-0.311852234,0.6349660890890734,1.0633695904787648,100.97689003264476,13.587081460782647,192.38527319360026,1.3615282230687162,0.7011356771314483,119.50392062093944,74.99065507183579
ESP32_VEH_01,VIT_CAR_001,1.77135E+12,94.80735769865171,73.13133978882492,130.01985599257821,85.92813073801122,1030.368860255071,66.09330115172197,18.097440152556146,13.324700454699217,92.65669795792418,96.28291695,52.77580320920491,33.419380682195694,225.84976828126153,223.99505015511465,235.45257529885552,227.34626272216502,-0.095143379,0.025187203,0.9983128407561943,100.47784012278677,14.102486728292691,239.88634533916547,3.379071606,0.9124683371612963,108.71776866044955,69.64596679710834
ESP32_VEH_01,VIT_CAR_001,1.77135E+12,92.94151871375657,76.34413862751342,133.03011275271672,69.34356574620978,1541.4055937660687,82.65926137,10.287160191133744,12.008405794917659,99.77198554440639,57.49244125156136,42.99336909563661,28.561107036341667,234.51174210631945,231.71712345622808,227.80357280785768,225.4931800450792,-0.224502914,1.043342587,1.3904223817803847,101.70317231905568,14.003249316914504,168.05274551907755,3.4450373660384304,0.5858023608480926,155.0805989491785,58.69437845809419
ESP32_VEH_01,VIT_CAR_001,1.77135E+12,88.79073030550263,70.30136945,173.87527513783348,79.66784279218534,2810.133108557645,50.73999462292922,16.527046731273337,12.533100352044478,80.47733977045652,14.32519239719955,46.46060569064794,23.55986057874929,235.93114736055338,242.22741793616586,227.8014149673737,239.12899047296418,-0.063912017,0.37983795601557435,0.5911046929670523,102.75371940108937,14.689445711755113,175.7658005584782,0.1823140855128138,0.7285833361957541,99.73717855,57.08455557150212
ESP32_VEH_01,VIT_CAR_001,1.77135E+12,90.56560642245692,70.36240130052502,155.4742413221206,91.59868306612759,2967.6489683085283,81.24372108830126,16.897768230269072,10.034126559328211,40.553254268952166,29.39155968332496,40.573551313757854,38.40420496401595,232.2923405962214,225.71306795234747,235.19433091763378,231.95394075403294,0.052856324,-0.149636774,1.0509906069691137,102.85828149335329,13.024326188980107,124.24041040947617,2.281729567841087,0.46376676625271307,90.87574067692489,71.40404898303959
ESP32_VEH_01,VIT_CAR_001,1.77135E+12,94.15960591,82.69863039446926,159.05992450070627,81.90614378,2196.4907780587364,62.09684383,9.732316073343991,12.557318125037757,79.41687197992351,49.61066114782594,69.14767240295177,41.66322015794968,229.0704763360071,221.46283495906067,227.4084812073262,232.88387030566275,1.1304222906523729,-0.145571098,1.1792621215620502,101.04139937579134,13.653521028630433,179.0465137665644,1.7503187234850304,0.595886417,128.7330129769503,35.929283839473015
ESP32_VEH_01,VIT_CAR_001,1.77135E+12,29.78808323676742,75.23006344974809,109.14224041729113,27.158164194673304,915.2702521285502,47.91798466645194,14.498919610478742,12.158177021657929,80.49437392140409,41.35913951,42.49229489096531,22.675233892425865,233.73791720008194,231.05892293024758,231.91277404925495,225.5349423406067,-0.469632598,0.1452942128852785,0.6440341345377032,100.99266837466124,13.677317845293835,146.60022599261492,2.386384342318876,0.6677325545954045,104.37707508359657,63.274964138360595
ESP32_VEH_01,VIT_CAR_001,1.77135E+12,88.36937537490435,70.13706437806748,140.47193617515515,85.57007607563841,2362.9244197341727,77.00607369106399,14.454873174896985,12.949111905846241,92.39995773037438,15.262619196720326,67.89347090912722,28.866795146623843,237.50735322388965,228.61070727840078,233.01584115828007,228.43904848301773,-0.136334573,-0.311165506,1.0297815573324354,99.99905715782229,14.542983909956275,160.58983568960164,1.8564267714267644,0.6953967505451684,114.95335679059772,37.81372820967103
ESP32_VEH_01,VIT_CAR_001,1.77135E+12,92.64885301379762,76.35096185,150.66798511134726,83.06601069,1677.0788674699838,46.384716099699915,10.42957236464737,13.352466462419406,88.39459896307382,16.389977068387775,41.78103583469027,34.84372171324749,225.75154709584376,229.70059071662487,235.26046200180497,223.95524905955244,-0.587166122,0.3254701209451047,0.9311510920829337,102.0116572336935,13.239490803473338,155.57590878894592,3.1182421549036086,0.9771256392893106,101.21190755834095,41.29358394373085
ESP32_VEH_01,VIT_CAR_001,1.77135E+12,125.2401307055711,80.61789395236364,170.8491182035977,100.24482936587285,968.8396953722024,68.47235212167963,18.55806914671215,11.924318550702042,77.68529802147857,97.58511508614448,62.62325837511051,35.646017576118695,225.97900670245625,231.11414895073227,235.89854624660808,227.78534203108924,0.31405826696375083,0.095590938,0.7714037020054796,102.35276792759693,13.96169864779326,155.25747669407303,0.8933952525254103,0.9653298195587057,131.79387605331775,92.3255783
ESP32_VEH_01,VIT_CAR_001,1.77135E+12,115.4299866757378,70.83554937126831,180.89080173120664,106.87133196352269,4014.8374829597597,49.17251366347487,14.724456435550564,12.608891846721797,90.90608575617482,76.64735524378999,58.423026628126124,21.29207008996804,230.8310224359088,218.77249981411936,230.6862313,231.22463286886693,-0.300590872,0.097772966,0.48834105615251144,100.60404354939641,14.37371343970197,122.15471599059885,2.139669159,0.6028547764178273,108.08096448298254,55.74279820652981
ESP32_VEH_01,VIT_CAR_001,1.77135E+12,100.12711382074095,77.80826379223656,143.7342213117091,87.75772291684147,2207.516985,66.19013178930372,18.234551567669733,13.223316955230327,80.90859074702925,61.591669225134936,51.044100254942116,35.721065182268596,219.7079591,222.96576381441963,238.37918364259085,226.93638663283255,-11.19338223,-11.78886998,2.9487196438172534,108.66440865893577,20.67508650631667,119.78329519750454,4.848297404654893,6.735835998501793,109.8430004987181,66.48145899128852
ESP32_VEH_01,VIT_CAR_001,1.77135E+12,132.79142498288456,72.77949020133454,109.54786146903226,102.08673453135292,3066.2958192181195,80.04688225,17.88973768328932,12.43776113395166,84.64522002152157,59.78967743452067,49.94023319,31.672923141898643,229.29084271895454,229.01462865547484,228.82602837822412,222.39203605170542,-0.202261902,0.7363432856473202,1.2802945453767933,100.26483140546179,14.984178377036049,185.8812108104428,1.0470849126937112,0.5041463482683796,138.95583830931972,75.70577523
ESP32_VEH_01,VIT_CAR_001,1.77135E+12,90.20988189860114,74.23467510777343,138.06989327932178,87.4521299,2369.7840292352266,66.30071142344853,11.459959504191046,12.790038218557198,81.88811652528595,93.44703611278716,49.51047034598726,30.00177301895566,229.70674546671918,226.10038297947364,229.8529911740859,235.04546949377922,0.10472953276222025,0.19964142652727884,0.87144219,100.4920392627784,13.808793170587348,147.06847055516852,2.794704111491983,0.5098676415537677,102.88731509630078,62.16767365417361
ESP32_VEH_01,VIT_CAR_001,1.77135E+12,89.44702726783702,75.68001373586037,145.65828187012647,87.77997668097053,2969.777458520194,47.556655819595974,11.560268383159372,12.623605507813977,82.04080549178681,92.79876281197895,60.457222882662634,32.57437052029557,229.76562621746223,223.64790639491915,233.3288843402911,233.30856241721898,0.5664809418528665,1.124661501169004,0.631192116,102.22085963358549,13.81887139455039,111.67774803908344,0.8529210248680721,1.0777540200170688,128.97387777285275,67.87373364719178
ESP32_VEH_01,VIT_CAR_001,1.77135E+12,88.96360772959511,68.34053948081088,135.5399552408387,87.83731956,2354.2128326700736,50.401964477156206,13.06381715957777,12.710736197021358,83.11223081179523,17.435258175052294,52.09403727938927,27.02474358566079,220.91829844284874,225.6667872639463,225.69278656525307,234.80965987081342,-0.109488943,-0.424611148,0.8600315070816721,100.6785492918919,13.709907190702697,193.24942344566836,1.3564737953040713,0.645284026,85.61904387069448,79.33704512057889
ESP32_VEH_01,VIT_CAR_001,1.77135E+12,89.33021345460645,73.71580354714351,146.83571098583596,83.61726653171897,3623.431405069362,99.59977399967784,19.145726150403764,9.786733024415824,45.856269761946955,48.76558620373109,41.77715182,31.18100689865715,231.4326260824504,233.33388701697976,231.5653390325309,230.04586521420566,0.1552340249109853,-0.503810636,1.4042524777039733,101.14582248746122,13.292689599204383,116.65027065883751,1.8540560435162043,0.8981977423938065,112.54681302584927,57.57879802982056
ESP32_VEH_01,VIT_CAR_001,1.77135E+12,84.21658635256651,77.14600417378902,158.92351887060374,81.50019168234527,2087.342609728851,67.54866720687185,17.794927391288542,10.353706685861034,61.308036572823724,47.48035319557138,46.37013115479843,30.330112861143043,228.56499868895924,229.6634712486191,223.96382849876557,225.9490806716672,-0.779495045,0.056240814819994586,0.9635432907082837,101.3972492010308,12.948966370312384,146.4196782018433,3.945251098913084,0.2796771526516564,127.21856774986311,76.60503975
ESP32_VEH_01,VIT_CAR_001,1.77135E+12,84.35947707723747,75.45942864226235,127.67153021995878,86.27077619265908,1960.150274282195,92.23393988540529,16.57162245781049,12.809578067576997,85.69814062902178,14.461924878664792,47.634521764394506,25.251127657362744,222.83817168420947,230.52277197193632,240.1583426862008,237.4515505469582,0.050347997,-0.119272687,1.609284300084651,101.82205899660951,14.257614417090636,122.7589251,1.6570202806934342,0.7569217743368111,134.51872606168956,78.47277390395746
ESP32_VEH_01,VIT_CAR_001,1.77135E+12,116.49310201094833,80.90043852926883,133.18952330079665,108.94472912898178,2136.8611009665815,65.48001815773716,15.795594006388455,13.004254128153146,88.48117202074002,72.68090596836261,50.28478219447952,26.397933491513978,231.16980164844225,223.47595579421414,229.40315779038167,234.63899286602106,-0.659054709,0.4307427507909354,1.1021770174259578,99.67934753618478,13.884251215665003,148.9340231530558,3.0858994522800023,0.5817251360964216,132.08439313464064,55.76593603454166
ESP32_VEH_01,VIT_CAR_001,1.77135E+12,86.61839801,71.71512873197477,173.29142892003057,79.61269211631533,2377.2148511075447,64.72612908696634,16.930314903190514,12.606732252492861,76.74263974451492,88.00373455239618,45.36674070452337,24.58436992,228.87236050187516,233.86073496344775,228.13480026030464,231.12809403006395,0.39824413832157424,-0.820148455,1.198247391810899,100.02707884329229,14.479253399503621,133.39389541092277,2.4498849309871455,0.5477073132270521,124.31835839376569,45.035838936387925
ESP32_VEH_01,VIT_CAR_001,1.77135E+12,88.46815655808784,74.32106458705411,147.9125566359766,91.4185276,3070.572326299522,52.98724609242547,14.952034022389254,12.657410155417619,87.50487600200134,89.36441626465808,62.56990654238983,27.096631075251338,228.56727862145772,223.35924414376066,229.38637273323062,227.34164050222182,0.1700209297169735,-0.048550195,1.1020139632994104,102.74392136829542,14.125347638991757,228.73354708550914,3.1325444153114113,0.7105420600214641,105.47524500199047,36.54052280541153
ESP32_VEH_01,VIT_CAR_001,1.77135E+12,112.5620101817911,73.69617055733326,146.75560670363802,110.59763793448882,2856.644020661651,50.74267191197728,14.305305630003158,12.10374060129969,86.13235588878442,21.500162328062892,40.18975962568923,33.84646850754386,224.43791814649262,229.4387132886507,232.03464942456517,230.29171301194697,-1.392940313,0.092304308,1.0660733359677623,100.94578572282148,14.299286954487117,158.38943908161536,4.079433949768233,0.6669501903786768,138.0441997823108,66.67152983547835
ESP32_VEH_01,VIT_CAR_001,1.77135E+12,81.60032742328302,87.70098202593212,141.35287168854333,81.04196776489368,2705.0183828011695,52.73768701103979,16.86424133634412,9.738790168128759,58.461741935704374,44.98363969741907,47.94316405611503,27.62158973675254,238.81648957028855,229.6120809965818,237.02801983692578,226.45391530291462,0.27430614806669523,-0.283580653,1.137841364927891,100.15276689636345,13.707684886523255,113.8197241761037,1.146119120190982,1.2126484873445702,112.32721876815994,67.7802092
ESP32_VEH_01,VIT_CAR_001,1.77135E+12,95.48296228667942,77.26398621459478,124.1805928326455,83.38060679116361,2942.1314301533876,68.07296492,16.58938708202522,11.730597599007522,85.35998235454758,32.336890654767544,51.89073411746482,27.13220854069784,226.57441150012738,232.71348155914788,237.57874480470915,238.47367904702247,0.2517447826913572,0.069193059,0.5773673714495131,99.69440440570837,14.523603160610534,157.71319897608637,0.7973730057288548,0.8086428582648474,118.88956729825937,60.72816223905545
ESP32_VEH_01,VIT_CAR_001,1.77135E+12,95.83103032,72.17016908436815,139.31140040374925,88.47082345393851,1472.461944044243,78.71753340623557,16.47348035079731,12.178676057160684,86.39546333149103,15.054896724914649,66.64034708826898,27.10440512365609,232.92345689406582,227.6071537005187,227.63202272071038,225.34067468768984,0.001057208,0.9512264489566311,1.1232031645733676,100.92889748289704,14.143424469788668,199.82707818194933,2.633006767400645,0.6651737130972203,124.77926589824449,59.77018806758061
ESP32_VEH_01,VIT_CAR_001,1.77135E+12,92.84986717892177,79.32138703902511,154.2555623279582,85.76517575396763,4001.0844813806584,158.24582729561405,13.654100435344896,12.80732447,90.83086626807767,25.21916999153418,66.73517342138632,26.19165748063446,233.13308252753708,228.2822401,227.81391691868586,227.2852512582318,0.10245194020602011,0.015511532826013048,1.2632345267835279,101.82401386560635,13.75166403629928,517.4838770783783,1.3556855551094324,1.6857769162440621,111.0109208282427,75.90410456372405
ESP32_VEH_01,VIT_CAR_001,1.77135E+12,76.94036185361362,69.88670189308617,146.2246440206309,86.28858199735713,2767.9220783193196,34.11239617022166,13.187887368141755,12.48581609355615,88.31394738813322,68.81369319,68.40351256495798,29.17263082235247,235.9244874693878,228.44461694898405,223.56283626298222,230.32559,-0.590504797,0.3184231326714722,0.5207347333646033,101.59863117288343,13.345255292929034,117.78949619664077,1.7357324912030052,0.891018649,116.08778488065579,51.106066106294584
ESP32_VEH_01,VIT_CAR_001,1.77135E+12,85.13401756209515,76.13419793642343,171.3117911,95.99495883759344,2878.6053709617872,52.47350137181526,16.026427981210926,12.27850298,80.61763376462824,89.04266989766242,59.483927111710145,31.99815343312337,231.05564192338602,232.89424061152542,226.41680284379248,231.85970731644963,0.8758532951770308,-0.299925243,2.0541583703771944,100.51071052822982,13.33388270753105,27.88491022,2.7988990513654497,0.8031745958384932,88.57332493653466,73.35024341929363
ESP32_VEH_01,VIT_CAR_001,1.77135E+12,92.18185658506252,67.78745909,349.67206548044265,90.55337929454322,2851.471036687531,100.39923488471553,15.394648099014065,12.831070211747829,78.76289684035748,73.14348306,49.01622873113504,36.17139078680121,228.43936013362807,227.34151497245807,236.48005164760798,222.15780954520633,0.16127204675771326,-0.817287307,1.290996533492637,104.26978500890924,13.93380319872682,131.56908707347816,8.073788702999519,0.6101626792999689,89.36550818,35.46051322067775
ESP32_VEH_01,VIT_CAR_001,1.77135E+12,87.97426335249448,67.56716124,339.6503496818176,87.80634116651616,1715.9037379434988,82.05901108015664,14.607453419594453,12.580258459923938,74.66879686557328,47.892015692138706,55.663686133149966,23.98394641920502,224.4032500649139,231.08098237462661,237.1566923970451,229.03678364887344,-0.270152318,-0.575383603,1.3582708432075175,99.46831800821056,14.390451984148086,114.62613897300447,8.488405704163435,0.9882851591307314,107.50247843355672,52.299542110236104
ESP32_VEH_01,VIT_CAR_001,1.77135E+12,91.60948623221483,81.07018275544762,245.09557507181034,86.54288078101017,2508.754274,107.9643916319416,14.990668876972045,12.571939159554045,77.30866641704058,10.064405179748862,44.578892950110856,35.541724524678884,226.04330566755993,226.77813949191525,233.51200187130797,233.02374315361274,-1.020422735,0.16537927193923854,0.2913906495315649,100.93810192060559,13.900061071021609,275.61995530631646,9.443149624854499,0.30661602724351517,111.79442581687064,57.67245366557235
ESP32_VEH_01,VIT_CAR_001,1.77135E+12,86.42212063906405,77.09527427396857,158.69119460779845,86.58072189035425,2499.032979614095,55.359623956505295,15.649383052482337,10.53552628596419,54.94743716034799,75.16917317,50.61923859173293,32.397463140678695,231.54014343291868,211.58968159720538,234.40476549695308,231.3701598971492,-1.227455276,1.1189793657506597,1.368738896069171,100.78776148704874,12.488757930697172,210.74917032127735,1.3148532815830416,0.7625499073263337,150.51984332030176,30.92184366795727
ESP32_VEH_01,VIT_CAR_001,1.77135E+12,89.26855994311332,81.82164275694632,147.72587778553037,77.82049311906576,3187.860082473926,58.18501861667777,15.238155313973937,12.688940735867739,86.45647406040433,76.41366723495517,45.98632239744984,26.07409279711986,227.00730532713104,224.90080941533293,229.5709889282211,232.40750766300698,-0.28814754,0.36915871966844355,1.2518698598350992,102.29727088053707,14.694480995296548,98.01801891963567,1.950720941165422,0.7613928321874986,131.51889879472378,56.295317069074514
ESP32_VEH_01,VIT_CAR_001,1.77135E+12,124.13234504329662,82.57462727687061,154.22466050874925,106.9316708132698,1250.3809780566635,42.69360222613709,11.187070173472318,12.192685156129677,90.30501189206585,56.51734782227584,65.80158251521814,26.359290502584685,219.9119064,233.1766623886213,224.34539643934824,229.90344579477247,-0.507291565,0.5695126823510291,0.6931929582218186,102.41776593731261,14.006424237529016,162.46253845461072,2.435112674783771,0.20395509573149084,112.64368995026659,67.59643463
ESP32_VEH_01,VIT_CAR_001,1.77135E+12,83.11273314,80.61891153,141.80752173576892,83.90960741,7110.455825007017,133.13372767691462,13.777180685818871,12.42010477049762,83.75372639419322,11.514425430283609,67.14184769553549,25.858278655802856,231.64935732538146,235.16265470302497,215.63484633009057,234.9399193971517,-0.623643932,0.33473085884590026,1.009034299557319,100.82427411034531,14.849758181400569,513.4423083901622,2.8271043514811964,1.7235156610202562,98.24410926810737,79.12716488234535
ESP32_VEH_01,VIT_CAR_001,1.77135E+12,110.59862268201704,73.59993086,87.61230527554733,109.85095733111821,1503.2193995747898,78.63881322582957,12.591132544499438,12.028854484459034,83.19893102,99.63179020317963,68.93314738698443,33.25178763066363,235.89023179080974,231.82917576028473,225.44823075896025,234.33461928310288,-0.297936896,-0.183981293,0.9548292959067359,101.0837966162584,13.449738012442259,96.95787974137353,3.580199044704881,0.999353401,140.6327790558978,89.66390992185323
ESP32_VEH_01,VIT_CAR_001,1.77135E+12,88.04330772089283,70.33744533944348,189.06404144427583,88.05096352513615,2330.1858209692527,66.92460413600296,17.515103258154156,12.253766317628324,87.15982131027798,17.731953300232902,53.10345314679218,30.267078517206144,237.84098816897773,231.27917645924958,228.42922026896613,239.94850887774638,0.2873151960740978,-0.089030829,0.7899247534797698,102.64973110661222,14.378970967887033,179.73624564622395,2.5925805374488937,0.4786342271238867,113.62244912533698,71.31889195692327
ESP32_VEH_01,VIT_CAR_001,1.77135E+12,84.93330620078306,75.87314105,171.3987023296101,86.65075527194827,3264.8714501493646,80.84263153,7.260868471294711,12.54646916845369,84.88846070134872,59.86028209,67.93371292782493,26.438395668312545,242.08518664417971,237.18937297768534,230.04815152842164,226.92441246335838,-0.132673433,0.14331277969164016,0.7186284842763224,101.18069061829007,13.451528596067902,153.12195203346784,1.4452798292526174,0.5345105841699611,98.31034758,73.51987761519605
ESP32_VEH_01,VIT_CAR_001,1.77135E+12,85.73456389,68.44498195730873,143.21957941545782,90.67734004,2376.9664824635074,53.29134307788893,14.152117781250094,12.333782279386728,88.75264864625764,19.676011233937302,45.73976361827236,32.57050246634275,226.511581,238.4818802523659,231.04127371700474,229.2802061622443,-0.399704053,0.6011983272852699,0.8347483802396076,101.24837763421294,14.008701566782435,170.6425453138509,-0.162284466,0.6603463659247113,107.52494070861349,38.82489268066856
ESP32_VEH_01,VIT_CAR_001,1.77135E+12,92.75338869,79.60200653,154.63553451094668,91.2734408,5649.593430318298,118.96052017786172,15.057651335203367,11.934838646709439,84.60930250580165,28.84207308268933,44.50627321059102,28.644039747774205,222.47550441895157,222.1246252624732,239.13337431329137,232.81770308494828,0.3218888206299423,-0.300666839,0.8142563636996765,100.40074432156389,14.230267603778092,398.7039650501397,3.1715123977323927,1.6078912888736983,154.26841292367433,49.059325123768076
ESP32_VEH_01,VIT_CAR_001,1.77135E+12,94.12781411026732,71.24378720293464,119.4490218534385,82.26338762134283,3326.636959310108,41.070465343985276,12.90890106575409,12.39188926369486,90.88613016167315,54.59595227900904,52.11667730832587,30.97117653154845,238.01805449296296,227.50181983011822,233.66740163507498,242.07616948728977,0.34515883520036167,0.943052267,1.0321604437684277,100.67784110250619,13.689157756492426,124.56565837479164,2.646601131,0.62517346,71.24020939,44.74548482106812
ESP32_VEH_01,VIT_CAR_001,1.77135E+12,98.29532388,79.34233572845108,157.64466966510875,83.63081670446746,1975.448036025304,38.298005988394806,14.490623981845157,12.183795270447275,86.83443077730955,10.638376591518503,41.94261348,31.58136981147268,228.7937026348668,174.15153377995827,225.4112816316558,227.59659289458563,-0.058906239,0.4374374454010328,0.9499080075577371,103.02087895032237,13.106215130650323,171.93538000152245,1.9155049736605436,0.5911504571570805,162.8034996852776,73.25952186263822
ESP32_VEH_01,VIT_CAR_001,1.77135E+12,90.50263975909837,79.78680829617082,176.19996920772363,84.04750802862804,2445.9779289197545,74.02152823302433,13.263862098959727,12.827499406700001,79.93833097449223,29.76484079104017,47.166870141208655,31.412438146068652,223.0100589581136,228.01515823261306,225.0641308618964,231.2003129834152,0.5832280580905856,0.3611589389769348,0.9992729961547184,99.91126268,14.760699803793267,179.75291596150905,1.4977813227277847,0.6800912375057048,130.6456060703695,39.52722107275313
ESP32_VEH_01,VIT_CAR_001,1.77135E+12,117.50612525112285,75.94142700903957,140.16722568050272,110.1304464256535,2487.7620407891554,53.973782149983386,11.916815537335502,12.574265610069077,95.66094063,51.256742363811476,46.429348269674634,32.528734814976666,237.8974548225775,223.8329285572995,225.89301475043865,235.74391897018972,-0.018007027,-0.70920374,0.8131907037140409,102.4244497412041,14.909728763205562,146.13570842704675,0.47490780915572817,0.3770892833226362,98.66370734624725,62.626295129900655
ESP32_VEH_01,VIT_CAR_001,1.77135E+12,92.52859444855412,74.70202017680847,156.37209332234417,86.86930223741409,2734.5812173708587,56.91357910933336,15.911577846220485,12.607240064101482,80.61692863193574,26.936146675000725,55.04086086832429,31.002132218403784,215.42495753871094,230.98073528498435,234.99308009734293,230.5155504392426,-0.076679185,0.1311002008138282,1.1087111275881176,100.83750891153987,14.37281549105358,133.3380447826147,0.19128460599113062,0.5599305531300044,134.50441168788058,54.84215387
ESP32_VEH_01,VIT_CAR_001,1.77135E+12,98.95775576164621,76.55651672649478,178.03873597045722,82.16201362083983,2612.8169490040545,70.86441657230995,16.165933516073594,12.515108812540708,90.17490389231877,41.15266808897218,52.23999356228347,27.665834044639254,238.57116798949204,233.30885091536948,232.58699896891846,229.8306166631319,-0.345887599,-0.372670735,0.787991424,99.97954336720416,14.445781518283347,167.32547541139877,1.5204863776126638,0.8126543901915175,139.86584181265084,70.07104441371413
ESP32_VEH_01,VIT_CAR_001,1.77135E+12,102.87736044743593,74.41102354,147.48913985796796,90.51260860590456,2756.3326110955663,26.291803001185798,15.787718084217053,12.073960196203732,91.57531773722062,22.103363852245863,46.228203123724185,31.987220459326593,226.91289200254366,223.2846679413886,223.17423502864185,232.11825688182716,-0.281564018,0.414440076,0.7301968795963052,101.82518516165094,14.70578326477615,104.10555823626606,1.021872883879917,0.6209157390260424,125.1743570450449,68.43524466537582
ESP32_VEH_01,VIT_CAR_001,1.77135E+12,93.55313138241785,74.42788487230615,144.81592735507445,89.97548435704137,2327.423520465271,67.33061857663563,14.228631820077352,11.07113459678154,59.83468024001175,31.523395664893354,54.69215676895491,30.552689365608266,232.41831872388425,222.47089525774956,227.771245,237.42989866016484,-0.773151415,-0.755853242,1.4409523888707478,100.82760938289262,11.671335154176488,277.5410250760068,1.4377497174866787,0.8752478773261153,84.35207283461114,44.435732698038024
ESP32_VEH_01,VIT_CAR_001,1.77135E+12,25.063562807694677,80.59548472264369,152.5461856,20.187901407418387,1370.3096780286082,52.207872733262725,17.138432175952346,13.260606210513453,81.37612495515687,64.93150789,43.239106993458925,30.701267352426513,226.77887468514263,239.7806999488946,221.99166619030916,234.07096456849956,-0.231250148,0.022018184075422935,0.9818937902390927,101.23677338321093,13.73587768050805,158.2204216712826,3.236573930196861,0.8054301144827127,123.72943536487588,30.573604619330286
ESP32_VEH_01,VIT_CAR_001,1.77135E+12,93.68648414057108,70.76930365843421,154.90879811899146,89.01877610901678,3198.9057294992954,76.32482014184149,14.010965656497165,12.172430835565336,84.98698526626782,51.39963441875906,46.83038821503656,36.482297371761845,219.5811612,229.29038528373644,223.41638532773626,231.65705987990938,-0.230216883,-0.657878771,0.9350545635585676,103.0629177029355,14.192944293958563,194.48213465622533,1.752917554939359,0.6732227105232724,107.83972414062742,75.51811126688023
ESP32_VEH_01,VIT_CAR_001,1.77135E+12,99.07884397136996,81.67682759926737,153.02810505909176,87.99206981616125,1162.1853219799004,55.84025565373203,17.347244854825256,12.68583193739463,80.79600077978428,42.71093218991364,51.141467598390975,32.854638193739625,229.0680135281509,231.9699810332286,230.2275330384795,228.90162392087925,0.2663627100771132,0.088709499,0.7659000223325594,101.24422589599017,14.288070004832447,166.74283455478337,0.7666675994406409,0.7075006495946458,113.82539767514946,62.64780343190577
ESP32_VEH_01,VIT_CAR_001,1.77135E+12,87.38366138363595,78.09346105502884,149.2844666858374,82.65537698901868,2520.370349112868,24.82970602285888,14.708153545572726,10.882030058665693,53.49704638681277,98.28345228240941,40.80083812321564,27.786672765938313,230.64522930426503,223.48311372327774,228.64410018577183,242.02165824104205,0.7444951556074085,0.14094934351308866,1.1472871749883522,101.50030656549121,11.769706143810941,174.89783280057972,1.827833724079199,0.6133462004001277,91.07004705237766,46.27656809329001
ESP32_VEH_01,VIT_CAR_001,1.77135E+12,88.55636926651789,77.68764310842481,148.43352084224296,85.46354173417839,3153.9930012993323,68.14404522197319,13.226952493883132,12.881693182640827,81.66071932485805,47.21880239407192,52.035490645816914,23.143361309235104,235.24872091682815,221.94616849652033,228.86818938880228,235.04268009964292,-0.040449209,0.15775968486984415,1.1975728538120947,100.9904651613032,13.626692330508503,163.30329458450595,0.22668067234982203,0.35739170533284004,165.7084846443965,57.94141458212421
ESP32_VEH_01,VIT_CAR_001,1.77135E+12,89.72759686266711,83.90378023590583,138.97711841584496,85.04450326338436,5677.953320356326,94.11776657048839,15.942240147832996,12.948104850204526,80.28319716504213,99.16279569619685,47.39804959856423,23.30045033758517,227.7597742592932,245.88163470835133,232.5768294933313,226.08647864082886,0.4822784297371228,-0.074173178,1.3516329970188121,102.34766941843694,13.978227569016912,471.0191501909226,2.7559017832734973,1.8069828608650422,104.21256262929715,45.026655663397506
ESP32_VEH_01,VIT_CAR_001,1.77135E+12,133.02500053256392,84.77799618038571,160.32888510586992,105.85746910323437,3490.375905731877,55.01410242945616,14.020831689209693,12.499112506371095,90.76717944750472,70.12080806389511,66.22892135219497,31.236663485498436,229.71332966097054,227.99290333759467,233.76362462210838,223.90289152834788,-0.220213399,-0.567996543,1.0721370400106454,100.60515560367246,13.781966237384433,206.91652406149453,1.2945191761410186,0.42887284884498356,122.83088948052522,59.17407751649224
ESP32_VEH_01,VIT_CAR_001,1.77135E+12,91.74838210040512,78.85056191551368,160.20457283139945,76.30493061635774,2127.0737130692946,48.19497801,16.42212067,12.559790616890067,88.12919872339265,14.492519925032608,48.92916837,33.16452428446702,227.55778312191475,228.12277283835132,228.10731589594732,236.01710299044348,-0.731479794,-0.017630877,0.8323024211762646,100.93552899858751,14.260874879528743,23.304600898873204,0.8773768640032027,0.7969544214458221,139.09906303097654,31.364076514750046
ESP32_VEH_01,VIT_CAR_001,1.77135E+12,88.41391303024393,78.15091531259645,143.28250911552902,84.47792956269525,3026.041656055563,50.90793393238387,13.021394526668255,12.86105011727821,80.66858479267631,82.71836738252762,59.04305520140055,30.005169694178022,216.4673099,230.2739472,227.60125501569095,232.9402031566948,-0.249662067,-0.597314099,0.6731779411816825,100.67471714347232,13.83059690544962,148.84349175446744,2.699416040456825,0.6528581576940753,131.4577513224193,75.95449462188927
ESP32_VEH_01,VIT_CAR_001,1.77135E+12,83.33022074212717,65.54948793,136.45432068774483,84.95445222389965,1747.9659260008004,41.53871959295758,14.688278119873623,12.645183434320852,91.79566740764051,30.221472135147664,64.71941054256504,26.176012167061394,229.13268225701842,235.2591909496168,229.30380490924185,225.65084047605666,-0.817359851,-0.007677596,0.4215131038171521,100.44786496055168,13.177440238702633,231.0453329651566,1.324517539709291,0.6616328718595019,114.38437429283604,63.64033087840955
ESP32_VEH_01,VIT_CAR_001,1.77135E+12,98.98661613,68.91292686627644,147.94354510774866,80.95328553948706,2955.7699570469995,71.24103555072939,17.433009518378675,12.041674611893374,92.95662064142441,98.92816208158294,51.80301904461919,22.486443628127244,230.50243951817913,229.9832254083831,226.06178500197154,231.4900143963829,0.6147470141592962,0.15585162034718555,0.9464728386873562,103.62369292174648,14.413181758020968,158.47867953022717,0.9508023860035979,0.017667796764756494,112.34733740853832,63.99551432363262
ESP32_VEH_01,VIT_CAR_001,1.77135E+12,118.98377824938433,77.29960320326546,138.45478803178588,116.46471243195835,2493.5717108774056,57.99263307,14.037910328093187,12.730172062911567,85.83681630600807,64.41878934524016,48.983843410639906,31.75278825511289,234.05094832229707,227.0534540830008,226.04560505245277,228.91979464518886,0.60990548,0.5894719443724629,0.9364520230395769,100.5451276645994,14.149425394854765,189.8291500180245,1.5078652026873767,0.1594248500096701,84.56282698,49.796970739165026
ESP32_VEH_01,VIT_CAR_001,1.77135E+12,90.09566271,72.52797389937864,139.34794230305226,78.20835304895435,2164.4187324141644,36.48588443860982,14.486019098944867,12.759377066238745,74.70342199787852,52.70242680498806,53.92818882097657,32.429006369153406,227.05659238652956,232.02043091490802,239.17729941030703,228.48839522030036,0.17628943014889223,0.45923656639400956,0.9022001938126153,101.30459948077414,13.811820146379981,242.61051455339447,1.516498618640611,0.5797298250533457,113.08489705477973,64.48574688435457
ESP32_VEH_01,VIT_CAR_001,1.77135E+12,82.64568968466651,74.80892320880766,324.1560382670906,80.55446475273725,2130.0934654181115,76.45459122551493,15.201867814408638,12.715911806478724,89.58522214207062,40.04180352041894,61.34719284786898,28.080893337659454,228.16864481281468,226.15437465659107,234.04949671962828,225.03631780315436,0.29095709682999304,0.15119697716373878,0.8131340770425028,100.93018826345539,14.180049105371237,265.9838924,10.765171532617105,0.7796569304628209,122.1944361493324,67.42634233747393
ESP32_VEH_01,VIT_CAR_001,1.77135E+12,80.05143513400078,75.17230705621151,195.2021324490369,84.03679218050615,2340.104390414636,35.69125458333693,16.321801251299494,13.10644481,85.86228825358108,26.450927862911506,50.06886721750628,23.523894930603575,233.9244368122153,233.14452076525063,238.84089118710034,227.6579374286494,-0.343296822,-0.14538836,1.2921283342876104,100.6985026250747,14.69769942646183,239.9921835863424,3.0103212335006564,0.8267799995246267,116.16580632124095,39.585772309415205
ESP32_VEH_01,VIT_CAR_001,1.77135E+12,93.50628198,70.62959811,148.1001824639533,84.7998199,2900.3791617754173,38.765224020226555,17.17520817780811,13.181792638621124,75.72077017531163,20.66598363449617,65.69320371880725,35.788917486897226,232.16648067423716,234.26060244513707,231.79142890525978,230.44939575548045,-0.532416835,0.28629342108219075,1.1846145400969181,103.25793341554893,13.945555124823704,150.3549296547041,2.6225902861357713,0.9335325595313005,128.55889855181456,66.63466293263338
ESP32_VEH_01,VIT_CAR_001,1.77135E+12,83.27777599083923,74.60845415544037,306.4792201133493,82.65020772486166,2579.870173717058,103.84662329158817,17.78478735391449,12.993268749085104,79.39352412570669,16.045078616233745,46.57085349380443,27.472425355203363,228.70474738639848,231.27759829974914,229.95066129203164,223.19883588220367,0.467855787,0.094768647,1.2827687664604006,102.204664,13.667911562632892,122.08757439513349,7.7390799909599615,0.7481866265671555,139.7363277815326,41.611668191378854
ESP32_VEH_01,VIT_CAR_001,1.77135E+12,97.36705911120633,67.79930005470366,167.25041669221227,84.84686703831103,2655.1745857058427,51.19529348981289,14.608555821969691,12.319291181973018,87.30822087478336,60.87740936645517,67.17595010975093,26.28987636823868,236.9840585476331,227.85189418814744,230.2816962401188,229.1384210612675,-0.361696296,-0.460433927,0.7044250350074421,102.11062690601413,13.963070244882745,192.71345372222135,0.9527162345352309,1.0609172222718954,86.61458101106456,35.49154988204445
ESP32_VEH_01,VIT_CAR_001,1.77135E+12,87.80684056275167,79.05998213950507,167.6641814467402,84.28088190626416,2335.9199778233497,51.27375504802177,16.164646910164837,9.929455811724143,54.10552786621068,84.95964569168092,68.77289340972555,32.65242530580347,227.28157151171274,217.84482629474445,225.88048323204515,231.40818065112418,-0.207539461,-0.326570813,0.8120671209724062,102.61237357076365,12.434889060273862,156.44242588925496,1.7443057786367464,0.5203466179478312,99.74075690984799,33.74476560270965
ESP32_VEH_01,VIT_CAR_001,1.77135E+12,83.15112126505844,79.03897429236036,158.63658479901284,76.18446566,1803.6350778043548,36.09328528904267,17.845684415711357,12.798958949348737,85.02551748,99.69833625743689,65.56623416134428,34.556106892277995,227.29107949508236,221.64902576248886,226.2519386288733,233.02382516710077,0.41599224858189143,-0.928874579,0.8478186192193202,101.31218473271142,14.793509271205954,108.90190876114762,1.903061821909878,0.7384832231919713,99.376257,71.70292094
ESP32_VEH_01,VIT_CAR_001,1.77135E+12,88.38931221239443,74.39054148853836,131.36313317269574,84.53324263095126,2873.8970027226906,70.59510701267558,15.179092577319542,12.394865249927786,93.86818294770319,31.251728293811418,48.46323664857091,27.43296651054112,229.22198101739096,230.02951786337226,229.12643722501673,234.45417811296582,0.38224400734348846,1.0758779493825221,1.4244823852503348,99.14618131,14.40298640026057,185.9625046,2.2038793276896786,0.2823659851872593,106.41810917018678,42.46856504335051
ESP32_VEH_01,VIT_CAR_001,1.77135E+12,93.20755577,77.10677480027383,125.3634546870504,78.74457087279085,2300.434043326644,67.96252799091539,16.701876906824307,12.243016175813917,77.39903843510713,68.89572213241269,42.454083888076916,33.04534140516828,225.71735031427102,223.86739721860621,228.93898918851738,231.12506649543968,-0.773099242,1.5108952261581974,0.29215218118941655,101.48460677723443,12.994314150070423,173.7078527523243,1.7470534147247259,0.3536037498184231,119.50347028683714,67.15126908128008
ESP32_VEH_01,VIT_CAR_001,1.77135E+12,86.59303787117638,75.79467611813928,144.84217011600367,88.15230638697847,2631.3251342340227,67.37975707733877,16.332535047817352,12.94413487,82.03537742126954,48.05640679089046,61.64352053629625,26.227844962546705,235.94267398232589,234.94675567590792,231.9373250909212,231.96549350973893,0.5137415006100224,-1.075536793,0.9489755260770808,101.63859130412114,13.356119215699831,172.7330450138159,1.4879066919817379,0.5864724270051778,124.09391933432485,65.21955366
ESP32_VEH_01,VIT_CAR_001,1.77135E+12,94.86854380001476,74.50287122,143.17298727839335,85.20761625622366,3042.0397473794696,67.63678224709194,11.918838437932433,12.290078236450894,83.16643232451084,52.84894920834603,67.77344198794356,26.449898975003894,226.83523514333453,239.30794369648387,233.66338692108087,232.2208547196925,0.092880949,0.2265944981810164,0.8566564729718416,100.87831935017836,14.183445080830115,112.18119279071746,2.5146599254413236,0.3236315382724082,110.94039617183319,64.44006653494645
ESP32_VEH_01,VIT_CAR_001,1.77135E+12,93.30916913633882,78.12034781993584,123.78178967743831,88.56569546880947,2111.8040415273094,76.55754987,11.975116753281647,13.220946358420907,83.86047420976382,30.076219013702982,51.430497465454415,30.67764954462603,235.7026315117661,223.11222625122346,229.8726952318316,225.83571375249247,0.2991329797901872,0.43715079,0.9497377849074379,100.89848207914902,13.53282450509943,174.29095577794607,0.7191689042123257,1.064581277,139.2860775107195,55.20258015506495
ESP32_VEH_01,VIT_CAR_001,1.77135E+12,90.80683065,71.47717471430846,140.09043214920456,84.40227145538073,2482.885484312673,44.70144011544576,18.71846406232095,12.854954389509457,91.91881466282632,43.35817602774946,57.01017912283326,34.748201832311075,214.8662080458274,223.2632911590105,236.71077706317453,226.04115620211564,-0.287880155,0.7208942663062626,1.2764231297892001,102.13552247356236,13.877189400103008,102.76434871022335,2.7981635338441335,0.9061020680853289,104.04651494435403,31.86974379070778
ESP32_VEH_01,VIT_CAR_001,1.77135E+12,89.14367142705156,77.35237261292362,157.72864501153023,81.73732606,3293.482152051994,68.50883711390435,18.539738645742126,12.573910459493517,82.47888715434308,47.35253657317985,64.71499110149986,27.365713213443993,234.60044952683003,237.84736599624028,223.6970329910211,237.4200633841707,0.022656930614001453,0.11771034346686812,0.9658792575761647,100.68673683871897,13.174238594272362,200.99951291305274,0.2510520482031402,0.5427203407885214,98.70092772092332,73.44009555362099
ESP32_VEH_01,VIT_CAR_001,1.77135E+12,90.77968007564029,75.39887119761896,130.48465108616978,79.05721864863015,3579.6533833937838,47.30530065377323,13.562266749368778,12.295567648613137,89.45106734851808,22.926258789779617,48.344402351628986,35.758717719439346,241.77809247696274,228.84718461390506,229.81335475289194,233.38709734880493,0.137491293,-0.381930264,1.203073116051748,102.09007335402208,12.982110363599716,168.0160519368144,1.8448317598815007,1.1959831324399597,106.8571135321179,72.59287177718653
ESP32_VEH_01,VIT_CAR_001,1.77135E+12,95.03894274453624,72.68947832329252,145.2005446676874,79.41911099,2285.5189746008823,51.85906727691053,16.96069869998227,12.440905410585811,79.34893731123736,87.33058968727146,55.839783843712546,24.164810337148687,243.0418556618434,238.39615817634137,232.5593173869169,226.9221585500138,-0.619397396,-0.211652778,0.7174189514214321,101.05839662200796,13.730060008907316,90.55238840072775,3.170497847,0.6389292918659902,95.80414682342578,61.32543688312928
ESP32_VEH_01,VIT_CAR_001,1.77135E+12,97.41615950867218,82.44362957467945,143.5928719560613,90.48330357892297,3002.3829474836357,49.893158095136336,15.634390661281197,12.35386734857932,92.82354593080643,48.28625835867715,66.19938572596924,35.97929766473117,232.69125709109986,230.3910269,223.48874228303936,223.6920079335005,-0.532593556,0.068298392,0.609516255,101.43123325885526,13.095534830351832,171.8591199467702,2.8556945466992625,0.6447588698312682,154.68896945822536,72.44262576
ESP32_VEH_01,VIT_CAR_001,1.77135E+12,89.27216433605841,81.23798844,133.21814141327937,80.96683407445951,2225.513783,61.00815880610874,17.72169367634454,12.94183771141113,76.03290295029589,54.73577849750839,57.53601621,27.59722564466636,150.09350657909295,236.4893539740076,230.52118861122216,227.63040739332914,0.051472924060500705,0.39712669953175184,0.9931164668396646,100.99419500119816,15.142480403173089,290.7448690266546,1.5027349364531881,0.8718622790452519,111.33056818243995,61.73351739297924
ESP32_VEH_01,VIT_CAR_001,1.77135E+12,90.39964551932916,75.28189386,146.3111927,80.05494367706574,2309.2373368034932,77.24314144248082,12.769414691416236,12.898800813625074,85.22227608670478,25.263060793580742,42.482225192896045,29.373037298593086,238.65660653658531,223.0163028589309,233.47037796169573,237.56300822484826,-0.106618225,1.0593213147601521,1.0419454184607941,101.14736974958882,13.152112254687362,147.8050895339576,2.0211446347274484,0.7650376405939145,152.50462230358005,33.326432872642286
ESP32_VEH_01,VIT_CAR_001,1.77135E+12,78.78376609998986,74.6979034,172.04593016678515,81.04520767976817,2796.3190850601795,63.62492970276344,16.460487446828413,12.16566280532225,84.98810433303085,57.459874091635434,55.169135250105434,34.23441639661945,228.32459173519385,221.81049509347838,233.32509602955122,237.77159634465053,0.7070791244319204,0.6755586147969809,0.6863523888210883,100.99980661251297,13.927132248241602,173.6227358,1.9256292526403525,0.6772976349060325,98.03653627603993,70.869414
ESP32_VEH_01,VIT_CAR_001,1.77135E+12,87.44429133752296,77.78498131234234,129.20321908993694,83.73826061876346,5426.667628766445,150.33371601830146,16.30341427939687,12.752795346446277,84.46538669920582,60.593594043003655,61.769020454549846,28.153123160649827,227.0481803965164,228.71679363407407,238.14687115767074,216.82240982631978,0.9104277753136195,-0.125650765,1.0453703423720342,100.33861220053215,13.401330521893332,615.1718027,1.1924254812344508,1.4186687169374552,107.54947182485732,47.397758077055656
ESP32_VEH_01,VIT_CAR_001,1.77135E+12,95.96116281766784,85.18035658955249,173.35668323457617,88.11239751002654,2301.950613672682,72.31916426542902,14.648129329446588,12.976743533682107,79.18318531686357,35.008379306322304,48.172012228632056,20.544631082650127,221.5787120050032,234.56568382730026,233.08275584342823,227.06776749002208,-0.024772888,-0.691800206,1.031586186885704,100.39677738163424,13.85135385999497,223.9321508127104,2.5951139869369104,0.5572556417884632,148.64804075923072,59.170963584129794
ESP32_VEH_01,VIT_CAR_001,1.77135E+12,86.10797048792843,69.14806002935008,168.3758912709026,86.08729759363601,2336.677403554645,73.66681046150016,18.532534457395233,11.904027873266138,79.14869304786286,64.10719730541453,69.93289079362061,27.088326233608345,239.85556201883708,227.99753053507766,235.19521601501174,234.59230276145874,-0.648073008,-0.495806114,1.052438278088896,101.96556401254557,14.16628203,180.86481441635436,3.543544382254759,0.645230402,109.3191083984106,30.45790727996977
ESP32_VEH_01,VIT_CAR_001,1.77135E+12,36.98164106411551,66.83983785390444,177.37596708889822,25.446555692608733,1031.3968733275108,54.38764555880398,14.841895846117717,12.028667531478069,81.65658488693245,48.08177719297748,43.660305817656976,32.16643456870123,230.34518412397608,236.32050392711875,228.42783445270342,233.12503726714272,0.11886788010371693,0.2329428331141716,1.462360287227626,101.16964485712658,14.157549208763141,201.8257443454608,1.4222586992899298,0.5565506661692593,115.08817471352995,52.986604816937124
ESP32_VEH_01,VIT_CAR_001,1.77135E+12,124.60093813650266,78.91993555,125.13190093213817,115.63803077868994,2910.8728966002263,57.991669132841466,14.504379372886877,12.21205017305517,84.10825557065357,47.81917233496088,67.66135765035554,32.287066100725475,232.36049391146895,223.57065361310777,232.7070038817068,230.6414718512743,-0.416047682,0.8843268529956392,0.9160711288002088,102.38100301023435,14.164837596833058,149.91522405195747,2.714296064397573,0.6369410768637573,133.75326201714537,74.35288738807827
ESP32_VEH_01,VIT_CAR_001,1.77135E+12,92.69999555207538,69.39165836986786,145.32333525300928,88.23444696824224,2998.8465602935407,69.26233165,17.58650007037307,13.03174223564523,89.49292355420214,65.98424781932673,62.530610834149556,26.02901504548802,232.23624257743015,230.7725205820185,176.53347444503294,227.08948971928055,0.2995687569973576,-0.614339865,0.6572164385243894,100.46020187896279,14.170482793402153,134.57665918132756,1.8045550161075536,0.523375124,142.46992336478448,46.414423937638674
ESP32_VEH_01,VIT_CAR_001,1.77135E+12,84.53126290918385,66.41829332870384,139.9081669528906,84.65189495892285,2871.341874512233,32.250091854972815,15.497231505217137,12.479368192689298,89.84047738648972,15.403995728837748,41.87341895590354,37.06014890257846,228.30816876627748,230.03580144486267,232.55126672352029,231.87169849660503,-0.414346218,0.38412303163400824,0.9669484687893765,101.6862863,13.261132143233711,132.1286421399526,2.221824210895883,0.8972131073426703,105.94759774577356,58.77199497448409
ESP32_VEH_01,VIT_CAR_001,1.77135E+12,93.48010791745062,76.15641540661487,125.92612189085396,78.7477525,2446.642184320923,49.25876992369611,15.033527677381523,12.854009957598045,87.37152907707558,50.25437467352791,58.026618750635976,31.460846655322364,230.16321076235099,235.7517813584452,224.39519819742995,240.63556194780276,-0.171156561,0.26706346692633964,1.2697906107425943,102.40155836591656,14.355513649161418,152.92811335139933,1.0862375013835877,0.7533448428829669,123.0463252365601,42.93250755130087
ESP32_VEH_01,VIT_CAR_001,1.77135E+12,81.84849659819746,77.31255753694224,116.6332458643795,80.76745377,5435.381351270204,114.72237018473973,12.943122181184785,12.499500807817007,89.69161428096969,77.71281776909913,66.51305940070108,32.759117190649505,234.28714534304015,237.0573016158628,223.35876477634574,237.17613853872234,0.036245568,0.403704669,0.9198841188140237,101.5153600049676,14.603921981797255,441.21029063951846,2.700322135084093,1.4524899080813725,147.2643499149245,76.88281598662584
ESP32_VEH_01,VIT_CAR_001,1.77135E+12,83.70877689291052,77.39362173507376,144.28194025096516,86.18516853310501,2591.3345501736017,64.24870964983079,16.240574438648878,12.09180573745155,88.13017441508079,34.21361739227463,48.44975166784988,33.69678664131406,230.56455411268837,229.0427417880243,234.84832794625098,231.1048960697823,0.10791524740213546,-0.468590974,0.8267236123927768,101.49863859015728,13.237496181484083,119.41930617587342,4.324634745760363,0.6357907416733135,151.68874781956697,40.78896351203814
ESP32_VEH_01,VIT_CAR_001,1.77135E+12,119.51709715442055,68.02844476834584,148.80895655157707,103.60496174564076,2315.7234497020395,71.30068467967043,15.087709514107246,12.356922635605214,81.99374354275355,91.63148739254432,42.137149069028986,35.99132555521569,225.65886637317027,233.38088986714948,231.96154117894878,229.6005335,0.2131811231167022,0.27728423375747935,0.5443623197089587,99.62215984288163,12.861257898614914,183.93721652931904,2.9161754557211723,0.6692846283926672,110.03074104848238,79.62251626984319
ESP32_VEH_01,VIT_CAR_001,1.77135E+12,89.76514978931186,74.77656805840373,142.14342088245735,87.57329907,1149.415524388095,55.505499999377676,13.55287672712637,12.423059622805157,77.83707461,64.42081346780344,60.06590675515804,23.072256598934434,223.37184397220878,231.1060775166152,230.6532478,232.7459146575652,0.4417918956493993,0.40458859697041033,1.467980777248507,101.74001789545794,13.990531005304316,153.27826315887435,1.8662627381773238,0.6139880043446588,114.29949772273929,70.20264662741475
ESP32_VEH_01,VIT_CAR_001,1.77135E+12,84.78362103636385,78.43698364891424,128.67113595377631,86.36855085064538,2000.1576603822357,52.26707159511481,14.065464919162606,12.477004927794155,77.83545552104569,66.80273581892482,43.84563637376945,27.65834221640327,235.19711836815765,226.60774767503204,232.05412363217826,224.2170445541443,-0.156530503,-0.627526227,0.8876844193565052,101.2630217523999,13.885811393597246,150.66761045934754,1.5654517626394042,0.6496769519029104,84.73714519,53.706209637859345
ESP32_VEH_01,VIT_CAR_001,1.77135E+12,94.81925127141565,70.30909938248021,158.03769061951212,86.39791656708451,2527.982399318547,50.249626215634585,12.365271057697571,13.382301174974643,80.42577978209428,27.21976879047118,49.590532472689716,27.57381386196611,228.44120558654308,232.42906499521405,227.15756654770504,226.0389615766111,-0.552225745,-0.435126479,1.4116872445768414,100.79236775053417,13.971964325464905,181.13299361506574,2.2649412070053847,0.8062460269005813,95.45794799441501,61.67272769326926
ESP32_VEH_01,VIT_CAR_001,1.77135E+12,92.52725245703864,74.20496241674104,146.89886777933606,86.88442675,2236.6783322256906,44.69325784250289,15.693162408575747,12.566582087472458,84.99746170081193,35.39412622289321,67.49658112351057,32.15368290793325,235.96536702501058,227.6518717669648,229.34599491944493,223.66092984033716,0.3225720807947132,-0.481688381,1.5845737969773113,101.07105249057564,14.565310288018665,138.71553928909074,2.7381460284176855,0.7954321247479148,124.43424469248848,40.359399630234456
ESP32_VEH_01,VIT_CAR_001,1.77135E+12,79.06914452523986,74.52149805184438,106.72488374205699,84.13982009277576,5555.301860343595,123.94637751027774,18.65852794458192,11.985871470950027,86.53804503762964,19.745725641807766,45.20171928858723,25.528989019154913,227.09945040617404,220.51764171883366,233.42711946717708,221.8229127833171,0.6752571141953353,0.5218925978074817,1.5703128410135963,101.48741689746743,13.710276728370907,524.3507327982313,3.1055590542673572,1.3873745540801021,146.28816767827792,79.20110368612185
ESP32_VEH_01,VIT_CAR_001,1.77135E+12,86.47885688572673,73.59756268033756,124.77930755367218,82.13328025352975,1980.9364319632186,38.94707323008508,15.19192338050467,12.235953777753268,76.37696087450274,18.76107985644123,44.912610748641235,27.276230086750722,232.8341364114684,222.6813821825683,235.9266908656786,235.53180183384407,0.20972142033886315,0.025232660173803243,0.44721571571481034,100.47413466786533,13.961666769835634,137.61473007575998,0.4797866678372864,0.7511052240738088,96.76379214,34.14537599089649
ESP32_VEH_01,VIT_CAR_001,1.77135E+12,87.19081439657442,74.68269138922007,132.7278456,88.12016233589485,3040.819276781809,68.23533975467717,15.067240052215276,12.084881114493779,79.11413669875816,65.83642683840588,64.93065315348389,37.09836931831291,228.29566730884673,227.79338391672118,223.61632275661418,235.6670686712218,-0.056132434,0.5853765642855419,0.884992401,100.75980615227216,14.554951911719861,178.10057991553276,2.362100326761653,0.6974370000398136,93.12060447,56.41418768673345
ESP32_VEH_01,VIT_CAR_001,1.77135E+12,88.15358720462582,78.92208280065206,164.6033991749754,82.71143863275022,2095.7298643251415,77.43735388865791,14.353686012604479,12.395430235109904,88.04095960346264,36.464833936573456,47.464570525067714,22.672667899523592,233.62754100462473,222.99005945487352,224.6629208673169,177.3439496747892,0.3216551072640365,-0.212414519,1.437871937462804,101.30466818042201,14.38013031363485,183.7543991184681,2.0212447020430435,0.8124148121846863,89.99884588220552,70.60961102935025
ESP32_VEH_01,VIT_CAR_001,1.77135E+12,121.18976851166818,74.80032571601882,168.2230817615944,98.04928284253572,3286.9476879671383,71.49631736408824,15.52233107571553,12.743136439716295,93.74274277420264,47.059437429302996,51.91649868444328,31.910916141026306,224.5945295582941,226.26336692814792,225.27300683914095,228.5660410710158,0.7269203564369034,0.20072329419359405,1.257618504032883,101.86699381706373,14.18937265941484,195.2181421000678,1.2672231126040088,0.3639906277049516,116.52486788019485,87.42544813711297
ESP32_VEH_01,VIT_CAR_001,1.77135E+12,88.86458726338218,73.89583045698562,185.40955966787857,77.77352238699609,2515.918084371494,59.85592508670188,13.037533284469529,12.140938987584502,86.29533664629135,29.63903973498753,41.18254347321897,34.073690862815276,221.76694349543044,233.1818664325177,235.0729854745389,231.79280004747923,0.4662367970174016,0.39440596912509657,0.7309715416280469,101.73085886705508,13.939177719122021,158.3800766,3.160313449002715,0.921635122,109.89897916257799,37.95927308
ESP32_VEH_01,VIT_CAR_001,1.77135E+12,99.40307073742015,80.34527845638672,162.07077352432634,83.46482991047007,2743.252232945182,66.07096858855479,15.716414273863064,12.28058988465654,91.62863880414629,67.30931850118546,53.74750706694387,32.11161969,230.0784786942186,239.6449976632805,235.59375180633742,222.01283617570374,-0.355706654,-0.167331768,1.276543824107003,101.37556870775668,13.195423750705665,127.71479595701695,0.3948305025372123,0.5127973144036365,110.9529307930521,66.61631504
ESP32_VEH_01,VIT_CAR_001,1.77135E+12,84.60291982291274,67.22097974094805,264.52826186341565,79.42195674118929,1787.282247654631,81.29299304816726,15.270361300124438,13.144879958454254,82.89005976903273,92.01594206632562,49.104188125623075,34.173310225572216,227.06245774343932,236.35475839842093,232.2956533476712,229.3932675776709,-0.143518597,-0.331174242,1.4023852938772368,101.52231056388123,13.704021348508688,158.14197419135468,7.100675437044629,1.0262014821286192,110.52475322124542,63.87247422044435
ESP32_VEH_01,VIT_CAR_001,1.77135E+12,87.86448309329936,74.38205430079083,164.4813911465439,88.58112187602973,1600.3221085389864,73.82964445775657,15.115253490867966,12.632150117022759,88.13970544504072,77.08216845434292,47.310974665173774,33.24435269003887,225.93696788877565,224.5287164780592,230.13055438609314,226.95410072067386,1.0009033239990828,0.3978602381960323,0.6453179132182928,101.33774505786779,13.42514948375527,157.98668088587766,2.0985331375549756,0.910561635,109.56407150213275,75.74787540834036
ESP32_VEH_01,VIT_CAR_001,1.77135E+12,93.95251780241882,69.75899067650725,193.3034246,85.30128992699075,2018.6576372159843,48.673391938426455,14.392261299452125,9.799885455856352,58.777991592228695,90.38900553396579,46.03254976,32.173759789524674,231.19646846686177,243.5729178607134,226.81636146763017,223.4711881191275,-0.193152062,-0.597270752,0.6055206694782818,100.92919069408565,11.764106680911832,221.3763277023246,2.874801306144078,0.5077753631709206,95.30286661946741,51.23092206327405
ESP32_VEH_01,VIT_CAR_001,1.77135E+12,98.1127074,72.75742719707934,279.0288099350771,88.73748298610514,2642.467913413676,112.43561386739009,14.406919628408449,12.827319125862815,83.05142844105481,97.96409594573907,47.932851149132006,35.44097244193644,234.0690776804051,224.95635348496793,223.5426516963721,231.32400766726542,-0.88064005,0.56608983,1.3636318167207346,101.83683541525058,13.351454964373323,116.21118799264951,7.910816907,0.6838775479273509,138.38208886414822,68.67267712233314
ESP32_VEH_01,VIT_CAR_001,1.77135E+12,130.2803361137499,66.07165754307545,142.89854410859076,110.59333056970209,2083.0028039698145,88.89371311448267,19.786736002587528,12.667080093568321,86.54599507826104,51.284639397034034,69.38663713228866,28.85527802157391,222.77620729472864,226.42797922575366,238.6842746694408,231.8900955121427,-0.174336597,-0.453151615,1.0668526982988271,101.00512909372407,13.809699040206537,106.66152065956386,1.8921182369739629,0.8165889931481896,133.58125753995216,90.22020143230188
ESP32_VEH_01,VIT_CAR_001,1.77135E+12,92.83018114410962,74.60586252248963,315.78575474633885,79.92933295450905,2601.465642745694,89.87932267401635,15.902228601704847,12.734047356541854,79.10458498,12.591722052158651,43.946933530525655,35.135754626314885,235.39110541041632,227.09909141077276,221.38863612773113,226.81953501332976,0.015153401093306934,0.18770432343989468,1.233210152899944,101.45194746604106,13.773026298491141,130.4162763060423,10.577390867920997,0.4943326130063521,108.4310510204091,69.45006291822581
ESP32_VEH_01,VIT_CAR_001,1.77135E+12,86.56126121172198,76.23120924244694,152.8436142488208,81.88291584093423,5611.553245433318,137.77696230424937,14.952402507147392,12.852444339726365,84.44496554607444,35.27860388894716,54.289166972856215,32.63562700594303,227.3244660230735,226.0952802333384,226.88115653255292,226.9733029,-0.641154965,-1.263682091,0.8914282221516885,101.20054998910801,14.14540482,450.74411283080985,2.475428584721475,1.3796656206966325,138.2216087992482,32.212769694574966
ESP32_VEH_01,VIT_CAR_001,1.77135E+12,90.64043778738937,76.06412428199876,130.58015805845343,85.48205105600698,2496.8910632626616,62.722940960033895,16.53098756732138,12.599051251997647,86.73061618993079,74.61448076648155,54.485739658626855,29.779599819959298,226.170885,233.8460283248581,227.1144479652926,233.86977348362163,0.8833725389529318,0.4714005498352242,1.358399775335836,100.50736168159331,13.348974212297367,157.22584707992195,2.0085387070077783,1.0104569685848208,109.50468720570848,73.26252091605332
ESP32_VEH_01,VIT_CAR_001,1.77135E+12,89.41587160185423,74.29213537928516,183.36143443516073,83.28123557784276,2502.264908853537,57.879541399170634,15.725710627000847,13.047536427070314,92.90743153608194,33.462045752626494,51.454057159353816,24.16125205128005,231.53459645314288,228.41827871078075,226.95470028472286,227.5166424708778,-0.40888438,0.5518145168530869,0.5977003195664913,103.36911919249238,14.583832627667128,157.43244041433707,1.9992127522012755,0.4363731919089871,131.3150201121776,73.58539242
ESP32_VEH_01,VIT_CAR_001,1.77135E+12,89.92492536052337,68.65030350899221,134.99700470841412,85.94733292364559,3402.3358726955316,82.05388627907985,14.312852757815472,12.588717511979617,86.40476500886278,17.351475702416096,61.770605751467244,34.864837342264565,234.37073817493888,231.66883185974646,156.82068407840381,231.03661942132362,0.5387198227033426,-0.343812671,1.2651199312288877,99.88510725476497,14.250694197494358,57.92102573813743,3.6187400921683586,0.4816390541807475,118.0487149256416,55.53505723
ESP32_VEH_01,VIT_CAR_001,1.77135E+12,94.71038501837542,74.12033124553156,147.70729643887225,81.70796523,2818.260458984008,62.056221122025796,15.54897002,12.640803215470584,87.87464497245564,69.27024612556804,65.16515886634114,28.72704804966381,239.41589860316677,233.1596015046899,235.2846943763837,214.68876011832836,-0.320010168,0.18898470818431223,1.0733663358597227,101.64167576056711,14.750902876191999,165.55942965726916,2.948077884260688,0.5310564017158368,152.05358156051676,62.024320877047515
ESP32_VEH_01,VIT_CAR_001,1.77135E+12,29.09269462656112,76.15201928548099,176.59383153708103,33.562005429892665,1197.8131655695543,50.22508376600261,14.810679222201935,12.363703175831402,82.36987718084649,20.196746329013692,55.05593036527638,26.10335525992779,235.3142029149322,225.89684283697068,231.7511328331293,223.0281731645625,0.002403384,0.092979541,1.0248102671740518,101.10315137635907,14.455492902003249,263.9369286222247,1.906976081420325,0.8634610071763229,97.85728371223917,73.55814111939705
ESP32_VEH_01,VIT_CAR_001,1.77135E+12,96.74810401478307,61.32128323085742,142.41698371942917,79.04705322587014,3101.8767563921433,68.11898954,15.061167704762518,12.704554025202338,82.56933447,59.45729698886449,69.72815718686516,36.280955045554336,233.0176542,224.8529465117487,235.1604523,229.78803996586748,0.1701384218509008,-0.409330095,1.326266294,101.28804020018174,13.664776854193311,144.17811717993834,2.320186922808922,0.6200216458517372,141.16412127770624,32.421144908503145
ESP32_VEH_01,VIT_CAR_001,1.77135E+12,86.10735577548219,79.78547325879335,294.2796068510405,83.46443913622767,3371.627303299469,104.64222002215239,16.363649890549308,12.713079746760116,85.43691061,12.927729810165381,54.647133688822215,30.090469038130987,228.52922258225271,233.02867572504704,218.6691880126566,223.86788325800575,-0.114093754,0.5906237756636268,0.36949952770605743,100.1316590163365,13.38158745118179,180.61311862901087,11.168795967510377,0.328376422,91.64370072707072,36.985078644934106
ESP32_VEH_01,VIT_CAR_001,1.77135E+12,95.53807066599356,76.80412051028918,147.2607737754685,90.67435995180927,1859.9379474193356,57.84968618231366,14.105176729588516,12.69837288643533,81.07837952878371,56.54572402130324,62.53367696378991,33.18736098664811,228.9758841,236.88459601911455,224.59508578055087,228.80939783524548,-0.213385774,-0.102621013,0.9014290552521679,102.12709432748177,13.84075210181689,177.2490851,3.3415679632788144,0.1956612537555834,105.72936588104469,53.51228054973822
ESP32_VEH_01,VIT_CAR_001,1.77135E+12,87.36139141764022,72.74727744149655,167.29657207930595,83.34359942781151,3263.2576571973004,34.921604535745686,15.92780936284932,10.64246062716404,53.690547605423674,88.71849386581161,58.743301845041145,26.604297373842275,228.96173575246385,235.98091747914407,225.43702725067618,244.91924988127255,-0.536619321,0.1116264899460496,1.1667903817948186,100.05648443135965,12.685855331328762,202.18345845554978,1.6358231649029582,1.0261161528903155,100.43935277232058,44.03994141377437
ESP32_VEH_01,VIT_CAR_001,1.77135E+12,85.68836410057682,68.55301409685659,137.85364664311956,92.74037644827601,2350.430013093046,12.18792630300073,17.661370774033813,12.687892942487979,87.00782146043001,18.391160820135376,56.10053633020844,25.690956338514017,223.4493273192168,229.60143450544112,238.57259070932713,231.92114066118293,0.13884421607955802,-0.173135225,0.5229508790394586,102.52049342061278,13.862423453680245,174.53201628419475,1.657322443135995,0.7205678090134315,126.51999788077076,53.94760129
ESP32_VEH_01,VIT_CAR_001,1.77135E+12,100.07494198518296,78.22830854,298.70053155488847,82.46644101,2728.0235833224433,89.00394985956271,13.908065159459007,12.613016009522632,85.02844805989753,14.206503302062513,53.616836664255885,30.981913228685986,232.06187132823655,226.16025092601794,230.06750742756182,226.6793942,-0.467817788,0.9875740390978558,0.6493131420677705,100.27969391872477,13.881261758419686,78.59795458577051,12.071357551171882,0.566155449,93.71313294205777,38.525765912267204
ESP32_VEH_01,VIT_CAR_001,1.77135E+12,92.77655109281324,79.69487514712664,165.13011459794555,84.78564442229157,1744.8797887406154,58.90948869386829,14.484700319450862,8,89.04054846,83.92472419,71.16658013513053,34.229703680313946,228.90223776157808,225.57658073671703,243.9583962010053,242.4238060658973,-1.848143199,4.479223330847594,-2.903429705,105.63429062547107,11.985544552819865,221.8099976648394,-7.2193981,1.3926019827555849,131.1925483255351,28.986032051094384
ESP32_VEH_01,VIT_CAR_001,1.77135E+12,104.7477024478938,72.39706032254692,159.15756840194535,83.03633000750594,1952.2919404731924,72.72459971557484,12.277950524237415,12.930841091805872,88.16183506471133,44.30339380345284,40.32764603061152,28.855172264522192,225.7479869015288,226.16824855274885,229.83673765032177,230.05049315334142,0.7846807021573724,-0.057235785,1.3664930610542707,102.81239136531597,14.308734366551022,166.75387717041085,2.615418056442698,0.6683115695239715,123.64855262657173,46.64907970325287
ESP32_VEH_01,VIT_CAR_001,1.77135E+12,87.01601728398951,78.78292420948006,158.4632447,89.11653304605815,2163.030607786391,60.09939352529467,16.042139490248353,12.660605814753156,85.71962781144191,36.929018484623626,61.487778561698036,30.68334758337151,235.5853429289142,229.36213058815048,235.9571696122224,230.51665132484825,0.4219911340676935,1.3979536239872445,1.5242646342837638,100.92446056304591,13.247106030798461,162.12088703126858,2.115815901330397,0.7804597402478648,120.57027106488044,70.06053541357218
ESP32_VEH_01,VIT_CAR_001,1.77135E+12,119.18453702978323,77.84312210057348,190.46735525695027,95.90807310516578,2877.526882572407,86.64829088,15.301584679062863,12.462671859709715,84.08458227623517,30.416017225773505,68.69076275648922,22.24188774811716,236.21644527593313,236.02822469725527,234.7617438480369,235.7727440669106,0.7720840929216256,0.41012202759055005,1.0547387784208537,102.12696344450642,13.838715639052557,148.88297041473007,3.1023071843770453,0.7872380205843956,138.01305125670214,87.96254794
ESP32_VEH_01,VIT_CAR_001,1.77135E+12,88.02667505535501,67.31493037,135.80670318422295,88.23565008835703,2136.0109085726513,71.91424363655634,14.124099038996267,10.09322593050297,47.38628664,44.987333407678314,50.06229565,27.76884152382672,230.49644950970992,236.22050747551538,230.87850916658326,231.17611001632582,-0.226677478,0.020524679939631738,1.128760594089223,102.39037873930323,13.42712962370462,183.56835871094322,0.5955188420072313,1.1931268319453792,100.31628795474415,40.17995306
ESP32_VEH_01,VIT_CAR_001,1.77135E+12,93.01636550864106,68.08685301875458,157.91734914424248,83.05077327510007,2389.1097323289287,65.57594939,18.454447072835848,12.681937092158233,80.14555634278356,56.52553036969907,61.59368811773259,29.032868212924726,227.6134221620374,225.62983569084733,230.77406104505195,230.1027333992168,-0.598440986,0.30755331547712494,0.943969333,101.41299742906646,14.139367936980825,184.0686360263182,0.9680121579372407,0.4970131852847839,144.07984711333265,59.96584953804317
ESP32_VEH_01,VIT_CAR_001,1.77135E+12,87.42763893111528,69.12057510405494,171.61473776881004,92.09825855422146,2844.4525883036467,49.714568799476126,11.327959851368892,12.829074931553233,85.92317953,88.12986536592638,64.30998650257729,29.32249179994926,233.19152492052524,228.9581092416027,230.26010245857833,222.39093785438163,-0.248921464,0.20406998303115106,1.0125881715565737,100.11751291582291,14.568337300309489,160.5739460448791,2.332197950232694,0.3219994468768862,140.69229135849582,41.410568372785065
ESP32_VEH_01,VIT_CAR_001,1.77135E+12,91.02448139986446,73.73215480076409,118.69782208450786,83.79753332389998,2934.716094298146,57.88943734698058,19.584901842453657,12.948602324672011,84.56275912,81.54040792815196,64.00716312759558,32.38563124279834,228.6419319847554,230.5636758519857,234.0424174258243,234.62186512253982,0.5160814472948466,-0.939061759,1.4508855895555128,102.20626530310051,14.485526253703728,131.28374983063173,0.6335034151676229,0.942161318,148.6023900538753,60.62745545993985
ESP32_VEH_01,VIT_CAR_001,1.77135E+12,92.41804197,71.60135988559227,151.9772270377001,86.23070690041871,2307.9768627120156,50.020623040556885,11.202990631105273,12.271241255054413,90.67969321,99.42991815669725,54.41221677,30.125642810845253,230.6463144373664,238.04604862313764,228.64094952445606,235.18954267519337,0.18630818889973658,-1.139328179,1.1777401031790267,102.71498098361462,14.27094989186226,113.86850518662317,1.796608687,0.8251830944142622,116.74355110348087,48.05051447233179
ESP32_VEH_01,VIT_CAR_001,1.77135E+12,91.00785263449929,74.73346838211994,129.6665418624146,83.81682333170633,2747.8993661597406,93.19889761526537,16.36812949308435,11.987705505995732,80.17704312939053,61.794423511453694,65.82700918183068,28.58254332428215,221.18329564430917,227.0514903094777,236.71499006188375,224.33827274677526,-0.097946877,-0.467061401,0.9934100985884723,103.76763163592145,13.845492334106945,196.39152058720592,2.603247967518159,0.8192698943528393,137.94908640386325,36.62772472063239
ESP32_VEH_01,VIT_CAR_001,1.77135E+12,92.91300908431718,78.43802212,129.90872083265396,85.95729798,2504.5823986600085,94.05220921104208,14.515626206093502,12.389275806992817,86.99603095393283,48.78140653625136,52.92084352083827,29.955463313954063,228.65157825936674,231.4748308997779,222.88655620432905,229.18070293138817,0.42641448677757876,0.2554856137232176,0.9085751208456481,101.18653706248669,13.507201906340063,187.51462306400413,2.3879292319256287,1.0915015361563107,107.68182204211267,40.156199381178915
ESP32_VEH_01,VIT_CAR_001,1.77135E+12,123.7980344469216,81.52358634685952,171.80082448597355,96.84338072787216,2486.779245315537,39.930752468656664,17.49842056022952,13.238016235488123,81.00285698298443,60.18059517823098,59.94174160860506,27.73144376285893,234.51555957365858,236.1871519006582,236.36676985863065,230.11059824813142,-0.335684293,-0.099409904,0.7177166803022003,101.26722382707617,14.745378973764169,144.48431780087742,0.5756986835897837,1.2549097669434803,139.60805322755175,72.17629621447999
ESP32_VEH_01,VIT_CAR_001,1.77135E+12,108.62965439515574,68.95551783008885,138.27620360178426,119.42036329733355,3252.9518313988483,68.09327497316596,15.654946602649003,12.51886430618569,77.35718419633643,50.710154263364466,63.774857494411286,35.09163159235229,233.1995568652484,238.06540394010395,228.5754431217399,233.6608288225111,0.15096288733935292,0.5856647735952342,0.8270172555945396,101.6368814146491,14.22671259569046,110.68131963749505,1.7249591934216464,0.5374807882121638,110.93926995292831,68.83882037
ESP32_VEH_01,VIT_CAR_001,1.77135E+12,94.05673234,63.923863523731036,144.00046686067355,84.11135270798788,2864.354343,48.521175980366266,16.329939818084792,12.534074591351324,88.87225671127675,46.25814386245561,47.02708550329572,28.81964806597366,230.39545900309633,233.2502794035341,230.08282513196667,229.50240851337037,0.1909783377799944,0.2569020307430971,1.1097913072856511,101.6713754708151,13.132063100104302,114.86543836652902,0.4291723593275021,0.5273373455439028,113.70260509249414,74.99488391893416
ESP32_VEH_01,VIT_CAR_001,1.77135E+12,92.35508836831099,73.69998046,148.89487210211206,89.38091820092515,2735.2864772371468,65.58871390450267,12.91576571236514,12.506834808966524,90.22875742103074,19.762469830841237,63.37679393213378,33.687396825274746,225.4132054142732,234.6812432765704,228.96246934391948,231.80600151368833,-0.089558984,0.264316001,1.2100045254902643,102.24266162452408,13.177693358312908,164.80606380522948,3.1347209076009355,0.9548180235432098,165.2664665845767,60.97701317852974
ESP32_VEH_01,VIT_CAR_001,1.77135E+12,79.04007463419786,77.21936705341224,161.14412698721415,85.69025689700918,3088.2892379894847,78.97586211547403,14.02825888303557,12.13460042594536,79.37600217173105,80.39126078077022,51.672295068660105,30.199116748957596,233.30275233245848,234.97530446810268,236.2316308915183,230.5835040584452,-1.464265223,-0.311528281,0.9120721327009182,100.17988020299039,14.613463297762381,111.86668431779587,0.6110128174360658,0.7713990646164476,133.40537530080866,65.61853469892893
ESP32_VEH_01,VIT_CAR_001,1.77135E+12,88.54630927524984,79.08106627390052,148.59742547655335,92.38506111129801,2028.424161360524,46.473604992232715,14.28219303940963,12.00456612,88.35388337640086,31.230558751093128,40.70201837153653,29.10939138,233.6964123834588,226.78090572691426,234.9569485,228.75828292098026,0.069815642,0.098094901,0.8644523705437246,100.92939386402752,14.261090970272264,164.09777994720417,3.6892886410368986,0.5419501876525197,139.79565119104518,47.15945460366406
ESP32_VEH_01,VIT_CAR_001,1.77135E+12,91.73616985177595,70.28326191641098,157.25702808141943,83.15658731020936,2112.6364811598464,73.85572193,17.098642955693773,12.241328330411756,83.28581500996188,19.389991572091333,50.30469695798165,33.09219806957462,222.0989225259354,238.06485422463342,227.39291700562464,235.2204218,0.58738968,0.27213613341527393,0.9686859064735324,101.73135228566825,13.123373351375873,199.55033712585106,2.1843120421436995,0.3976457839029053,124.58008586398338,41.65216665500833
ESP32_VEH_01,VIT_CAR_001,1.77135E+12,94.09835533619128,73.98745085750242,133.92724926197374,83.53161969095663,1779.709508216012,23.983296801869955,16.21026784,12.470046746332223,94.30328562496653,33.08175336165429,65.85322848775061,32.276968499032314,234.81624042497526,155.85267542188063,235.35168199370128,228.80657285310969,0.7966121439294238,-1.115481521,0.8248414753951446,100.36958802231744,13.764259443811417,235.85538792153255,1.305278975151516,0.4281799300660547,156.61212723221746,74.20209996
ESP32_VEH_01,VIT_CAR_001,1.77135E+12,94.28159686581077,74.43273358590221,162.47032864584708,86.68454791681066,2306.699423231919,69.41455204318176,14.756549004990887,11.732996273736664,81.86807436590176,38.06041975,60.237559923457724,35.803611408395454,228.57883724871505,222.52567059580372,224.5073303884971,227.58652410640474,0.033639869,0.5798455170170336,0.611570235,100.89006358242142,13.925824151190197,91.17725894,1.8930691999012261,0.7976607750100285,97.19810201640124,71.00797870316718
ESP32_VEH_01,VIT_CAR_001,1.77135E+12,86.45399525877616,73.77594444119634,164.1429792357435,86.08694049392385,4060.6870450700526,90.14904728464239,15.710482928081584,12.62712197939931,86.58068214798215,88.49940706718533,53.25206294815366,25.04373492821663,232.81881719579465,231.87191802770113,231.28676738148016,236.13331923729186,-0.020217634,0.26441381058734986,1.4238416339422981,102.57145317228051,13.70444364353924,502.9515851660175,2.675999204564228,1.6041587784225237,111.85062966675946,35.370158313385005
ESP32_VEH_01,VIT_CAR_001,1.77135E+12,79.96783757,85.39869187274456,150.39255593303758,89.80746641471151,2158.479636398985,55.00431098631567,18.65595085259877,12.502773488057464,80.55885310974483,92.41974120848904,53.48665607603647,21.924792812785405,225.51608509159092,231.39044008520253,224.33558919086926,241.3925221571481,-0.016466216,0.051642651019761655,0.5775930120338888,100.77232568862486,13.840651080190737,239.38482641899645,1.9086554468464472,0.9397718661830758,135.19408385773582,62.59427857594889
ESP32_VEH_01,VIT_CAR_001,1.77135E+12,95.11604819,73.60747058,124.70319595680017,79.84592998,2338.383921951734,69.68258468842413,14.935011193771187,12.769914856858591,85.25401848293332,73.98089940811417,59.941786051401365,36.061308994305456,234.2824102351258,235.9971353858279,235.96020289144414,231.40993647240487,0.15794888067641613,-0.771489698,0.5736162744200253,101.43736108210184,13.88142938233359,131.57694875495494,-0.10080285,0.880114326,118.00193573433458,38.87641835140286
ESP32_VEH_01,VIT_CAR_001,1.77135E+12,89.71922474275777,79.00391191787773,167.5063564875355,91.00364097254709,3070.3209898412006,92.56933240370657,14.649437558747836,12.537133672386249,89.58011585169844,71.25847030760889,58.80046120577843,25.264785329158993,227.48210311098742,235.22048743636785,225.73973758379475,222.34991357548807,-0.312575061,0.4590910333029631,0.38665505024418656,102.08587676317705,13.872207559303925,152.79879945678417,1.7576892643305433,0.8534854640954985,146.7074971,53.59505516518808
ESP32_VEH_01,VIT_CAR_001,1.77135E+12,82.03811423705162,81.76945257281571,115.70874737355608,83.68934442910636,2309.519789843612,67.42541344421711,13.128831797699121,12.924793500170924,84.69876622389636,34.109536346791046,56.87446899,27.516889503538852,232.65521733462882,229.79807228273705,226.45890973258452,225.7596517872285,0.098970889,-1.11787051,0.8330047453755896,100.8003772016721,14.260280090676407,168.20101862314283,2.1257979637141937,0.5207283844087924,131.14885882853503,59.02984950768825
ESP32_VEH_01,VIT_CAR_001,1.77135E+12,85.08717071128143,76.25209673,139.52983070627252,84.25637256,3346.374669777134,90.72059930033086,14.91988637167101,12.56412261436196,83.32539276331578,26.143103704589606,52.998058863624706,26.39399558607169,224.62559851825964,234.17477215790348,217.54083222247118,230.37381787487004,0.5222072858203958,0.004161747,1.088131865491085,100.44382873975898,13.907542403127595,36.64119953927572,3.195013078823397,0.5164738220440267,138.53202270334916,54.041851108447794
ESP32_VEH_01,VIT_CAR_001,1.77135E+12,87.71061478306024,73.84097660095966,181.10112148719122,92.38851608339387,2946.796983302491,57.70808853284217,13.063978019092755,12.96429973100417,93.47197925924652,96.90878057,42.13310427769036,24.855047674942234,231.0762917808898,236.86612091176477,191.45631566779053,230.59835838419866,0.6959092994095826,0.6785343075334439,0.31803843604663584,102.37653660362515,13.745422406382461,149.13815234760497,0.815496732,0.7527326147812142,87.36675516087742,30.36632822729385
ESP32_VEH_01,VIT_CAR_001,1.77135E+12,90.84740408377691,67.69408797,125.64937389861865,85.18294784703066,2345.088283395673,22.230024812013994,15.45760629059555,12.608292932005675,78.39710833767228,76.77240016484926,62.76138381679104,36.69778663140647,228.90161258717401,228.99539013310482,231.72444948410615,229.34996483093286,0.6202257243780732,-0.894542962,0.8371883753392468,99.35158104,14.095459067837814,188.77565834004113,2.709505842,1.2513707402539633,81.08385566357063,39.64285306406398
ESP32_VEH_01,VIT_CAR_001,1.77135E+12,94.28061542911348,77.51348456473497,137.24280746310822,88.93974110534457,2746.6950212009815,53.03848345170333,17.065433452167888,12.631702139628228,85.64714353173228,33.91627263069488,61.08127886406902,30.596202223728334,235.89850360169223,230.6872223639416,228.06642675821362,230.32942245421256,-0.123584953,-0.800550882,1.5046902428012576,101.10217507387364,14.369358021342801,149.47510552829175,0.886679724,0.8071842942711442,138.2963951138666,39.56070367
ESP32_VEH_01,VIT_CAR_001,1.77135E+12,80.44378266667005,73.45945179,143.01326279105044,85.75352838,1905.0161322422596,58.140600320354544,14.595871980285903,10.379729533759168,57.01240899602308,78.22294294893555,68.24891558910011,35.83755873852013,232.29471954094117,227.2846571010405,230.8365527102677,233.0508301527967,0.8676747478699941,-0.31562886,0.7402086726022461,101.17885162744086,11.37477588539565,210.44570593242153,2.0187289427487665,0.5732716603084902,117.26984615061176,43.518047495945616
ESP32_VEH_01,VIT_CAR_001,1.77135E+12,89.87788883600957,68.91250730524743,144.6131627,80.62064472472053,2452.3413517633157,53.88554262067292,15.976099700602242,12.004282830774628,77.14774276033616,49.16870913058713,48.671472878979166,30.25736725723135,229.80503617271228,232.49370095978924,222.88767425895162,223.77443356601324,-0.572277048,0.700039912,0.9384593930368283,101.37349613178391,13.25186994029351,138.69645534472568,1.4199683540007961,0.5229969437835637,86.12653505599377,44.83418995150831
ESP32_VEH_01,VIT_CAR_001,1.77135E+12,95.92912514144568,86.94973882824897,131.95875991263637,83.40820179,2058.160239679447,61.27988256686547,21.62271462763805,8.818578305534919,94.52101916737558,79.40548007882195,72.01810352572669,36.567266528940436,225.74169369406303,235.61924706624276,231.38911138721807,227.9328093899006,-1.717715074,2.9974795347970167,-3.95437721,106.03948250848075,2.3587680993040845,219.11606469274716,-7.804793363,5.900908581,144.73154846400578,37.249282223018994
ESP32_VEH_01,VIT_CAR_001,1.77135E+12,86.66017805735478,61.627524801372914,164.8357584464779,83.00730020176884,2580.0531921629085,52.42139549952521,15.024246026244342,12.283641643656917,88.00820665177208,40.92451675878815,65.84993040657312,26.497812129363343,227.62889004065426,216.75276845601962,227.59304097031065,233.29130340156632,-0.40688627,-0.616130757,1.292590081875133,101.6776769,13.56377309785974,169.2662732507087,2.533540320214227,0.7181226526633582,101.32519966581887,41.97012418124919
ESP32_VEH_01,VIT_CAR_001,1.77135E+12,81.82266261290727,63.24756646792783,104.19222677144141,90.17886755,4133.77193,70.46132447399067,15.602921703841714,12.580221883154797,79.95894461437204,31.119730150988076,40.133863181289335,32.99869836578871,228.94920148504818,233.1554071812272,234.53320526550775,224.54603899075963,0.168240809,-0.30972823,1.4684494019654193,100.90514754774635,13.942925229258117,152.01505902069385,2.4141518884808453,0.5551256278437027,146.05178404942706,32.13385001310753
ESP32_VEH_01,VIT_CAR_001,1.77135E+12,131.56654249497592,74.59401280608374,146.5967084523391,107.76566114964986,1715.3324485259182,32.82826460440526,14.007978874032942,12.942623516373517,90.97774714343623,10.51052828217372,45.608268060111385,36.25276309719832,234.1528757,228.25145057881613,234.38101842397458,229.6357402981638,-0.029985938,0.4285829016224076,0.7458282216619609,100.53299974414767,13.982563698867935,173.02947465604953,2.8573416899217485,0.42923615869234044,81.86052941,67.35023120079434
ESP32_VEH_01,VIT_CAR_001,1.77135E+12,106.14917347518347,94.42661083738304,160.83574998639767,75.63482906871123,2301.763006591643,55.49488162966393,12.18714904547183,10.515186495631557,97.68727225318963,20.67374127987325,63.41731223280807,26.12487643865462,219.85580866836733,232.3473754914662,235.0260985314915,231.1679119966366,-5.56847802,7.095993532407753,-3.515924776,94.00841568612968,20.65675726665796,150.01169158202097,12.25179862707412,7.599393895038028,120.0196296504658,73.85069322738254
ESP32_VEH_01,VIT_CAR_001,1.77135E+12,128.04067137201235,75.78499835100314,181.53336523921723,112.66003644720475,3575.6358257893253,55.366258811662505,20.551790411830634,12.717070839667874,91.94736049028629,70.55549230052796,58.21385378899079,29.309678086201025,230.38594592355136,225.77382659832588,235.40074620575086,236.51805105167435,-0.595720686,0.017310182,0.7403269812362736,102.07804057394372,13.58219325462042,100.66331620953206,1.480078162076271,0.7730376989810986,114.02608315865145,70.35763597620162
ESP32_VEH_01,VIT_CAR_001,1.77135E+12,86.32409386,67.60435669242844,149.07164963827995,85.58625503392939,2186.432719350566,78.85834773379423,15.39500351934966,12.581582021511927,79.1420743,29.469513566785555,49.79639594709355,32.99842464125168,235.1745794834893,231.32923001959682,227.42689532895486,139.50703538389385,0.7235278929839347,0.7248798581064605,0.8988970449050848,100.42733217031815,13.886910959925729,199.30866061584345,3.8497335684628373,1.0700144393880435,128.82004945097495,63.34646178034433
ESP32_VEH_01,VIT_CAR_001,1.77135E+12,96.12007110128658,72.38839222367639,153.50874235562435,80.14261189,2850.304882,60.842251663098715,17.655265097465545,12.440474243191883,76.28491074002015,32.78219891352256,63.58943112825993,26.407606271276368,230.00985672293098,230.9567421844555,235.05681092145048,232.19586500918044,-0.045782373,0.2343257478454384,0.3682157043350077,100.39361935846259,14.28738149587374,122.8718126502453,3.6905608983736746,0.3880679164926873,112.63435645854604,40.9110476
ESP32_VEH_01,VIT_CAR_001,1.77135E+12,83.89930707655725,69.42170930122639,123.30883179801619,90.57013117721124,5217.991190809718,107.40730333155031,17.47399158,12.09382575106618,84.80739479146416,93.50310807412949,46.99359062570372,34.48996831895339,230.9275297680094,233.4682706129251,225.07086649948383,230.9091442938657,0.25133113930205553,0.13459395223767176,0.8904806415568388,99.81367368340898,15.045799404383867,423.93368019449395,1.0045750858910971,1.572903523,126.66844644081796,33.106719368589495
ESP32_VEH_01,VIT_CAR_001,1.77135E+12,89.41399162474835,73.53002583468981,120.90343033243865,91.07950356,2377.135692934668,43.78998187435106,13.10631857657707,13.03320617725673,86.40791287737595,52.45108998964255,55.83091133898874,41.670875504992075,240.97110988705768,232.80015253466925,235.4171823107849,233.82818867255858,-0.015239375,0.22419451152633893,0.6040439603249605,102.09897535644676,13.717550978375199,94.55093954043178,1.1017734689843115,0.7076870958053852,122.55171848597213,53.43640244715111
ESP32_VEH_01,VIT_CAR_001,1.77135E+12,90.18459646187654,73.65335096,91.80317542969084,77.52466736,3318.8567542727624,52.486437840229364,13.03366174293415,12.327692865950526,83.11321916428216,30.443867154637168,66.23308839517034,32.102276051257206,231.91614464756876,231.90910550704632,228.38965936849544,234.59184960345814,-0.013568557,0.8470717836644184,1.105151117376397,101.01731654696252,13.842371019839488,143.0272951320384,0.8116684470523141,0.8274505415937224,149.6328992617109,32.656333362115696
ESP32_VEH_01,VIT_CAR_001,1.77135E+12,89.78231608922333,68.86579825893674,133.22003216654088,83.66578302,2941.3463657201987,59.22936847577316,16.13667435362157,12.487769289437281,85.70535836240394,74.06801552098989,68.05701607594118,35.07201030670279,227.9426126364415,229.17704654149003,229.56134940360977,230.03759727836487,0.8633999347961223,0.17445063035500585,0.8991843120708175,100.9089571844352,13.485425954220034,198.1252134476909,2.4655738029843937,1.1067129133549287,131.04331154442872,56.36324796529629
ESP32_VEH_01,VIT_CAR_001,1.77135E+12,86.52904576968791,77.57718257866455,94.85666462875834,82.90076014116595,1862.332200587222,55.15383156932866,12.043979564268266,10.396899506245209,58.71120481912591,18.76744638524361,60.79435605360787,27.231676941529596,232.44620059894558,227.5465401,230.33881226180998,231.00430561375515,0.25237258072621627,-0.938080402,1.0545336729232972,101.86231282339037,12.605291329617783,128.36736381930302,2.2942197722099777,0.6626792780506807,109.51848513182729,47.98585278188705
ESP32_VEH_01,VIT_CAR_001,1.77135E+12,89.19292135160369,78.79978704392435,163.56265018173863,82.74025399933197,2457.0082743838775,49.57146384,16.822584841454507,12.54332490716103,72.09942012,17.140741670505694,42.153228863360326,30.42295354919027,236.94389979571497,219.6213331116369,218.78977065022264,237.91527430354918,0.5240783917834713,-0.263513666,1.1533038898152803,101.26551455858707,14.476138744340851,151.09987013703528,1.7630142373182165,0.8181979888840536,89.89141556884569,73.09716217126456
ESP32_VEH_01,VIT_CAR_001,1.77135E+12,88.71141798487922,79.28010511,173.40320254467682,82.68850573238309,7166.864680937063,120.23905380335998,15.45469227,12.480639013216678,86.94971308378666,70.83710969305719,47.343247910344026,23.139873852882246,232.3749706109589,241.82655666255235,234.61666800194146,227.9351111452795,0.065927273,0.4048696129160252,1.2293516539144047,99.72451626495074,13.852586341324553,484.08049644723883,2.311192708075674,1.4968303451603078,104.24716859652102,32.504498758919894
ESP32_VEH_01,VIT_CAR_001,1.77135E+12,81.70370866718748,75.91115593,145.66047731320228,88.61733028,2084.374899341452,65.06059534909413,18.55086831940602,12.637479715804714,77.29421723061094,79.34002786060087,63.316734090245646,34.940384365981174,226.7078275280262,240.01726462812442,229.32951497737642,229.97321923704132,-0.223388162,0.7483163141116047,0.9786988012884908,100.65695655456085,13.402127016918119,91.56264972982146,3.5018245396972087,0.39892058240685135,105.8046513717401,44.081915619026965
ESP32_VEH_01,VIT_CAR_001,1.77135E+12,92.93566532091349,81.83888513461473,143.65698171192594,84.58421612807776,1738.9324684417202,55.13191268,16.853481878359307,12.459103127392524,92.97663782572474,56.261316413559804,63.478084600190186,33.79518471632346,233.2136401385483,228.9688976597301,224.87686211193756,229.4679373047408,0.4027615002092542,0.19220160715334608,1.3834491860274376,101.05586472070624,12.562790916525516,166.35563999008184,3.112746545240026,0.8270432577190617,113.18889904691405,32.15863352404122
ESP32_VEH_01,VIT_CAR_001,1.77135E+12,94.29454779,66.85012419004892,150.52395759260028,85.09279304265526,1811.2860202445909,56.73193797274869,16.129313890229085,12.98092208079409,80.17182116812081,19.36805526,52.58207506306401,23.387428206645453,226.4960107060323,227.73108410123555,223.25944217323928,233.86651464077465,-0.789604825,0.8963063395871442,1.5025126531191688,101.63615124480161,14.602315545691056,161.29684927685312,2.4798429385460814,0.47523646121257873,127.99838060831351,62.55600615924199
ESP32_VEH_01,VIT_CAR_001,1.77135E+12,87.42139693270168,74.85409394362233,147.92100336043208,86.12156447249353,2242.6263924065192,59.557452237622904,14.726484088819799,13.195354249693487,82.82071748546281,36.13008269348961,50.99557525987981,29.31358072239348,226.22929692365594,230.93763590859592,233.1448083930927,241.4546516,-0.128346298,1.1777199279356076,0.7511458448628521,101.570721,14.288209656554747,111.69756477784085,2.625606157829408,1.0214493665061426,119.48346041295521,72.05283027920333
ESP32_VEH_01,VIT_CAR_001,1.77135E+12,87.62670960710449,78.65509869,236.55328682083146,84.28148377,2780.1408810900225,79.19461753073479,17.210123063410947,13.107214384924935,80.7465454,34.01439676858149,51.194471107909074,30.460261169712282,226.54647404604327,236.19114357581884,230.15445506080903,223.2875399708759,-0.023895776,0.2899827696664964,0.8697177090235035,102.55473597916486,14.776862796583142,204.57837584540624,12.052972032515836,0.7414347985200314,136.0406767195153,33.171837938167386
ESP32_VEH_01,VIT_CAR_001,1.77135E+12,104.2491589982284,56.74645909119421,143.50276583553446,81.94214929450936,2718.6387538895465,48.80306535349325,14.223473859031618,12.602493603379578,87.07556643962278,31.730866855319626,42.59584947954238,37.28193646847818,240.57488811913916,233.6510918668315,228.41089161095022,234.79554868907658,-0.2428517,0.011429893710048005,1.338815079,102.07558439695961,13.541239164068228,135.5575649606986,3.0811058119098345,0.9332976395759428,132.3684765177409,73.83038482372656
ESP32_VEH_01,VIT_CAR_001,1.77135E+12,86.71053583002384,78.16071882321306,145.23755577400073,85.14937066777034,3238.524852656354,66.73770617853921,16.42486879923199,12.448375602704374,90.94881525981476,23.123080821550104,64.89139414205125,33.787755636641116,229.1457171200507,245.92849706709717,236.22968114463342,228.12941636582147,-0.825813106,-0.105338862,0.8755504134759391,102.31725407319217,13.236646837436856,180.31733370961007,1.723771313,0.7825648363379382,161.94967043145277,48.35230284185507
ESP32_VEH_01,VIT_CAR_001,1.77135E+12,88.21547203140624,75.06038397018744,158.99077962007007,84.47577295398585,1828.7770794056182,54.633866694269386,18.253537364453038,12.784241642477937,81.04047476134981,83.55788537265444,69.70388757387687,27.837155358805315,231.78834972010884,246.25025430785328,234.47832975922915,221.95750555567992,-0.345718957,-0.058496902,0.795117936,101.36934287584853,14.668411004407329,98.58934381463229,2.809704864,0.6358142504356549,95.51535138,49.64501128823217
ESP32_VEH_01,VIT_CAR_001,1.77135E+12,82.32902344194453,65.47344681115234,158.83610985082046,84.37404487203405,5811.409399567079,105.94029457379787,16.063346545609157,12.481799610677278,83.80175491971292,41.91409745699734,59.58225758842636,27.664141725671914,225.13054499275768,243.1606192765943,229.30426407234788,232.47632380981585,0.068228555,0.2563848116926601,0.704621919,100.5571088151505,13.311425717164928,415.1464075574495,1.0418023619340928,1.4110346810489605,142.84574441432585,63.354679529138295
ESP32_VEH_01,VIT_CAR_001,1.77135E+12,96.20843826140472,75.57149667313459,145.0888878,87.08218961635859,3979.4786757378297,59.076470768756515,15.358129870116667,12.740563785557368,87.75961412665693,66.82924528380454,41.71865383154663,25.689397482251838,238.3160507560209,232.31891789586226,222.4057444,236.23723880201436,-0.61728915,-0.78846065,1.485101430772398,101.55245277644283,13.495659891018626,120.00392087516609,-0.683549721,0.6090378418432251,100.57031161660717,65.67713725623346
ESP32_VEH_01,VIT_CAR_001,1.77135E+12,95.45033408437362,78.16621551,132.09434346353908,82.96384490553677,1920.2100788052066,75.91125053996944,16.47500118547241,12.855352991163311,83.40567444614294,79.74896141728728,43.67363147,34.72648425641968,226.31738263277123,228.29909599264218,223.9819783043235,224.45653842722177,0.27816050683886945,-0.382804101,1.296736715111165,101.03139906815574,13.908977589122786,-7.905594697,3.461665204089055,0.9891722333624714,101.51966494501599,51.35717619494487
ESP32_VEH_01,VIT_CAR_001,1.77135E+12,94.63065028,73.08660456486483,150.86767337082958,88.9945028,3053.505439,70.01280543361732,15.937354752528615,12.66718283844682,79.60903559147827,89.81227038,42.988567214785526,33.195580748577214,234.44038507079685,245.6742962912134,224.28485214273164,227.4535538640896,-0.204573058,-0.410434061,0.5688233450827718,100.94738715190746,13.668232886666189,141.55321157677818,1.1587363029101416,0.30568234824164686,123.70997938923455,73.14423619961576
ESP32_VEH_01,VIT_CAR_001,1.77135E+12,89.65216223,76.11473105,134.06009722790515,87.43324648779482,2968.604811892649,71.88478629466816,13.805058372374852,12.250491048508705,85.73989729615433,99.07229568952398,54.13307756891313,31.277260551800843,234.92812304844836,232.44531343231327,233.9499962938299,233.39671757585992,0.8410474478135622,0.6425613965022363,0.8915800503878041,100.70899841858136,13.47598122656683,172.47026361443642,1.4572253993646123,0.9702797865778874,105.90811969343218,44.694655852798626
ESP32_VEH_01,VIT_CAR_001,1.77135E+12,88.39545422691039,80.83319744318446,183.75036647954926,88.17965710773578,3372.981813005047,62.76679005853755,13.211110440582214,12.74433721,88.21258303571655,96.73895998141757,55.201775919298285,29.18861272139436,242.71993168221155,235.30398590794377,230.56892846599723,225.23238731129945,0.9870066545155577,0.4783631110826364,1.2047813961207643,102.10876792773782,13.557280587617292,155.8726631638812,1.677841711937972,0.6849174521502848,141.82981388577656,43.55801186800311
ESP32_VEH_01,VIT_CAR_001,1.77135E+12,86.58406006094624,74.36230066750758,160.45887418048844,82.76514853650413,3142.2565216530948,66.76026472363186,14.040608674186613,12.57406233310736,85.93467901613684,81.52814359401332,55.42554561552335,31.654014499928714,228.4018696293585,223.76036302195135,231.55572117748045,225.70488888341794,0.718549362,0.184887559,1.502223922521794,100.36607989739534,13.645269945872288,184.76167428244042,2.149447020547162,0.8012387213190714,109.84657462583675,73.64897235604809
ESP32_VEH_01,VIT_CAR_001,1.77135E+12,84.75405885634021,74.26843455297035,154.68752507104503,82.10426209120386,3117.310037585968,81.74115711054901,18.804176961479342,13.143801056987346,88.08002418812357,63.11135024431826,56.77940556372074,31.680208095687572,216.4951273927657,235.83544997728657,233.2792476748026,237.71184967210468,-0.615561432,0.057832227,1.0837084719901626,101.80415479411363,14.441734303165541,148.17266623116478,1.677085503031062,0.4650592903137797,112.46036349718476,52.087221498840954
ESP32_VEH_01,VIT_CAR_001,1.77135E+12,90.07905751485099,71.54857197392826,151.90487631294565,84.94011865188084,2144.297202720547,67.98953493,11.074897944995413,12.586989326160493,79.41048039941718,46.12273217973845,43.26467612035955,36.82072070587674,164.87507378120938,234.37093185857293,230.23364921603445,233.39493998280895,-0.326299046,-0.856231085,1.0252001395994867,102.8318097486911,13.570522872091074,196.52771334935105,2.9646435564210316,0.6540343645290952,120.45056248976586,63.87033635681807
ESP32_VEH_01,VIT_CAR_001,1.77135E+12,83.87705487405647,80.71389060914281,113.42632547380187,84.4729317,3002.4638863415726,48.221982759347036,16.232130178068687,12.854914134690627,85.89561763774851,48.20561787,61.317289929907645,23.60861632826744,233.40094473051764,233.61504566320417,228.46105398657375,228.6528555,0.466013071,0.25179573164882585,0.8132844267897755,101.03782741766676,13.72036264,95.18141897671195,2.5364013023537115,0.653301747,119.6387761,50.01849016004485
ESP32_VEH_01,VIT_CAR_001,1.77135E+12,89.45039477636388,78.55744965360759,131.4674218829009,89.93877433749594,2729.373603911237,63.87636567644642,11.360768164437152,12.227551559127857,83.31365299186562,13.710296434428018,59.44973653682099,34.746900636970494,235.3882093956162,232.65022809526417,225.00136579263665,235.30004314046184,0.1370609697741081,-0.037761774,1.460640872105184,102.57497550096875,14.494129823101975,127.44173710366421,2.9777535043453183,0.6951478020716236,130.24710915312482,57.53372254726669
ESP32_VEH_01,VIT_CAR_001,1.77135E+12,98.90980130876389,73.67373842637735,180.99497138057566,78.96204736247468,2097.153471048728,71.87020036222209,12.469665394052413,12.505371575920947,84.17153189,73.39005188513003,48.297175926021154,25.961303072187345,230.3188982250401,234.3432279009372,231.72077640306657,228.5700260554972,-0.245538711,0.48662045843574037,1.1695792936803686,101.48297496641156,13.97939992355334,189.3644072271872,3.9147992805777294,0.5472386084394315,127.21420710377986,56.26651457481269
ESP32_VEH_01,VIT_CAR_001,1.77135E+12,89.96196209761216,77.97034550885044,146.42234778610074,81.69329445906094,2982.172251980176,48.44723320404283,17.40072656366007,13.011431318096253,91.00292161548518,72.12282194439425,46.68610902558033,29.650012992366747,226.43847162257418,232.4512523775414,242.24999448495058,242.08896719980905,0.11911716853233144,-0.30542567,0.8658438688934722,101.29565159392182,13.876824206878545,30.181322522500253,-0.619062642,0.5116256650328499,134.51037791732054,32.67548627697151
ESP32_VEH_01,VIT_CAR_001,1.77135E+12,96.73999986073399,77.45959411396817,177.0713712421197,92.41586459069163,2698.5772024493094,59.581529482721436,15.706182960749619,12.338531332247742,83.01899960585187,61.24427438296384,61.49011116245582,29.718965060097087,220.07456154505155,228.3172231468819,235.67700346155905,236.76265327424576,0.5032274266214366,0.7169698172908796,1.4656883699160015,101.01269084870934,13.725467897232795,213.79111967591837,2.0757025905617064,0.41868508721318287,120.56721184024293,35.90854375143664
ESP32_VEH_01,VIT_CAR_001,1.77135E+12,111.36504023168018,74.98283561987125,124.03707675550163,104.9622063860864,2794.8726494697626,74.46896287814994,14.476331794955112,12.269432834745444,87.98107394180103,16.637425264658543,40.216530648487755,26.91453551279535,233.17367991394374,236.8678687275479,223.74933216278046,233.59706896456427,0.047991447,0.051450244,0.7851001638602646,101.79683527472966,14.478544112046471,156.33426131955542,3.101507123,0.7849644113510374,122.08973550776639,84.76858715611466
ESP32_VEH_01,VIT_CAR_001,1.77135E+12,89.97374104,74.06919216478371,180.94866609485553,83.72717775,2001.971120346807,52.84880462966973,10.354527011752474,12.613065633545215,77.23740527184296,43.98321745105787,57.40894784777783,31.39393392,220.1613553201926,229.3747462053499,230.94534291859767,236.25451519422722,-0.071960818,0.6856657786534351,0.7717473819562997,100.19132657720209,13.852688733421074,121.0442921979989,0.5994240800004476,0.8338568245672178,117.38951280403818,47.777205353774235
ESP32_VEH_01,VIT_CAR_001,1.77135E+12,86.76047076196495,70.84816292804264,142.85657199431134,86.45163050332457,1940.2459581145267,65.96308912225237,15.432571660476814,13.023782124456588,86.89840827059398,41.75321847886079,58.61606020584056,19.742094529771315,240.01347256781165,242.0053302502344,223.4966854259915,230.18313375860652,0.9131479214244432,0.1382799733626282,0.8912023045934168,100.91438944991428,14.05820545,181.82594440740277,-0.1445931,0.5743397493694261,96.34219407513629,69.62069734458868
ESP32_VEH_01,VIT_CAR_001,1.77135E+12,116.33985140782401,73.27743304080349,170.84230608871454,109.75191871453826,2444.1541014908416,68.79712069992792,16.783880098057733,12.487024741766085,81.94638792274117,38.209302390836655,55.439344898647654,34.51461039078046,221.19492648951993,229.37371572894543,234.90235267992907,229.71196217601005,0.13707595728311314,-0.603795411,1.0893687812713762,102.42340880465528,13.89662624902888,125.73253447142461,2.7436421290068846,0.8283259484180638,123.7562695304511,97.80682653237017
ESP32_VEH_01,VIT_CAR_001,1.77135E+12,95.14174421297935,70.95757147833639,265.91853025615376,86.36967537343405,2613.6515778491635,72.46010551208252,15.113902653499045,12.525595206517222,88.05877663305243,13.401272969100702,59.79347375503991,30.849487828879816,228.99504744484108,228.9512039,232.75726429574544,226.88283802406508,0.2778098847536868,0.2618521732965665,0.7189762446973275,100.89413136955494,14.242691916688168,54.40456565306725,7.793300986040309,0.6673140362215868,100.74616702394366,70.96102913888433
ESP32_VEH_01,VIT_CAR_001,1.77135E+12,93.34312751,70.56707893810864,178.62001016091986,85.46260425,2508.250241383037,60.706855792583426,16.597941456892926,12.751438181648712,77.67994940035187,56.54208343728827,56.51516435791571,32.863669568037096,221.67834785043328,232.07093757442567,228.22196744429218,169.84856182894055,0.10822667905786315,-0.194519206,1.1931079516639853,101.88016357038002,13.828286451875735,220.86955781898544,2.296965527871332,0.7339936336260294,112.6956541894925,63.59265787472726
ESP32_VEH_01,VIT_CAR_001,1.77135E+12,127.605384,74.20154878,194.54617878648844,115.74035717587023,2167.6352522064494,74.16715643711674,18.28175566596831,13.26114483036031,83.00785782058861,94.02841702969931,66.56722341674416,41.07792083121778,231.4965396355083,223.6040992999516,234.4288605612892,236.39129658971416,-0.200730255,0.2983625874610516,0.8868054367887969,102.02335230293842,12.898512633362959,105.99697454144902,4.113763211679739,0.6318762730818519,118.57158270597975,67.23258274508945
ESP32_VEH_01,VIT_CAR_001,1.77135E+12,95.59177170023094,69.8267997,123.8183652818652,79.54505336890688,1828.071412653564,36.41134009658974,13.958184408699092,12.853536670786317,79.84885701023558,68.32399590801879,48.1522366,32.76538142839858,232.02981651773464,223.4410826333297,232.03587981292068,232.8392183688684,-0.47598431,0.8949179324288662,1.2035948695589145,103.11935288644415,14.679712937097161,102.57318578802511,0.43732234800047687,0.6921240442231866,131.2693457098576,49.29053893858348
ESP32_VEH_01,VIT_CAR_001,1.77135E+12,95.50278931628532,79.77753437881506,129.37768414226338,88.11865390580914,1877.9150513700206,87.78294204345883,15.04410150002481,12.560310450969414,81.01364128270835,49.007114074581146,41.66213804516948,32.52012802837143,231.21215130069635,225.44350330877393,219.9947939939203,232.56136718200693,0.10706373223199049,0.5074569222426293,0.9998689587757497,102.62295473492836,14.26121650670064,130.24702193725133,3.208089254354057,0.834267101,132.10711269247966,54.74065269194183
ESP32_VEH_01,VIT_CAR_001,1.77135E+12,92.23933128840783,79.30428116005712,152.11534020145314,82.74199879,3644.259447467151,72.54951879541068,15.946712946584572,12.621224097594654,81.10180853060636,33.79823604,52.439940421697536,27.878160955714456,231.09036801957748,223.52795852801398,228.5233622492973,232.45737882941768,0.1632315327051101,0.5309868479916463,1.5357708373152887,101.53315930612105,13.079881935926306,167.39071736850607,0.8655839391043154,1.2012122965084786,100.54728509398197,71.18629161555259
ESP32_VEH_01,VIT_CAR_001,1.77135E+12,126.70719262688509,77.6644954,179.44167951725268,108.34710720872962,3530.442406894509,69.56692746945195,19.06216839530414,13.122123833910925,82.54467909222065,30.171387009867153,41.94806252818892,31.576138734959983,226.49895768280328,229.26910973682038,234.83670406467618,232.27382838215246,-0.045745191,0.12216545195221164,0.6935112357378559,101.92651300413547,13.676584381838866,139.7846346091106,2.6287862638806287,0.411953026,87.73925827101095,67.48017680098778
ESP32_VEH_01,VIT_CAR_001,1.77135E+12,83.84149143830393,69.43585526,146.00079806430247,82.34745563119068,2608.4362145401524,28.758769304940508,15.663013991714115,12.970159351565314,89.28958812,60.29272259131302,58.606826366864865,19.282299646444386,228.8479162,226.16343775617491,230.70264357147875,227.66004205292447,0.3336059170573626,-0.530324052,1.3177740032769738,102.02060565860143,14.509196936598894,114.82618751721807,2.348089658409183,0.7562671565839595,125.40709052743362,53.85389625
ESP32_VEH_01,VIT_CAR_001,1.77135E+12,28.362869214844423,73.37664938904858,190.40472900694348,21.30092782024187,1315.0751,56.974657180231596,16.42056481,12.926762034107417,80.37499425702364,62.934185987050896,51.74527627750557,30.512522211376627,228.31052806741215,231.92005052698664,232.95521837040533,229.93146621778362,0.5273759491800155,-0.721658125,1.1780975498542483,100.66150475198974,13.601234316379587,115.89223559791462,4.966463333312065,0.8308053021915414,119.37279786536374,61.40428238294075
ESP32_VEH_01,VIT_CAR_001,1.77135E+12,91.95545555618898,75.63504108060462,140.00854316302065,92.21845499,2610.174204,68.03729556131975,11.953490614041156,12.869986959294964,92.00905914231309,99.42359591512616,62.363025659918165,29.461367040770195,227.1400007582014,236.77507161756128,223.57088934819328,231.93974459428654,-0.467329562,-0.38232234,1.281149301266922,101.84918540256643,14.250688418204726,156.73901952945144,0.6015531737320801,0.9350335225813031,133.23725548484154,45.37521448275732
ESP32_VEH_01,VIT_CAR_001,1.77135E+12,22.653620089735472,77.13495359841754,150.45114261061553,26.53316733453524,1326.1134748579993,43.95893199307396,16.041945861546335,12.136853429191568,85.04012319739743,74.20591067026888,64.63857526262018,30.034971331516438,228.0106988138846,227.2065827402342,233.9736836,229.0010597363439,0.1553883492806423,-0.444476839,1.0412887744019181,100.67854274268738,13.954524064916816,120.10204137563382,2.0048847246107933,0.8901696010589782,126.19955426230749,67.99656040963103
ESP32_VEH_01,VIT_CAR_001,1.77135E+12,87.64987611611244,72.14017169731986,136.20320111185814,80.60400807844456,3215.018901843578,67.82707978672498,15.165544380591651,12.667539224381784,84.42853628443302,83.52918521188614,58.734450327216464,28.135995914093805,226.23597920514422,235.25495161070083,222.5239921551039,232.07105134729716,0.7194109322350267,-0.515064355,1.124632423789042,100.85944561472148,14.17259218108886,115.83345017451961,2.442378236867042,0.6387748190662053,115.43409677164382,31.62682440420767
ESP32_VEH_01,VIT_CAR_001,1.77135E+12,94.55108168766253,79.3748235,157.04340267350423,86.97532770026763,2842.8868510092225,65.27040263,14.32991570377142,12.373276309057106,85.41729326705962,57.73868693095015,54.69544653176743,38.236019843024216,225.59899972499227,228.11244163542244,226.4345135419899,235.4642968094574,-0.236539486,0.4200223078420498,0.9042789730801444,101.45977120396617,13.113558240317829,132.03346258268058,2.7249161024802135,0.9101103864344704,115.73391445933123,69.83829167
ESP32_VEH_01,VIT_CAR_001,1.77135E+12,92.46677799,75.39862315728196,185.1246880204378,78.68150262495858,2685.10824,54.150768433198664,16.99477256220462,12.394560669655547,84.95775980284665,50.12117511765024,55.83988247992032,38.46598236427813,231.65537491175888,227.55321679930984,224.36230940641863,234.49678653304954,-0.140205135,0.5112122966709358,1.1324154766085395,101.97744824820238,13.025226296335168,156.4248782937778,2.5853957293945182,0.4290004035783225,128.74970377535985,58.69263611088371
ESP32_VEH_01,VIT_CAR_001,1.77135E+12,88.99316569379792,80.33609907079399,172.1019110252646,88.16072790497323,1797.6947645154592,51.45071020329235,15.834179297088308,12.110493942251521,84.63094816820814,46.49319203890502,52.152690802629664,30.620400641136158,227.1190180519524,232.86970974928525,238.9439871257682,230.3244528750405,0.00768015,-0.348634698,1.0368087130794599,101.53751741472679,13.23928439114939,101.4783404,1.1595573467860323,0.8401969896625326,122.10527996723378,34.57701832941395
ESP32_VEH_01,VIT_CAR_001,1.77135E+12,85.32274068679796,75.23266888945274,208.32634740763382,87.93806483,2345.892862614113,64.84437301349232,16.973011483409426,12.907492890372117,91.63146034642335,73.91053046771873,44.28533362,32.85109215114469,227.38319145879098,214.9260075768197,222.66974233191837,231.71048612797554,-0.204617993,-0.646273758,0.772966369,102.77580887133067,13.603187195066083,219.5404303051257,1.3754246553645006,0.344406695,149.6380607,33.10590252116237
ESP32_VEH_01,VIT_CAR_001,1.77135E+12,89.88198114094969,77.61823811789378,195.33755446118974,82.03976520342555,2482.577345709648,69.29915312657067,12.14268695395094,12.71628459887651,78.72007610633443,29.08559219247405,50.672500655620546,31.564539171549573,234.8076115678247,244.7304493,186.4542623711008,234.49806735202822,0.4442876975530516,0.3857091668636197,1.0389184783658394,101.92746649176414,14.435769279630101,81.89562453909616,1.589270664401983,0.8185825787415428,106.57383012739444,51.46034190203169
ESP32_VEH_01,VIT_CAR_001,1.77135E+12,83.51489379519623,76.29613395,155.14058231360463,83.52596047523899,5056.319530267588,133.9916439610607,10.323464013313489,12.733177037798164,88.64585573,16.280138536499987,67.50563243721649,34.500205192778466,229.28264700437825,230.7990898675462,228.24196362255185,235.7354852,-0.058319419,0.7035360637795559,1.3113734582366938,100.06035460892397,14.101401358035151,391.8837719760603,2.086238706909887,1.3185781833729247,112.97650152409585,47.62538458599212
ESP32_VEH_01,VIT_CAR_001,1.77135E+12,95.44419161178335,68.18618926573865,183.18714455031488,81.94494589409764,3272.6072595112273,63.752259645964514,13.73999022895698,12.828281714995457,78.55423037143335,53.244312655679316,63.67270124,27.713695979479787,233.54170855304153,231.23491603670269,226.50305878269316,226.26799076783738,0.49759872379119424,0.6092717926882126,0.7873524213687062,100.09766803042359,14.674655384499681,218.86437348624963,1.6238006238531444,0.5699555127352184,110.47033048540206,34.509536698229134
ESP32_VEH_01,VIT_CAR_001,1.77135E+12,101.8110665978132,64.70928352459293,177.74205030761684,80.73009077230088,3439.023079683363,51.79034459769148,11.222936105181116,12.525329188794998,84.15353544172979,95.69357642309879,48.65581302,29.446358808602167,232.7448126357654,228.85703766537856,242.10054887990168,223.96656030686637,-0.185711681,-0.05361438,1.0847666968636187,99.58011358,14.200723430184134,208.87397366515017,1.347553487553683,0.8272749719259759,128.60490068688958,77.16167526122528
ESP32_VEH_01,VIT_CAR_001,1.77135E+12,79.4001428,69.02650473,141.83997135696828,92.22576254187516,3083.379724962643,68.59850349705252,17.411713011868667,12.41246136209219,88.71078761903485,49.866525096736204,49.59173780546773,32.632770770830064,226.99767341781583,230.2398522763163,232.43545588110723,230.30489794845715,-0.334427625,-0.281735388,0.6620398294783064,100.79810235782243,13.139429157067644,128.4925849,4.093658979667024,0.9825574688892231,144.5888174426461,69.54590140107823
ESP32_VEH_01,VIT_CAR_001,1.77135E+12,87.4291185,73.51973704392164,160.51648642122004,86.10364045610211,2955.8788271582475,81.02407219804444,15.51782409945949,12.737622870261074,98.42304281680333,59.50578021546843,43.27948047264017,28.83569247442696,233.03273072926115,225.53745365013836,221.79764456951267,229.3354448567399,-0.280331037,0.30982029139337064,0.8401439069721874,102.2762340179372,13.283460852085101,151.0080741478153,1.6409108169769155,0.5165079925146627,108.1145432155542,79.03498013938557
ESP32_VEH_01,VIT_CAR_001,1.77135E+12,90.36921889292641,70.96272127106795,138.45082625751917,83.2114966,2614.654440624227,84.07331964,14.937674772223296,12.689129042523641,92.03856715514672,68.43670405919787,66.60891035292742,32.03423808660799,230.68896387976906,236.49271493564197,239.5143577627427,235.83565639145596,0.5358855757696649,-0.150306311,0.7476590985673276,100.62539588523747,13.427188346076905,191.76630051176193,2.0002604199962004,0.34444146732804815,96.24654161598237,59.807925548317044
ESP32_VEH_01,VIT_CAR_001,1.77135E+12,104.0777161954588,69.87380325,165.74367846543043,89.73028886968424,2951.0932886874793,49.78344950515556,13.194408543510681,12.778820718751772,76.14919965604652,91.89786187,60.749748228666476,27.75375707387129,234.4043920774014,230.7068152705821,223.59046700952297,186.68111931825146,-0.770989464,0.5071482320952714,1.5618491973654405,101.8464040199684,13.167072763929786,161.65576178692515,2.877122753396915,0.2825911841949667,138.02412099669704,66.66350285842577
ESP32_VEH_01,VIT_CAR_001,1.77135E+12,106.4482478909402,81.22923462860192,161.18434978787369,83.39444033918186,3653.7254263108853,32.936056549510205,13.489234302543833,12.494832482753509,83.84541817,16.402323913315534,60.43582757556517,32.07463748784078,231.4239517307527,225.10087881034917,235.09468813725394,238.68269467149477,-0.093905136,-0.199424739,0.8271124064005582,100.57752559849698,13.826073814598837,126.15840923034528,0.3606243191360443,0.6187050024536246,137.13464443381582,56.2640036
ESP32_VEH_01,VIT_CAR_001,1.77135E+12,103.32051072854355,64.45162422675922,127.47895172728548,107.70247177743497,1382.2261222891377,63.63512224798326,13.75554916071983,12.639144970226294,90.44313430412318,28.232901681747855,42.374964814425425,28.76286309388147,226.50951966963942,231.2492268470618,231.72265535778513,234.8088764176346,-0.765344004,-0.801223605,0.9005874535761736,100.50017170523431,14.001683856424672,194.48756230830207,3.135177795347546,0.8497293838279125,151.0548501939051,66.85518615260158
ESP32_VEH_01,VIT_CAR_001,1.77135E+12,83.45127333977445,76.59875584258309,118.6619741903515,86.18979025040032,1979.6429936626637,59.39330004932898,20.28846376785224,12.27194703548872,84.03497527800343,53.48387498984383,69.80433228170185,27.28159247472435,236.28253361100596,228.22905032713183,223.16536270086115,231.4523977959779,-0.001382874,0.1801802347654952,1.314986267,101.46525449612554,13.971004521953098,201.88808578937235,1.6424583846535643,0.4897084294518137,127.09666908866978,53.911138214662955
ESP32_VEH_01,VIT_CAR_001,1.77135E+12,84.19520256742798,81.55638856576834,162.95834001499455,88.98685205268916,3032.1355627021835,63.24821204475321,12.55192040377996,12.269250105415352,91.67422298913647,23.698246703111778,63.736179988217835,24.44323810156925,232.14845222445007,231.39693359619227,230.77683645041796,241.89061842163954,0.34954655972080134,0.22983006727149735,1.095375987021078,102.17567069654429,14.305844526753917,170.5022827,1.4747370426099535,0.5225248263664211,106.58973763289407,53.209745290038114
ESP32_VEH_01,VIT_CAR_001,1.77135E+12,93.86727359652305,72.39798118660731,155.4786813740652,83.79166405681286,2912.489052795055,57.80261277,17.217713242403086,12.257724479740373,82.20584511682773,54.718729354827246,42.77857650759788,30.63333661512212,233.53977114436074,226.1074490841591,236.66402916542043,223.5768499874509,-0.369684536,0.33208370957566435,0.957825217,101.97093437681333,13.924016753882956,86.83008308237092,1.067174201601043,0.8369027536483917,135.93426016860707,57.11020467590804
ESP32_VEH_01,VIT_CAR_001,1.77135E+12,89.38004612696095,83.79541221002006,127.31736430423476,86.63959061440615,2531.200480126326,50.82719503012683,13.599260123392511,12.770369717658994,91.37887579655032,16.380386903288766,68.86035478111125,32.07579576600319,239.47442834246246,231.15286424810367,236.8647753477036,228.58404316139362,0.7547877077716494,-0.400074009,0.5803707487703204,100.55666295481872,14.161533780346021,139.36277246048985,2.1030270861155995,0.3510163077041897,90.57260628071478,58.15049603968622
ESP32_VEH_01,VIT_CAR_001,1.77135E+12,90.10443897913268,76.46009071374655,152.7390987816962,77.59948635848625,5305.105156457479,132.41682539782204,18.99146279476565,12.423383906382789,88.3797149,57.17523257189587,65.99815379148637,29.574650964986198,225.80302011154146,235.40047662792745,221.76195839254694,222.91166918516376,0.9449947847288765,-0.639165526,1.2957641333411885,100.28615336292162,13.157740097805494,395.9511177733482,2.018092115290004,1.574824397894299,163.0990873971939,74.72707203
ESP32_VEH_01,VIT_CAR_001,1.77135E+12,84.36108070232333,72.69706155561637,149.1420385482019,81.58711290519875,2275.894723070174,32.51308647600807,15.535232234205933,12.683590784889391,82.64749030339632,85.66415723607814,58.184198996045836,27.430111449590598,226.27835230283645,229.2308562954256,235.66947509771202,229.5792578705211,0.217693732,-0.252217143,0.8590900037225399,101.16981208190286,13.415312519489298,35.87712277,3.290599213715766,0.6689298887059502,129.94502726288457,43.41847547
ESP32_VEH_01,VIT_CAR_001,1.77135E+12,91.19987388280147,74.34101826454533,123.17722630680001,89.59104116070024,948.0461395831151,77.48378501795622,13.903894201972065,13.558358811525581,91.75180847376588,29.745970215562657,58.273758097463705,33.43175030209058,227.4535619004525,227.3726456323478,223.81030256969544,222.91181300607923,-0.623241411,0.32485170714709133,0.9191264961607973,100.42897681781591,13.287618105200009,176.57187545448255,2.0637813432437286,0.7373121671012793,128.13396365017053,30.832160170250784
ESP32_VEH_01,VIT_CAR_001,1.77135E+12,86.81617963587948,71.60921126339858,197.81236372149948,90.95869855286865,2548.4062745790434,48.448802141568684,17.212445970133068,12.833217921903127,84.45684215627438,48.177012428062426,42.52324559218859,22.962290759413527,228.7080114187511,234.3514883716553,226.1076409691147,226.4915829040445,0.067314515,-0.177425427,1.0508611027168024,101.26028537383398,14.396476453577776,152.55805205276354,1.6046549334800897,0.42832431698202894,105.86560138114366,58.62890503988723
ESP32_VEH_01,VIT_CAR_001,1.77135E+12,38.152879985436975,72.62465541913943,184.51692267708881,21.50237525066271,1008.8648249670279,43.578494023120086,17.80296316,12.69528773232875,92.34595915,99.79115178878818,52.98404119800134,31.17957212460318,224.67847011812606,235.5415112322458,228.61735787158972,226.75909166616051,-0.260557386,0.6968694442237429,0.8631443232377504,101.5602222708333,14.208446661428539,196.86496233525855,4.241324306226563,1.044039365764827,98.40563306587849,45.324952441684644
ESP32_VEH_01,VIT_CAR_001,1.77135E+12,80.76207846196968,75.40486202566845,180.91126858788743,81.32248689843617,3048.401519110451,54.926723367879625,15.039441074399148,12.598138049420742,91.18144706889956,78.06262274053788,50.11751811728677,24.923785090729243,226.23710716211684,228.89317534869963,229.6170528382505,227.3848776568284,-0.140436795,-0.625981273,1.5151863047497423,101.53708240181085,13.69643429569073,127.93114380820732,2.4475851099731876,0.7693024623302462,108.62764095992999,46.732704921970324
ESP32_VEH_01,VIT_CAR_001,1.77135E+12,98.72298396694221,70.67662004410539,134.35214122816873,89.37861919130368,2833.944323652196,81.61185835249997,15.734389329998056,12.670799679542766,89.18277639,58.183009759443046,56.80733813850924,29.802359718927345,223.37670221718835,237.12619646906666,227.69059805587554,230.17224427438677,0.8129822821834991,1.4186842758378972,1.204080081338165,101.37138113972301,14.660347766810048,168.45944134731587,2.8155652009029275,0.9768343599983007,124.97655784773174,31.678473921593415
ESP32_VEH_01,VIT_CAR_001,1.77135E+12,84.06654347364251,79.07810427151423,129.76761173290348,86.50170956544602,2454.6664936660945,50.394126040875136,13.833091645314486,12.621410123572382,87.19131760749914,22.23642304804504,50.13220239849858,25.74704884189768,231.61715839355438,235.6302201540155,228.0186945957488,233.62511924312767,0.12119702381290079,-1.163918919,1.168947144648836,101.70562455030671,13.556909380937158,130.2568627573943,3.4047821555787046,0.9072720594130508,106.7760704905456,41.29171544176315
ESP32_VEH_01,VIT_CAR_001,1.77135E+12,70.54088991906889,87.07237160919576,141.81154300788177,83.26766483974048,2368.4656734804094,102.46491132590481,14.000223230654223,12.57261010982287,80.23016438344551,21.155215550136358,65.53263888335832,33.056555623575576,227.64962306344125,228.59895244016582,221.4280124277552,234.61086931154335,-0.272016443,-0.450911018,0.8717179805911822,101.1915042282889,14.094287373241592,187.07891779492314,2.8475898410580247,1.027609703345532,107.65381886255099,33.36733711386832
ESP32_VEH_01,VIT_CAR_001,1.77135E+12,81.98389679380028,74.03323904561995,160.5305244716853,80.21098710887708,3158.711784460977,51.565015669342046,15.003983400887913,12.232348306359077,83.97914626718324,74.29522524020476,58.411470588680544,30.917637319210083,234.82734588143302,172.28785507843352,231.14004147836232,241.28941634599892,-0.157529978,0.31183994248878655,1.3181150673881104,101.45366292362596,13.748816939766627,150.49381471558803,1.730372191533383,0.8855679718387363,157.89904096839976,49.77694771736798
ESP32_VEH_01,VIT_CAR_001,1.77135E+12,129.1312983272857,83.70545713052101,124.21134959563851,104.64555745449005,2131.8087341208684,45.78446644134201,17.47801106815108,12.765957947805237,89.11316818,97.25984989850045,47.35711306515625,32.16273531,224.32899697270244,234.0916466278551,224.61293065191768,226.91411400176307,0.865495366,0.5119780034555224,0.800225852,100.71791740795766,14.836846913111016,248.35104886557536,-0.172393496,0.8842128738798385,130.66046763373748,52.87697644338648
ESP32_VEH_01,VIT_CAR_001,1.77135E+12,91.02012575108922,76.28291361547308,107.01404502289896,87.00223970954269,3403.292302232248,63.817950324643476,18.720515942110712,12.49350407588932,87.50638801365515,10.696493120969862,60.15424739230494,36.336745115864446,225.26748837088772,227.14458812682955,226.03140608003113,227.22704438631285,0.5233584308624052,0.5969129168061207,1.6244957469044763,101.4787579433485,13.760941315829564,168.71866594060202,2.2817780353687986,0.6200644226960907,114.15992870244821,79.45175157250978
ESP32_VEH_01,VIT_CAR_001,1.77135E+12,86.70653745379744,85.84214579722546,132.2317360000147,88.78886792431584,2275.8734842349513,65.12521621892841,14.919499621950834,12.219747598296847,92.32381528,13.524469330750158,59.65927324039849,30.191897941583075,237.57458512777896,231.08934239831777,233.5583078560945,168.12559694954865,-0.43727079,-0.261441375,1.2802042684212274,101.7679581464046,14.654413781132291,156.20835854538484,1.4995745592275842,0.5483353893843931,140.20555098243793,34.97113780014021
ESP32_VEH_01,VIT_CAR_001,1.77135E+12,29.09175649,72.23666122,120.72805064181458,29.474756897818043,1109.4424992532045,66.76921549244643,15.130584548234218,12.607250430370465,87.02546438985794,70.88174563170796,45.542624182988824,25.262647082481017,230.5150716833169,231.76622091864635,233.15325017570495,225.6694806659566,0.6282526154215935,-0.100703542,1.167302118285826,100.80289878507023,12.48260922444082,103.16639424897882,2.445762358707813,0.6491635224414966,135.8975670877144,39.35246223584687
ESP32_VEH_01,VIT_CAR_001,1.77135E+12,86.50244099,67.08993693205173,180.85028402250597,85.76921022852679,1933.6914984637187,51.024885868185706,16.226884713585125,12.274804552876901,79.53749151374589,88.74270637297211,44.75279685935828,26.57526780522082,224.56100606974871,220.85440893485685,227.6458353858427,229.80007447287588,0.4177090997192234,0.14282514444233155,1.304640004526044,100.4208384335089,13.989484911929969,95.55127674892265,3.228331032858548,0.5983667958726357,133.85765244959236,77.81555967932671
ESP32_VEH_01,VIT_CAR_001,1.77135E+12,90.50239838945373,70.18185918444168,147.68092200501076,89.67355499047723,2813.009121239491,56.801537063409285,13.475742345453245,12.589780048728985,85.41565916705795,45.29004335683571,51.89734880352021,28.363169936142846,230.99921273301553,226.8739038713907,191.75171367262232,228.32755988929947,-0.151887559,0.4638022581080671,0.9664320885569685,101.1596052155139,13.976128362562182,144.43997626130627,2.734713558712922,0.5154642166979004,87.94755646982475,57.05387857624704
ESP32_VEH_01,VIT_CAR_001,1.77135E+12,90.40281779,74.65011423784453,177.37009585172117,92.47500935,3672.436157066718,58.79629859426816,15.422949527864374,12.309608994788833,84.55965439972675,62.25794069834076,48.886633513472376,35.56987995350744,222.52889964025016,234.60881818615346,228.38434550013534,233.10788363709358,-0.669049247,-0.189311425,1.286450899662463,103.77629090261114,13.54608324439404,263.87655679020554,2.4352636386219593,0.5643032572157547,101.33951655353133,51.61329075469972
ESP32_VEH_01,VIT_CAR_001,1.77135E+12,91.75073058962376,75.24501237339378,169.40494723369537,86.14625464933413,1754.2107444510266,70.83279845089507,11.959930269754462,12.112314122895217,80.79249864214164,23.684913493687063,61.75660118845424,34.41813437099176,224.62467079518433,236.7475770721476,226.5764943505495,231.0217066688315,0.6578271670209493,-0.746553321,1.0060583285623657,100.42886697405852,14.17535081044764,23.471297813978495,1.7051996645965588,0.7300500202107023,112.89116371569617,34.823765310255936
ESP32_VEH_01,VIT_CAR_001,1.77135E+12,87.34906823840285,71.69787869449665,130.28190112966797,85.47468298560229,2791.909185645635,19.453113257104356,16.872857211065533,11.812359453589211,86.02039627621863,68.23671096022831,65.05778287462316,27.36533560324791,231.9049491115618,235.06406731025106,226.13611906766187,224.83410300374163,-0.038513061,0.24143034042950604,0.7491568741878549,100.18805225136074,14.44315106890334,196.60823412792794,1.4889570301112909,0.8192956286125389,109.71463943634373,31.06599289831928
ESP32_VEH_01,VIT_CAR_001,1.77135E+12,122.21129769523444,78.31314534838978,123.67181913215732,116.34195303509932,4339.657672104257,57.213920245621885,14.571144061015588,12.671424306315078,86.93080403,19.018926391348238,56.01335436044097,31.424382591231616,230.1034616612132,223.67859119323987,232.5604138934208,225.12701233518024,-0.270894197,-0.008483404,0.7679883459516516,100.9288375523495,13.935135324012526,72.19972658630998,3.0795396603214744,0.9339037908029489,129.9678615059288,51.96487911382475
ESP32_VEH_01,VIT_CAR_001,1.77135E+12,84.14321522071812,66.17350732295947,143.48531598370485,86.74878269796432,1749.4679270181712,31.51784422690172,16.812078582753436,12.473689765041275,80.11037565657762,35.81251755,48.84052111,31.885673864869034,229.24042620107673,225.30312794966804,226.24038518340626,222.47360455280256,-0.057077393,0.8779224737876332,0.741412992,101.74667271543618,14.32948351044776,183.16144912308965,0.736712349,0.6835043156419259,117.75881995184805,55.676873262791105
ESP32_VEH_01,VIT_CAR_001,1.77135E+12,94.79245150199462,83.85325883710162,145.6308207,90.60170575181446,3511.137301,52.388222782313875,15.545507398691711,12.388837266695008,84.19832195919464,22.81158906223836,44.399583610683045,29.867236991363313,230.3830751988804,221.66627704258497,232.60896483510186,219.7360018529536,-0.322160797,-0.410439817,1.0140951241120617,101.5442308811927,14.457459076340367,146.18470793555662,1.783028951140179,0.4852879357009274,78.93223558332198,77.19779224301456
ESP32_VEH_01,VIT_CAR_001,1.77135E+12,86.90007299775587,78.67133174188042,297.18163184436224,80.28067803621295,2830.694337570983,71.58890401071179,15.970494370190574,12.573724578061643,90.73776687517932,83.73014748073562,42.76677506769414,26.74744795432123,231.33749527275722,234.43355307527938,230.49213473757771,232.45970752053663,1.0188426095832543,-0.281488624,1.0426468309898358,101.22314815727631,14.031340707041956,166.9049260478818,8.49285922,0.6118516359999295,116.2583159,51.02596360766722
ESP32_VEH_01,VIT_CAR_001,1.77135E+12,90.42476145526888,77.65070096572119,160.94382339544902,84.65948408865421,942.7156827663293,73.33408467265753,15.715000165338784,12.630077041443576,81.9188485,99.71052270136236,63.42214165283375,25.720303516666494,230.31625962832018,229.4000187462899,227.21434349184702,234.86789491467366,-0.475000775,0.11407193466055143,1.0270910302010512,102.98498367634468,13.519975239688122,133.0664611479154,2.7411058582271735,0.674899681,162.37035398631411,37.61691283040621
ESP32_VEH_01,VIT_CAR_001,1.77135E+12,85.05217200738117,69.33326253,162.03497707940855,90.70586615742377,2984.9402644823294,77.44296834407554,17.809621086276646,12.55709029847401,91.75471331768118,93.95048509614976,66.07863225921488,26.845303978594014,227.82034776799446,226.3662012076281,221.35358427166213,224.42609301136426,-0.085693258,0.6313291693173796,1.3960890680821567,100.71133522446397,13.423917497260776,112.74729162002018,2.8871807238336187,0.7681781091095704,113.39747441815807,53.43434207566999
ESP32_VEH_01,VIT_CAR_001,1.77135E+12,87.04874856817004,63.67784456854669,162.37083850395413,82.86391907267796,3266.1206446974907,31.92329811854297,13.967237084262447,10.056420274381523,45.304210136411626,47.91969667336879,65.22891325517732,31.844748138121602,229.13085119114297,226.15788956469282,235.53114057095485,236.60640645593307,-0.330138154,-0.84792521,1.400805927609421,100.2186096236154,13.241596199414092,124.36343324094382,2.449203660681551,0.80541677,117.86659794903763,49.71166667999691
ESP32_VEH_01,VIT_CAR_001,1.77135E+12,124.58802588097595,65.09842504567452,152.97826673164712,112.4748201082864,2908.1443016412727,45.85877493896984,14.146596583726243,12.909060004626552,84.58453056823512,84.07570834,58.040480104396025,33.22752785797708,229.5056083085261,224.09757601597957,223.36934008544418,238.05677929642096,-0.123932678,-0.343506655,1.6057277022153507,100.76027345090979,14.505212512238943,130.59128703858565,0.7282818267149691,0.5305808580393483,114.60232820940855,68.15219156875072
ESP32_VEH_01,VIT_CAR_001,1.77135E+12,85.20247710439024,81.45704325811997,166.71897099323022,87.14655911331141,2759.286277113727,59.97490036,16.095649877230805,12.974539472534435,87.63455322207457,26.699302756399707,44.93224846482909,34.54806526699335,221.24710044095383,231.9170576807658,233.6878495161593,230.26075188077934,0.12094347490403197,0.47012816852992406,1.1650470977806253,101.73505375005645,14.527599502777806,67.28569331468007,2.0922950083258756,0.5508945842744195,120.53024531784915,59.725656386608605
ESP32_VEH_01,VIT_CAR_001,1.77135E+12,84.40653937919201,72.34204576348237,148.9173448799272,91.18745430368797,3005.5065638451983,63.62820031649339,15.086574739870217,12.390118832845076,83.45590991627093,66.40731667026209,58.45571978114817,31.85961194975244,230.2319265231699,230.26373076194656,226.2924180247477,227.73979392762544,0.23818622396681258,0.43724343808283195,0.38443225203644193,101.72672116358054,14.22216143756596,72.74960283827959,3.658349460889166,0.39498648243684603,140.71295128199608,42.55213036013876
ESP32_VEH_01,VIT_CAR_001,1.77135E+12,90.39273757396701,76.53534056175573,177.94643574161742,84.80475282045336,1801.1092867779357,64.33348744023814,13.57787646584359,10.799336689544157,61.32861677020999,33.55460029008029,65.85272671826247,27.571296158439218,235.02605186517297,223.57364596742332,236.5363127412933,227.05288221563626,0.19697284969783888,-0.326440303,0.3981430622888116,99.89113612945216,11.993951840812835,270.32127587791086,1.5172809463504136,0.4946521202512776,155.01892557310995,46.338632398034875
ESP32_VEH_01,VIT_CAR_001,1.77135E+12,102.21320352891475,64.12962511478673,195.21189566561043,87.62859956704425,2034.3166790057685,52.794377371476216,14.595354466259586,12.558911465312509,86.97862932859694,98.36793788,58.746105146707194,29.318325618238248,226.54220716238424,223.92933881592802,230.89338785463295,237.3432079481428,-0.0571567,0.5244200106611508,1.186984908793076,99.56114116759124,14.226445169897799,133.4171921704564,3.9675227643837303,0.6831571069333715,111.4426097975668,61.04821916163828
ESP32_VEH_01,VIT_CAR_001,1.77135E+12,131.8378281082545,71.72678715088097,114.92567603918522,99.86360087267087,2469.9214036732874,61.54641462481384,19.476465028165272,12.464342805530094,82.15172468740776,40.94723219283482,69.80484787,29.308698174387224,234.30022787453927,231.74926935585168,234.4513066227356,228.84354701703342,0.4662183602683753,-0.08857433,0.8694532465247699,101.69200535130041,12.81319803,190.45597445328735,1.2247397762129935,0.5979418978412292,114.13995783519405,94.15645418295131
ESP32_VEH_01,VIT_CAR_001,1.77135E+12,85.68500017150065,78.39732310419053,180.57455475579144,88.34119840425355,2580.909974560221,75.19469020396545,14.209906149669811,11.08170475243442,51.47406743900051,56.644675991349345,46.45179874040505,23.417909476045708,230.1566214936277,240.74396598639447,231.68872203504776,232.2041519954333,0.6296449669403852,0.47925394791734577,1.102899424274481,102.12886819463124,13.40828854644819,105.33015983840644,1.545884838304886,1.0421466484763908,134.30865586062217,56.46362623655304
ESP32_VEH_01,VIT_CAR_001,1.77135E+12,84.05855117402288,81.36756533915963,182.61301209686678,73.31424858537932,3073.752835609284,57.25965183468579,14.222848870989813,12.842967548371295,76.28249985,74.32980856606476,54.278800111768945,24.244668570097716,232.24049586928837,226.20041429174682,232.9522121548079,225.1154870297114,-0.141494152,0.302700846,1.1503935971472299,100.7463689591383,14.179406122579216,185.4779660618815,2.2319354691245556,0.9681938900220399,121.9330672922565,53.05433851848344
ESP32_VEH_01,VIT_CAR_001,1.77135E+12,90.73977371873386,79.78717519494998,137.54906321063172,83.39503107212565,2955.314184086682,47.85365606672621,13.80464468548849,12.537002360373785,84.17295565708996,66.18141573144646,47.43934735857689,26.894753344094568,230.9890300803186,233.04097268248958,233.64024916953107,233.74353522218837,0.2812595406717642,-0.346180441,0.768930117,100.90007085671476,13.486671636111545,144.83642844342071,1.3043066660838383,0.5920744349260505,117.59909246310676,50.529335650307544
ESP32_VEH_01,VIT_CAR_001,1.77135E+12,95.68451958510958,75.66660140613412,150.01937349915818,77.54855555422972,2228.667930392835,71.37218337192402,18.583041413284807,13.06396434891985,82.43182586646437,76.55611537541165,52.73727859791809,29.898030086022015,230.67680022456807,224.60674494809456,235.0560396222877,235.33309700356918,-0.94949896,0.1349125472938895,0.7657270009982112,100.43814942156428,15.094349780470983,178.85866793425157,1.8196249153821866,1.0014102370903095,94.09118395605947,51.05010860211161
ESP32_VEH_01,VIT_CAR_001,1.77135E+12,94.76178328416457,71.39080929357418,303.59726555086473,84.00525468554105,1409.1556928246466,103.33843779980029,15.888117675266994,12.260652379739948,86.06318961681104,52.28578779394866,45.599714441390816,24.925428835148978,235.66117130988098,234.5600693220334,228.50180861931702,235.34949438926157,0.31460068977039374,0.752972163,0.5232749092948221,102.64803860058947,14.166782756120071,119.1150534360206,7.679993208431014,0.8555338223272708,109.3311503787572,39.41630353970404
ESP32_VEH_01,VIT_CAR_001,1.77135E+12,91.69849250475218,65.91336340711176,159.90497274271192,82.28567864074019,6166.563200753996,135.34739171904613,14.582272949195694,12.498959202661592,83.08957195456138,27.57951193163526,46.00651192842998,30.76107446,234.65425457831907,238.11170252661478,241.23454360645488,231.9747241106266,0.906848587,-0.374740763,0.9007733632429542,101.74247283175497,13.994203914788983,308.57464860433333,2.3967621209742616,1.6436939472037024,117.77735623306276,32.98985367541954
ESP32_VEH_01,VIT_CAR_001,1.77135E+12,89.87911859228032,75.08291639374953,127.66652234577087,86.52812232567868,2198.6944825029314,57.32451936975581,15.28028383,12.526808395652838,91.80068728972823,71.52263806691616,44.36899145017127,35.67247081178289,235.8861344,242.8895894465852,234.82555710647222,233.09591889938773,0.10288226042157801,1.1542816487982317,0.8223428300362062,102.65450034122956,14.582674941620912,137.42526304980592,1.2041250883714163,0.42704620652028086,117.11885948430931,60.81556021378665
ESP32_VEH_01,VIT_CAR_001,1.77135E+12,94.23106621,73.73529715416612,200.79461171467705,90.78069345945839,1736.9942020713565,50.76339087189013,16.991532038041086,13.36311369282822,84.43236333905527,17.364295917708617,60.22079658545095,28.926092866772088,237.32774292763142,229.35533131500057,229.0446718,224.59487873332367,-0.389568378,0.073780082,0.6616237593215035,102.61385978464439,14.396733659881097,141.79119887452663,0.9464214266768178,0.48065804542170676,120.64943716252746,48.83414375623144
ESP32_VEH_01,VIT_CAR_001,1.77135E+12,97.04142575348386,75.49167408,123.11285672969552,90.33528267476703,5384.646397421174,121.39141186461677,16.07297705817093,12.852975633888041,80.21427617550837,43.34829684291487,56.983987220187295,30.477438196096106,218.2388323782789,225.7598999161289,230.16687446536992,225.8587557111898,0.7035990346561218,0.055156939359316814,1.0436589337596909,100.68226738821812,13.463134157839862,390.2937360638703,1.5073535160871019,1.5729127983749387,114.04654469737308,55.31293251317227
ESP32_VEH_01,VIT_CAR_001,1.77135E+12,30.846241070119298,77.74877623265107,149.06054114888605,29.225687881080315,1382.6241896264623,57.39146473779211,15.453981108721976,12.992563767336561,85.49221275356268,69.66586108392387,59.59372327531608,31.112490894908532,233.7769952193887,229.87339135953056,231.34220345350013,230.86295150214704,0.1746559219660593,-0.08928748,0.990662177,101.96846660102972,14.81857920158172,212.2898502028904,2.2303408253760737,0.5460471850031579,136.4093090202271,61.756719878829415
ESP32_VEH_01,VIT_CAR_001,1.77135E+12,92.38913573759709,78.81847388743476,135.32152964426274,88.39959691586722,2271.0582572309463,59.716959579339026,16.831909555514418,12.74380908131275,89.28091052137573,79.03485105872694,50.112212670510665,32.41661164668716,233.8027365052881,231.28860835585826,229.44116843851725,235.3240312818528,0.39127293683402853,-0.587324263,0.3951339666152637,102.35538333066081,13.482845416455277,174.54476641822342,2.335046819856371,0.8701322224219266,148.84983057117665,73.34840467
ESP32_VEH_01,VIT_CAR_001,1.77135E+12,91.73894272,81.37444544913302,190.87536188502136,85.88075607748665,3041.8538788786263,44.74710434879849,18.573763677710406,12.575475709488884,85.85352265503248,23.42454438647504,48.75632548516583,32.42448667809139,228.49108531312646,241.9400304212743,232.21968840902662,240.20688906954962,0.394497828,-0.319309832,0.6584998988792246,100.24977818664233,13.887057918087251,141.71744283770056,2.182755852707586,0.3877258509900028,113.11911991445129,79.15654636117047
ESP32_VEH_01,VIT_CAR_001,1.77135E+12,94.94490719969984,73.67350147282419,147.99556929655944,82.38618951846796,1784.6822309619038,65.35267016312852,14.059801015106208,12.505592814900284,95.23404146,17.520999141740738,49.991009361693656,25.53201647,230.61428443562116,233.0596755038502,226.35986205544714,228.4911481013481,0.3375470588148412,-0.069315132,0.8331237601596434,102.17613897014442,13.740037857122099,204.8268794214789,1.9912489157368685,0.4110762788589226,123.9550664368276,58.66281494
ESP32_VEH_01,VIT_CAR_001,1.77135E+12,89.89808650951647,75.44323731148953,328.4269799345774,87.07410654206657,2542.136280911705,77.76323257894124,16.284942832950378,13.168745329226159,85.78632808187206,19.024685120015747,40.08292625370772,22.69937824298278,237.8895153244199,229.99712217651498,234.1097043366744,229.67059914367977,-0.21936209,-0.109024588,1.3404038220420937,100.86263473424745,13.961709471655082,162.9105919658562,9.867037250764048,0.856694799,114.47100719069834,42.81726650023548
ESP32_VEH_01,VIT_CAR_001,1.77135E+12,87.65118275,68.85945760047726,127.44209490025104,89.15968796,2429.808837104759,37.67511844305541,15.941519260324087,12.344161352232089,86.32036307,66.43577518986014,68.58477202368175,26.136667700041432,222.91372234571617,223.0527784730699,236.02549924717266,230.84767487698738,-0.571420939,-0.236954746,0.9703533765169584,100.95119060036014,13.889785821875739,125.5717425740839,1.766708118,0.6438161852122618,140.4241655178348,76.04997941205673
ESP32_VEH_01,VIT_CAR_001,1.77135E+12,88.63140411033261,73.93692751770442,157.78280738597036,88.00717504,2472.753664857792,34.165691052477236,16.12393307592159,12.570273836004663,80.52854998648351,73.98451903,61.12064104071598,30.584506455979557,236.07207569030984,236.7003239,232.21696930930818,218.6398250924035,1.2215865933894619,0.2458131146603652,0.709526239,100.15479515769694,14.062799029720388,192.24432791443542,1.3921153887625355,0.6760111387614962,86.97570043371553,32.91181648906596
ESP32_VEH_01,VIT_CAR_001,1.77135E+12,89.09313609701825,65.62553242248038,133.96262942988324,84.10393650620885,6182.697518084949,89.21332465120224,18.709671925170102,12.46823483388984,87.42645897017627,42.43415756116674,59.202951513125186,26.399528722346485,232.9141965694899,232.40340133971046,229.65062287406627,233.87399462628923,-0.401520113,0.6646712643113104,0.7937989906608066,100.73670662608721,13.584221208804633,498.83091363875155,2.6899613956449824,1.8605327876333353,137.26266384013152,47.14326113538006
ESP32_VEH_01,VIT_CAR_001,1.77135E+12,79.86461082286239,69.22375899058878,150.0144540397632,89.48164158795316,1842.9312317977888,55.385137863903395,17.452619196475275,12.694313189593249,76.54816579940646,87.78915273580006,66.51397317909169,32.15878185224227,231.5735163744057,237.29499002496158,230.6556569206587,228.74784665944233,1.1557037413482318,-0.130312996,1.3251972205521896,100.86172034983402,14.320409667085865,57.593796207002384,2.609879694432891,0.5162308962620659,138.44866296629056,76.79022477265167
ESP32_VEH_01,VIT_CAR_001,1.77135E+12,90.10290060178554,74.23882904,162.07546650926872,94.95589295413536,2944.755490587672,47.69211960939376,16.240790693621886,12.656675481645104,83.58078897923194,10.790638660058509,67.26732442,30.372125464867104,228.81666120036508,229.49678466756413,235.08299713811704,224.67232468979785,0.5231349194178149,-0.487118032,0.7306296444266349,100.5916196017287,14.487135784480742,117.69724852241777,2.032721692561844,0.8911956878390682,103.09578597376216,60.00891579627857
ESP32_VEH_01,VIT_CAR_001,1.77135E+12,20.257049328561042,73.49515273983774,159.78770012076274,20.47766696206825,1019.1069017367879,57.66321811922022,16.232990879907156,12.36384940703182,84.97624690095539,81.24359323243075,52.323234336142555,28.62249291382512,229.49819377799054,224.87755016036235,217.36794786510475,228.7968522402324,-0.190186798,0.5045665230100211,0.926265907,102.70341777390628,14.255231862133932,196.59514968711858,2.0263339711876105,0.48103717895461257,101.38999856022375,33.81747958174201
ESP32_VEH_01,VIT_CAR_001,1.77135E+12,85.67700926,83.80541125,145.27666010544465,76.83627400108098,3214.1581043214796,62.99554599143897,23.992338069562095,10.197512074596006,84.78196000181424,88.70396459845871,33.353905499877435,32.118694876011105,222.33010291377516,227.41923295062796,221.76742575621915,235.47330526461482,5.479812783395713,-2.494328967,8.171942705993066,108.46058384182395,20.30529403,169.5278250675948,-2.203151411,-4.196282161,126.96771249791678,55.35067544355298
ESP32_VEH_01,VIT_CAR_001,1.77135E+12,88.16248963735306,77.42539528047689,163.37291829725146,88.80895349933954,1834.9971937395717,82.40375248,14.61839551201832,12.268226408749708,93.30764408,49.112253968608826,68.00754212193033,32.543637701854365,179.61197333333462,232.28849168887237,227.0243551859778,233.64204027086564,-0.030430439,0.058366230741526734,0.6212496233819833,101.62884140083597,13.81121559090092,158.2971911188375,1.2535941278120366,0.6905404825365267,107.65422065802242,79.92366483856048
ESP32_VEH_01,VIT_CAR_001,1.77135E+12,99.79424176803919,81.75386003445782,142.2736360491175,89.20161391184831,3018.7413126374586,85.03392055182832,13.289498682601888,13.05586396092295,86.06212220408534,13.931076107799376,56.00198133229399,31.398906126578066,240.8358752629568,231.47627125472994,230.38037390627133,228.1764134779767,0.1412330118341503,-0.359546885,0.8050384033224907,101.54430806223696,14.091071600280799,47.04741030044195,1.3644139120788878,0.7794813603385848,136.6317734606174,41.90397290833775
ESP32_VEH_01,VIT_CAR_001,1.77135E+12,88.12842363330155,76.7805302,181.05208450538925,81.11350430269557,3175.771751,52.940481932738834,16.116310148726495,12.975302617311701,86.22104422675991,29.46297780592335,45.93372302,29.638908888818282,230.7022628327523,225.36319231424136,228.3726753705641,239.8661295923239,0.25525485488270483,-0.165606141,1.3514418099658492,100.28235941852715,14.30196240761421,147.40593091950964,2.6124250090163805,0.9359071191994213,99.85945442852943,52.85392383063738
ESP32_VEH_01,VIT_CAR_001,1.77135E+12,88.86064783880502,81.52319727873088,165.65561175715501,87.15874133080546,3211.653577093999,71.35262490347709,14.018941874775976,12.265625280226425,87.26799996,79.06996935441501,50.07102465695163,33.63665341383209,233.32181304567106,231.07716575490485,232.97939992200256,225.25198288590062,-0.452482738,-0.832630214,0.8111945052779063,100.71283247047826,14.082304440266775,122.23109106970941,2.448320723657516,0.6586130007721369,153.94072995939308,56.95282878572509
ESP32_VEH_01,VIT_CAR_001,1.77135E+12,88.28358812392368,79.67479171568343,137.2516707775302,84.72431685875188,1752.6352022151154,48.79611569770003,12.423552194902367,12.832438520862787,79.52550923060761,75.95852808,53.82499852303554,34.18510937245021,226.21779828753407,233.50181689573785,232.39014674338304,224.2052942152094,-0.964445276,-0.995215722,0.6030818300910428,102.07962993816506,14.595396800367872,148.8930933924392,3.2813354021168815,0.6949976375152048,150.71359613298722,71.57839801053177
ESP32_VEH_01,VIT_CAR_001,1.77135E+12,92.96806587236728,72.07577566,113.85298312194462,88.00483513174626,2301.4218153526717,42.55441802698599,11.915478958180152,12.493319778632655,92.13888114715837,60.18940906,58.60147830983393,18.337555772235397,230.18660881701564,235.15925086471077,232.60407742680835,225.4078488055261,-0.103023813,-0.675682351,0.9485883018722963,101.38290519172266,13.570264153051188,199.5015843039584,1.4088101975839766,0.7009822713755735,96.78138827,36.29348617678427
ESP32_VEH_01,VIT_CAR_001,1.77135E+12,85.68301180625929,75.67620294413719,141.69045872667922,86.44416457403241,2728.639424131229,69.73627328953877,18.261066166056757,12.749653517138043,85.34223395,57.11499786,65.18033639270797,22.281932700879484,232.38202692578218,221.08808600603857,234.2980949,183.0821798456407,-0.106641497,-0.605557124,0.8583121222196806,102.67203267824327,14.129233479627812,152.69923989455998,1.545814981990736,0.5820880780269067,100.8783850815537,39.39492229
ESP32_VEH_01,VIT_CAR_001,1.77135E+12,81.20937905995808,75.72580147794314,122.77873277648777,91.26303180833456,2963.0547101586085,52.31838228081888,16.491467124049272,12.531568729271262,85.09889125753726,67.31311451614623,67.38286093,31.215629697918303,227.29660287320638,225.78495077628253,225.67633370862157,225.04036585989653,-0.123625652,0.031055254376994305,1.2889709473793647,100.92109847268789,13.577680404547884,117.4831228834856,2.504775776463486,1.0737229167946833,131.88964985818563,70.92187897258427
ESP32_VEH_01,VIT_CAR_001,1.77135E+12,89.89883461,66.47688332772765,282.1428531570351,80.16711142334923,2797.3220229761173,109.66897028432624,13.207663208011901,12.670929350639314,83.39363112754555,48.98288135838518,57.38634112631576,29.5891032,227.62068175909909,230.7189696839536,231.02751993898343,241.43169783693486,-0.30955602,1.4303173988405076,0.3655504551112576,100.01935937199266,14.599477347765356,104.92415585299665,8.582106409485664,0.5162107006056494,132.4373344855831,74.68029165
ESP32_VEH_01,VIT_CAR_001,1.77135E+12,87.43303704827659,72.14323185143967,135.46049316203124,78.1683511,2525.474989610441,49.12544510639467,13.972059174572584,12.552009164833322,91.67676274057388,43.25169026272244,68.58541917124802,29.23576066856884,229.00438297029328,239.48312142430524,227.38114722659603,222.94975926499566,-0.74851105,-0.555276679,1.3076499682190843,98.24009461429095,14.263712754250749,154.97956974825706,0.16024473201927814,0.9381646617230291,117.5740810433199,41.10646067321259
ESP32_VEH_01,VIT_CAR_001,1.77135E+12,88.01880910386227,69.48123621187852,163.76984942115112,81.34460748768689,2094.2903691396295,48.78684761,15.423865132061325,12.459264658837922,80.83570830564034,15.394318503483152,46.46599953192083,38.998650721771924,226.03630728698693,230.58230284184796,228.1419051304238,232.36458928261584,-0.001715926,0.6812473329537303,1.2955590687257905,101.82012283876244,14.277757746524872,145.7688404609943,3.0520120458911086,0.4598787057939753,107.20289731959699,75.83802499026633
ESP32_VEH_01,VIT_CAR_001,1.77135E+12,92.55569561056946,71.55860474,189.98779109725322,80.36948544413244,3601.8767748302876,55.03075049816024,15.108445194030988,11.675887621872537,85.29021927494026,82.27146314031656,58.59578298139527,28.66435014864344,238.66135283112726,226.7944950292076,238.13396680840458,227.1635687688292,-0.014075449,0.3630772625181565,0.5104183797418387,100.99914716340143,14.113383445849255,160.6409073916358,2.064310998484389,1.0009155653388428,120.12199723724338,70.53881684094583
ESP32_VEH_01,VIT_CAR_001,1.77135E+12,37.28061266363351,74.71994040594774,160.44990168864044,23.607504977390885,1478.1356412810223,72.38895208938186,15.588146413749332,12.59933193,85.39514174325528,18.45285953663663,61.43640532353498,30.232936285595766,224.56989376350336,237.16356016961666,224.12766767771038,236.24322094585665,1.4091683093526919,-0.691929551,0.7992958678556691,101.48542224983782,13.693638931014943,115.7139990043207,1.932752059404261,0.7878308209296948,126.50837221588924,67.95417531887946
ESP32_VEH_01,VIT_CAR_001,1.77135E+12,97.87801315699734,74.25055584688197,167.5466087424099,82.87557457923295,2304.585093303514,78.16650890058204,15.676042254452794,12.238398746852782,92.51470263204754,88.91373705718428,42.38544286127651,32.728854583735945,219.5789423220621,229.2738460295358,229.91145970121627,221.90194196205962,0.076193928,-0.286591182,1.1151360777840014,100.78129701560589,13.23629932734918,100.96923478090127,2.916375536257607,0.42624636361076434,134.81376714553957,60.30399894339448
ESP32_VEH_01,VIT_CAR_001,1.77135E+12,95.57480168,79.66058469159299,165.57901039376873,78.83262578226021,1433.204727136144,61.303863754124045,13.248141469351587,12.116191953603206,81.64156779,39.03952592,51.066959577801576,34.80189001096901,239.5642996069651,222.51775624277468,236.88791860225297,232.87948146656163,-0.309605536,0.1578110011992623,0.9351774713986377,100.14172308228257,14.619531336116415,102.59775273556485,2.591704112,0.8063202285843734,147.11962224233264,65.50750549036403
ESP32_VEH_01,VIT_CAR_001,1.77135E+12,85.74699415841991,72.80996242374849,313.1969468002433,81.38342608027551,1939.2754200699096,91.96770682394273,14.583386248763427,12.258218245368637,84.22224895750774,29.978929977748574,48.79291412071439,27.604669749337486,228.80949203081875,235.35193707858673,230.07068063236954,232.51209573418444,-0.648913802,-0.5166374,0.7172684776913412,99.99685129655767,14.973809368162266,130.6576026,10.54308359438334,0.7706411019295967,107.2633559420246,68.60070070191222
ESP32_VEH_01,VIT_CAR_001,1.77135E+12,83.41348903275146,70.90712328181347,185.43297014400414,82.58281677591319,2098.6894286312036,59.30999310966773,16.199796735786705,12.195552081669696,81.27259200859585,60.43550971300662,64.86633065339176,27.680489120331437,231.98174630777615,234.2058446636242,227.02958227384116,230.0036861567095,-0.330281458,0.8187092430652102,1.1771175114518633,100.68674299494351,13.690552363783087,247.8135571661928,2.4759743332499755,0.786543454,85.88889772953658,30.29325885472012
ESP32_VEH_01,VIT_CAR_001,1.77135E+12,84.99115780085177,74.61875315599363,133.38219004350643,79.88199761313096,2603.9733158208223,57.11617462,13.163949749779768,12.376444691918707,77.69031680690945,99.47741563,66.05728696596303,24.654440668769567,229.9335704889047,227.19442944613724,224.03083512380604,245.19412108924539,-0.54981308,0.082861994,0.9447539193688317,101.19631265447627,14.227930592695378,179.37261457314088,1.8345303193615796,1.1936186587824327,146.83948329905255,75.12575979674716
ESP32_VEH_01,VIT_CAR_001,1.77135E+12,98.02737067252991,72.30310092295525,133.24309716200594,83.61587082725973,3440.4397565215704,73.94346299846926,13.666101307229921,12.417911427338435,84.43245805301326,51.25410383142062,46.989574024315615,33.60240527918843,223.35007556187628,228.22419453370955,230.41276360139446,175.08148109791628,0.46122126676809105,0.588795296,0.7076605573618171,101.49927108913506,13.272305809587502,166.16641134256585,0.093846806,0.6505331987620585,121.60633496364872,54.720919881050776
ESP32_VEH_01,VIT_CAR_001,1.77135E+12,102.29977400471026,79.01888456489483,168.9329067268906,80.30129154292115,2146.928411131391,42.33763659207786,14.801386383124301,12.71928015439851,84.72084574487273,48.38604981696889,52.02944483752345,35.21056573404275,235.94347013982494,233.27457135120596,232.12235908081146,231.2844942939314,-0.351709711,0.5449071643669436,0.7369802266138386,101.56417851497251,14.973229088487509,124.32686875177598,2.598810233812378,0.7325415709434756,125.28453663971968,45.12546876886368
ESP32_VEH_01,VIT_CAR_001,1.77135E+12,83.40552245125326,64.22781289598731,165.38234354031658,88.30637121383992,2797.548899723668,62.308608137165635,14.924113300106578,9.524780841781064,56.598421064499874,96.76273152160776,40.085333588183104,21.362189925553075,231.3341921505874,237.90506262032025,236.5546667638032,233.84331927412921,0.17610327268716214,-0.033840308,0.8525169301579908,102.70820867664852,11.927655440236986,103.82116213263332,1.3217458987300104,0.4794891358351845,118.3678383698851,58.97669344597078
ESP32_VEH_01,VIT_CAR_001,1.77135E+12,90.82298099968251,75.14612504149903,153.05691335882645,84.75593373412461,2683.9086106214577,47.68444415967947,17.03757789978016,12.625028216907264,91.66611558889348,92.90086929571426,61.687231820639965,33.77349461917916,235.11970032471484,234.91878601238096,231.31055087067574,224.73229157037957,1.6888288251724042,-0.132240752,0.8885102265520557,101.82251915111284,14.530419955820372,65.87779212036946,1.2975644069509882,0.630006598,125.00251534983582,77.28086495363794
ESP32_VEH_01,VIT_CAR_001,1.77135E+12,93.32728605505369,83.80791703409778,126.96208924098133,92.19271324640803,1678.758166,75.89099326754149,15.175401304639905,12.567163379217414,77.62027869,13.239830908479938,64.85000418863514,30.366163888009073,220.45136254866696,221.9072759980794,230.61243053799274,154.80929421638774,0.5258741186182132,-0.208814986,1.0569536985350159,102.60346392072759,14.019164522989252,174.93621270894414,2.2749729495721676,0.8416509514380495,80.24361807406324,74.23031769658348
ESP32_VEH_01,VIT_CAR_001,1.77135E+12,92.58337091604851,87.83409897508679,161.32093013811624,83.12130129686335,2089.566286300814,56.88482442213924,14.869680896794016,12.138176566842535,85.01311242407746,76.4330459,52.951322095141116,32.59572081665497,221.8194543963709,234.32105480488028,223.8481478579048,231.49030546688275,-0.518910167,0.8418604895890858,0.9294733385144355,101.38086745067992,13.81346554,215.7594970412619,2.668001237887039,0.7326574997104687,131.28585986428408,56.962522210041435
ESP32_VEH_01,VIT_CAR_001,1.77135E+12,82.51461817809886,70.12374904939611,147.53235683001287,89.58839691,1781.0678850026381,88.4466446,13.626018853772102,12.551949744546501,88.00009993346546,18.532972591840746,40.97358031079434,29.210779848427354,227.29278825632156,233.6361714053185,231.67568836033794,224.1209721508385,0.6002032181024951,0.7937108569223038,0.8772222356138799,101.69709496458707,13.294856012496565,202.7368256717526,1.5420812182388974,0.573808824,130.51771054004857,53.86786334636215
ESP32_VEH_01,VIT_CAR_001,1.77135E+12,84.04022214838989,76.45799993,163.89334500220158,84.67097094,2452.160858,82.14367030183834,14.323750520292288,12.731368122141708,77.74549766994134,74.57009370654254,47.90038172,23.67735994260414,227.7666597014629,230.05547057487672,221.3924523321704,232.90737080701635,-1.181637729,0.8515417006499193,1.1986407001395138,100.89528273296293,14.104441519298936,174.16786941297994,1.714025575449187,0.47265277634286595,154.1233157,34.8013532
ESP32_VEH_01,VIT_CAR_001,1.77135E+12,114.25805647357164,78.84655544655173,160.51592474950291,100.60558306758752,2314.3589290864147,80.95189955644096,13.841695730322787,13.05122109987745,85.73988104560956,28.482421509025688,52.41452875372216,25.47793518459644,231.39413206337233,234.43107132065163,231.83291022617306,235.69254212393173,0.607719106,-0.056005688,0.9250302710976352,101.93165232531919,13.926878534145368,118.5118856,4.0807533417859325,0.7348262983532162,137.8869999804661,86.02244499411383
ESP32_VEH_01,VIT_CAR_001,1.77135E+12,86.20565596333446,75.69989820255896,161.2779057043896,83.77391878187053,1777.6499199076707,57.28553901658613,13.877409979770693,12.943151070257597,82.77103214509317,58.20691662908113,44.67561316233578,34.48556797789816,229.1971847605112,232.77722758128795,220.53050045941262,224.6208853651062,-1.308643515,0.1821517880844594,0.7939761710160314,102.8493755630579,13.989393684492136,87.9948177,2.0395450234913386,0.850512564,98.75267916368551,67.04769215087195
ESP32_VEH_01,VIT_CAR_001,1.77135E+12,83.81363218,73.45682935487417,158.56128620296434,89.90406509942068,2545.2523221782085,42.406264419066915,15.989401067645852,12.335442269392827,82.07178399916181,71.04417352463128,54.64424411094426,27.883400699136377,229.38937402095775,233.95472446370556,229.52597935178304,230.14692423807045,-0.533076229,-0.336310353,0.8370711308453641,102.93670361712475,13.594036310917307,129.11332810847554,2.0398601767333733,0.8536624916215391,113.66212378609399,37.53194764392554
ESP32_VEH_01,VIT_CAR_001,1.77135E+12,92.85520976801543,64.40652017785318,196.8487722,78.20353710692461,3693.032120417374,88.29073191644451,20.108067389633042,12.690425450002886,75.39006912990962,23.125615879063034,58.83848925110087,28.583378578959966,236.05286835412184,234.30277078804434,233.35692828720593,231.5693574219835,-0.750085871,-0.293971316,1.227051718374407,101.30124990865394,13.681795166834851,158.6812901137107,2.186974658137382,0.5863506737745676,126.2223607990004,56.56371471692272
ESP32_VEH_01,VIT_CAR_001,1.77135E+12,85.18651292890269,77.01787529,136.4154302529205,88.04344408410903,1638.8372828793385,54.36524407773948,13.738069291847584,11.579972743591101,84.78194680949946,52.31984355723446,61.98770110505338,33.43038266,224.60142646044287,223.68737051131546,233.13006944868778,229.08530591076234,-0.816474165,0.3190121019559925,1.0811288701709671,101.83170055806006,13.822368751593507,183.55893917885504,2.1247240476150027,0.7193667441497177,102.40653336215985,47.83808622766958
ESP32_VEH_01,VIT_CAR_001,1.77135E+12,90.93692866694364,76.51472923,144.73830934712998,82.30797335492115,2304.0342981128915,36.63302268440844,15.295792793726905,13.321712403869515,81.26825100612436,33.41971655384213,56.272953933300954,31.462342937346637,229.40472403216592,225.96393693268206,231.19899171617928,227.70061633341152,0.19849527103896827,-0.161184042,0.8075757276028661,101.71649542472721,13.618587834095417,232.29043686253846,2.2446917162866398,0.8627902206477103,92.79928258288359,38.21260945040254
ESP32_VEH_01,VIT_CAR_001,1.77135E+12,94.82469371,85.70581839387341,172.2047517968236,84.08919652,5012.818546721997,112.06348656956138,13.296536834387421,12.80753343,84.12298341831477,36.702793712612475,48.83337701,25.35576929443436,230.0911990215281,222.93621631732802,226.93780816774273,221.06494213601408,0.099939733,-0.343651588,1.294604780419351,101.90845936203974,14.354984268773158,293.5960918386229,2.2646811923003773,1.4905323067522454,106.65878610967874,68.05616377370848
ESP32_VEH_01,VIT_CAR_001,1.77135E+12,95.46847819350022,64.45799479361801,176.4349790903112,85.47057831027121,5603.773473889574,114.6991373,14.34389096691775,13.05006800605334,88.40736946,56.29319811725521,63.769374571233364,30.54006706921265,225.60934150189718,234.90452231788663,230.8752841792546,232.83558125766172,0.14792869180092816,1.4121872152844905,0.7554043057689026,100.76131431711416,14.003520242851863,430.5171934232601,1.9116273294729393,1.3828195796037508,154.66786180093874,54.42132810435541
ESP32_VEH_01,VIT_CAR_001,1.77135E+12,97.05653693214308,73.30971964839613,169.3048122255646,88.91918661848243,2381.424727942549,52.822306680627655,15.133907583642502,12.40557151480498,80.92112071156296,86.02503892626855,51.45443993566621,24.086239116300415,229.27777959729724,222.30492830797843,232.34804771633702,232.6711044869118,0.38094555854124784,0.026315795,1.3522074533239798,99.62487300025424,13.676863818917662,209.9219019129947,3.7383742025163222,0.7409251743054938,106.51108484263389,45.53125442
ESP32_VEH_01,VIT_CAR_001,1.77135E+12,86.61227944118234,74.16163031783056,149.29315839911195,82.19328986929682,2889.054742494343,73.83695229740671,14.898384240209545,12.367972183153542,88.66886888349647,96.21896563177746,50.25847734129664,32.18801989051062,234.42217527665827,227.8017371631198,231.71755385545293,236.10233800982436,0.7796001193904052,0.5761691071905896,1.0919462586578237,103.0230175728929,13.505255563880343,110.86566400025826,3.736591191996122,0.7046733233985754,117.67312673944427,30.31537902221297
ESP32_VEH_01,VIT_CAR_001,1.77135E+12,88.31188294,76.49071476617425,193.5243734861316,85.26846822962695,2829.4646610147693,48.100909608932746,15.117063893564001,12.61446369291814,83.63028612001919,96.72891673113851,44.32440905,29.28672841577564,225.82067630179017,226.41795731470285,159.67732509105795,218.59710960027004,0.6152988063700908,0.44872730084855217,0.7179729284886218,101.4789715183647,14.191128860246247,137.51617675812662,3.4319191123153523,0.5008911813445697,121.94263490397908,76.35242982452948
ESP32_VEH_01,VIT_CAR_001,1.77135E+12,87.24742317884065,79.63828279417358,153.393635,84.71456445212056,1605.748300110989,62.04088676687151,12.516269378002145,12.262171952451927,84.07603245,57.81376985249454,50.635647291030374,28.643888597463654,218.58106011500462,240.21648140515484,234.14844802830865,226.0659596,-0.156470048,0.16669767981550818,1.4835250539629246,104.05206663185746,14.36119908335983,201.82747805176106,-0.332548182,1.102771792830482,141.8695860600801,67.60898174096064
ESP32_VEH_01,VIT_CAR_001,1.77135E+12,99.80688997014703,83.56676587104305,140.98905495263043,78.89199865822698,1638.7320630887184,60.15627511412803,18.332542405480673,8,79.64160791985793,20.737291501174713,54.46245045062071,31.42926349660693,225.00162975930508,230.03744115728097,230.47273121947475,229.45054698732423,-9.846889774,-5.365891295,1.3427851926279006,89.09237285481248,6.538615780195795,135.17143265292475,-2.797252009,6.5006231632494345,112.63256717329514,46.97597636944352
ESP32_VEH_01,VIT_CAR_001,1.77135E+12,92.18999792429219,79.05271144,152.32129394283677,91.44823548765869,6225.247479706199,112.29889774754507,14.675939709287695,12.591800895095288,94.39708018,34.813646751906724,68.17061441390166,30.959079816528316,240.7489948053552,233.71100976394862,227.6765450988777,231.82090498226785,0.9608338406698342,-0.415466508,0.724357683,101.30455252340973,14.272074937654612,367.87365825769507,1.218122344610662,1.6279683051790999,112.61184981714982,60.47675610349367
ESP32_VEH_01,VIT_CAR_001,1.77135E+12,89.60840600965585,72.37644506420997,172.77470674373507,86.13489274876953,5526.1963044201875,117.15867281499011,15.748245008286592,12.087499814405222,80.74480059278235,92.69445625942727,60.55115106090449,31.573015114373163,234.01517590012608,235.39848142729653,229.52787597839756,229.14141854304356,0.6088115858319723,0.42105382705546485,1.2980465154317877,102.72985625737256,14.130613443151436,367.6874397986412,2.313310537340408,1.0088586236899035,106.61957201099015,55.701510801458625
ESP32_VEH_01,VIT_CAR_001,1.77135E+12,26.20480568145803,70.76655548190358,145.5184332,28.014305811605816,1397.070017143218,57.576518223960946,14.332887035856677,12.61359733416103,90.70003747940449,89.63318013,64.66133211217685,33.30017297900406,227.1657498650493,234.5773186350471,232.0906397679222,220.97228588961212,-0.216344946,0.060033407,0.973861652,101.71792028181332,14.410895649791433,139.87941769576628,0.328436217,0.7646878790248788,144.23707126049294,42.37689950207172
ESP32_VEH_01,VIT_CAR_001,1.77135E+12,80.78765995645722,73.99939043,171.44299853947635,83.42079705433817,2468.718918,54.91209832308035,13.519965035585354,10.66789724839645,60.10265484908919,93.29402200783326,62.226495,26.026116888241795,228.3275627057481,230.75332668185865,232.02950338167696,226.6223680561984,0.19397809719622763,-1.466306688,1.0011503544023976,101.85354566980801,12.654343887989077,98.61321055112411,1.5074436047594686,0.637509464,127.2655526382752,78.91950016585669
ESP32_VEH_01,VIT_CAR_001,1.77135E+12,89.05241495841172,80.79494383917837,138.0976988467204,88.54226910683184,2807.410160968931,57.56701429237185,14.930822481090358,12.510791482591673,87.59677312077764,88.38957482537676,57.08043027024178,33.76226952894886,238.23683210385994,225.21736728926686,227.13925408267596,229.2395262679675,0.42283145109847853,0.037425291068052105,0.7039949187509981,102.50811971234177,13.258159978064255,123.41477760748845,1.1265657506486906,0.562375106,126.07851807806175,48.870861809180695
ESP32_VEH_01,VIT_CAR_001,1.77135E+12,98.24257948761779,72.82117566473556,133.2814762280629,77.45543926,2378.877271589004,40.48168868971043,15.15868895060926,12.180176666805956,82.56218375095183,29.842164647824838,69.32214624983322,26.54497054,233.1623527402618,227.19503473876082,235.1433507183305,228.15176021213344,-0.096006527,-0.319611532,0.743608388,100.51447029906664,14.072941638633612,131.0144605131053,0.41875508427157526,0.8658093110734256,115.36933600452154,39.24776259482999
ESP32_VEH_01,VIT_CAR_001,1.77135E+12,93.45161814520526,69.97688738994314,171.20480469312582,82.83001003670464,5188.427997679277,103.66453774857081,15.612107560227013,12.505224440149018,88.63598907800323,44.06274987826039,67.45930820050688,22.923508534157058,234.06476066875078,228.99164318926833,228.87480558660386,229.6046410853324,-0.937198269,-1.027541352,1.0493776831548676,102.2300292278608,14.114029631084865,539.1518718369998,1.3898270418624112,1.8775597915145288,121.56964815162681,41.15485034
ESP32_VEH_01,VIT_CAR_001,1.77135E+12,96.20472488613552,75.53776017287373,199.0843928846676,91.53998206727812,2043.6833843313334,64.03751615,14.42610311278719,12.69606452415758,86.80956008428991,37.64818133907179,58.22624838200931,25.799613545199072,230.48946320754268,228.6285209968069,233.46291361425514,226.8015584060047,0.3571103179153724,-0.992243428,0.4847668713115133,101.20071778858669,13.700611204546293,239.87076503584575,3.7972655689615333,0.623917168,101.61401336871225,49.143204081966644
ESP32_VEH_01,VIT_CAR_001,1.77135E+12,84.25062717233699,75.89203194607671,201.46567842101445,81.98201178745376,1763.113543524657,3.1260121127078264,14.722816595281424,12.505586876214398,85.11590317097041,48.485072038546974,57.87999229239139,29.767731677300027,230.64553469880923,234.5553931610605,237.58555634144915,220.75914535766097,-1.329959384,-0.471697619,0.9584157875728273,100.87314623154431,14.901287442108035,248.32632422406067,0.901507331,0.7789361009607193,111.73290419267454,31.448739211339472
ESP32_VEH_01,VIT_CAR_001,1.77135E+12,84.66471154,76.22495475930629,145.72005954309597,91.66591838860019,3131.192542,53.39387397177822,15.169824804532224,12.81313139257082,82.72074918384223,39.264185018053546,54.48678052307009,25.465562888776756,229.45934252047903,228.50552533936022,225.07845745880422,222.93051328343236,0.022807425827126228,-0.938623053,1.0522985224384716,101.96084172172604,15.154699979004949,109.73815011564528,0.5374029539702105,0.43289956186697093,107.24359917197653,35.09475121853554
ESP32_VEH_01,VIT_CAR_001,1.77135E+12,82.04572743867786,68.50667246476543,131.79536911102272,95.40525157144066,3975.1862423475727,75.35126074352645,18.095683736167285,12.54491817851036,75.67713100146639,58.23467416684766,51.378918815107866,29.141401643608333,222.67184520223515,234.07157061091198,235.19237192926397,232.2140045,0.32402101699919267,0.023337857952012174,0.9007022308973521,100.76901969198676,14.382046654936204,203.18615682140785,1.8472420206275029,0.4618502643126458,75.12976428,70.07446945590723
ESP32_VEH_01,VIT_CAR_001,1.77135E+12,88.51993284516195,72.05620312,149.50601729891218,88.00468867,2889.3957516394103,61.73391463580818,15.637964339467011,12.351954261182579,85.70410514,21.30651963330505,65.59568620513011,31.327102526580667,232.70805984283243,231.82148040077087,234.65150295840857,227.3567203,0.7262974564123008,0.4782543045987861,1.3624240965821222,102.11634978960845,13.787211464389973,147.24587147833762,0.081475202,0.5625601398093213,101.5909475120434,36.89759425587671
ESP32_VEH_01,VIT_CAR_001,1.77135E+12,90.18726294947035,69.39129941127871,127.60451779179459,86.23425797830203,2163.8767183547893,60.85699985474737,13.134078160404048,12.866500556721014,78.39076590784371,49.32770423414734,60.50547136814748,29.20427785335659,235.5629476710142,234.51212031484994,226.7493114582057,227.75755818308355,0.5778790334274996,0.26570920536550596,0.5136008755833967,102.85922224560653,14.305146221760387,204.8937218194946,2.7135938301151636,0.8753308347059856,107.66081940618953,59.40772243193199
ESP32_VEH_01,VIT_CAR_001,1.77135E+12,84.44725080105027,78.56563415,127.55171882671463,80.59399937496745,2874.480513561924,54.55738084409439,17.019183614426083,12.446139722460746,86.76283866655078,42.16580429302319,53.065195208028136,31.269699233208943,227.17515399125733,232.07369513511802,232.99549061130244,228.13744929267764,0.3316991446715298,0.8906434675462324,1.2700377358006747,100.83203990988244,14.37726632063862,178.23915320634703,0.12488793558398115,0.4874639956854269,159.7105243815403,40.53853207
ESP32_VEH_01,VIT_CAR_001,1.77135E+12,111.92880770794724,77.22281724316827,142.30126122897252,113.74562840713931,2740.882252846009,48.08052357233336,15.863378142101057,12.96747632853287,83.47514018016116,29.19136883021835,54.09588414555817,31.49697049625226,238.70240246701434,229.17731476846018,227.6562389801142,231.37212170918187,0.45974407030025743,0.085197734,1.0531149272942226,99.14357221464877,14.986295986103643,108.51834528116191,4.338446269371678,0.6376222654313739,103.57497281477524,60.25374612
ESP32_VEH_01,VIT_CAR_001,1.77135E+12,88.18375435184107,65.13640747126111,157.41970636291742,87.87542795598134,2343.1724674578804,58.459033579754696,11.860882863364925,12.366082176555743,80.48787730359179,63.13050668851273,65.71561160956625,27.289836646806144,227.8060342541664,232.39649571544103,238.51583070122953,231.33719345295142,-0.432256548,0.2300943696291323,0.740296243,99.39041998,14.413984772803719,213.48525872087387,2.0395497711087907,0.7630370643389753,144.84045831975723,74.11568681532141
ESP32_VEH_01,VIT_CAR_001,1.77135E+12,93.34728815449611,72.66563885309255,154.15000939438224,94.65527578101924,2787.566969949464,80.47965452794362,13.734998612948086,12.550321670429419,85.56232392005953,39.90741523603718,64.27865254342007,24.675803781896345,238.81480300067614,217.48178098716997,229.9052141879344,229.29991781026303,-0.468636566,-0.479285161,1.0767971243830021,101.04657679582529,14.977443766602246,145.63689785077574,3.9430995522992696,0.6669521879300525,141.32595677248446,70.77117846761745
ESP32_VEH_01,VIT_CAR_001,1.77135E+12,89.97851841,83.94955203397363,139.55846988883638,86.87085627889633,2340.3652471024175,62.05789617939979,11.225844208474527,12.468326539395783,85.62895928045495,84.18901299144851,66.35796495569411,31.458691613050316,232.8687858233613,229.91453105803603,227.24816448044152,230.8208690847205,0.7977321940669307,0.16580759220364114,1.3482744236251145,100.60373668475569,13.376121493915212,202.1124388317892,0.8773509951222691,0.49157745865698266,134.7221253,36.79672637114701
ESP32_VEH_01,VIT_CAR_001,1.77135E+12,99.84250223418591,79.67365253,384.1685945839622,82.713522,3081.1457248003057,109.13193729800273,14.343507638767024,12.61823571107082,83.05295033158069,47.30492791331918,45.95724450797876,37.300985193238795,229.93728591015778,239.52669137455842,226.3933474388698,232.77389960227487,-0.155015403,-0.010451782,0.8953643151629883,102.40667461769247,13.889884438890826,158.4945163985442,10.83405983,0.7291992779056924,180.01098850184246,33.17001289653663
ESP32_VEH_01,VIT_CAR_001,1.77135E+12,91.24489175159981,79.54861458350732,182.95815909238146,93.98284255,2490.2557439843476,61.45856954848606,15.320628266902146,12.601431792964906,78.41414109327434,18.129219777961588,65.09041976698212,28.42782445246419,230.63073321733484,229.78640275472978,224.49588351046535,224.7532755556722,-0.142478007,0.648005729,0.6444694470319214,100.03631180920236,13.618724689344289,103.93022946856297,2.7983411662134756,1.1662061405288509,133.93730494464046,59.95211805344329
ESP32_VEH_01,VIT_CAR_001,1.77135E+12,92.36496186099798,74.76689166490516,173.2567291262911,82.40717485365434,3817.788275283809,67.14899942958961,14.703453167092865,12.59169430929369,86.05039249663183,76.92781094408312,42.908023722957864,29.236567395172777,222.3823444146621,231.49867492529452,230.3691998741492,237.82036718028087,-0.695494372,-0.218174903,0.7195807061163368,101.33432106409957,13.944749345336863,181.5505702839729,1.1769780469375384,0.42751971724374677,87.17506775638897,68.30230197102853
ESP32_VEH_01,VIT_CAR_001,1.77135E+12,98.45924385546724,64.12647935800962,162.27139353127325,73.28874191341647,1560.0021897234205,57.54028940430017,13.787040767085772,12.838286059665984,83.24442087939435,14.326936381342758,50.41466269,25.034485030341912,225.16084853473575,235.6451849,225.70394746001372,232.37548000584061,-0.030282191,-0.139738352,1.1908653383940322,101.81659947970837,13.474057778605898,116.79818255760472,2.6185889096973094,0.6672148498013667,117.83516649469749,58.35872191348011
ESP32_VEH_01,VIT_CAR_001,1.77135E+12,98.08931126797722,74.99463662,153.06284841590463,81.3749239,3556.1708403857447,68.39324121833921,11.444645106269455,11.902995850333673,87.61283205,95.13376328850302,43.70901381,25.520498930430353,221.53301735831988,230.8062481,234.52734129248879,230.22753772418153,0.043139911,-0.139408792,0.8267158979803699,101.59839400805521,14.327794330715863,192.65324145999907,1.9070539160008422,0.694038877,111.74263806412127,61.59217366820003
ESP32_VEH_01,VIT_CAR_001,1.77135E+12,84.94398666,77.40041224003197,161.57889918364043,86.22787143401024,3099.119438055828,67.90916323259215,15.024628512111121,12.902695926828198,85.67974187955174,71.76056099327178,40.28783396365131,29.582127447576447,230.02168498886914,230.28407720939816,231.91305172148986,222.4949360779269,0.2472452408480919,0.19603469124207795,0.5184374483995915,100.50274235104574,13.598245686787006,111.24515681008074,1.0726308578345287,0.5569357662953447,126.73188188079779,60.03539794235761
ESP32_VEH_01,VIT_CAR_001,1.77135E+12,90.85648118030696,74.71616122768391,127.9031735270072,86.77924989239979,2690.4721432046754,59.108695806420485,14.44129812212241,12.684319222888936,84.08550385,78.93711997428271,64.34392645,30.750283755328294,232.23505413846425,224.92919116259728,231.5022168,228.88970754478456,-0.193448982,-0.133087849,1.2003915705496795,101.6110652807623,14.620906705845163,161.35477983630352,2.1905650803319574,0.3533831470891697,121.21144831941469,75.75902344472047
ESP32_VEH_01,VIT_CAR_001,1.77135E+12,94.32454481483245,70.68055970672161,164.71333293977187,86.33043003057021,2708.1305747027272,75.66128147908745,13.797150894289029,12.169680063499394,79.40833681346322,41.34657854027741,51.34574331585376,28.060204631493658,225.72066844906155,150.63126961642047,241.6498660696179,232.87049897666856,0.5051052877752306,-0.557899744,0.889873541,100.6715082738288,13.795571656249844,209.84209214506348,2.0749628916706397,0.504013063,105.2927492658992,62.85484254586199
ESP32_VEH_01,VIT_CAR_001,1.77135E+12,91.40627059958389,69.75814716953185,160.49323378335396,82.28170182887824,2924.5699567208862,40.83530616640576,13.323898712720602,12.589301038004406,90.88215096326593,82.18116402289535,55.05502083067947,30.250543734376027,229.96362785531713,229.4826799633405,230.57110059217516,226.30005200057846,0.24530062466071703,-0.38046495,0.5523936369771598,100.53088368379436,13.491486353516448,68.78920958560707,2.0543100927137257,0.6548428573734739,124.31425029625244,54.62732442551015
ESP32_VEH_01,VIT_CAR_001,1.77135E+12,85.91329056156258,76.39161081644978,147.53333672230784,86.82315408628226,2552.670752814721,76.37750513477592,16.779253239408366,12.858793668127007,92.18489829904742,67.19814156141322,67.41151935418634,26.34094070142069,229.2699457905647,209.81854700074805,226.23951475744016,221.44984117958572,-1.16078833,-0.09443006,0.7844660433738417,99.59051407607109,13.901263979008977,92.03485180338097,1.6353211082633718,0.8814917482972581,141.37051477648413,63.52974952245139
ESP32_VEH_01,VIT_CAR_001,1.77135E+12,93.90884260114595,77.72700238,106.07454167607756,81.19954581110795,1578.734242439276,88.61636695625337,14.829416484151531,12.507066054256356,85.82877577157169,46.342115016603174,63.348525003556716,18.654650673299866,230.70953054325048,234.32879561037134,155.50995607914743,228.30610288978897,-0.018150655,-0.022375587,0.8590157714097917,100.89559462595236,14.480509853413476,102.44128803448116,2.4534180201501887,0.6946012076579272,144.19334969456384,62.01787054963553
ESP32_VEH_01,VIT_CAR_001,1.77135E+12,87.02664641960786,79.21943108497814,164.20852401899705,81.48337578704135,1751.3746122396133,55.71578521333004,13.022928047015295,12.65978986548816,82.05471963133542,10.530425778511642,64.92147497273082,30.19079303277634,235.59129640669727,227.59746181281153,224.30214727603897,223.21893928154603,-0.606234051,-0.114805609,0.8013189804838992,100.5924861930646,13.042172835692215,51.67802865034355,1.7334225973542634,0.7385687042200209,125.45543712503525,69.31878072234824
ESP32_VEH_01,VIT_CAR_001,1.77135E+12,85.94613650948386,79.76885969879878,169.32959454509077,89.91808204951741,2519.3684452241628,64.68136104345359,13.282289501726291,12.399130581633317,92.71748257,48.185464162573645,40.08076151068981,29.250744637423143,231.3689052132817,173.95895077872262,224.87285871160097,229.2964261014674,0.35675934587719305,-0.855111657,1.3820499588148776,101.44252534883086,14.094549050060161,-30.42487806,1.9730597207371858,0.7448481408859717,127.9634209497975,51.05096863579752
ESP32_VEH_01,VIT_CAR_001,1.77135E+12,99.82366998396486,70.22276698,129.42499573689184,80.13648504231047,1524.087968,56.96999682,17.34294429254523,12.643726857981667,93.14862652167497,28.084382196999776,41.44650895947983,31.490949070422946,212.6000373759702,231.98876639852446,226.48412258173434,236.58733424412296,3.838624228442637e-05,0.2630853069240346,1.3873473141425003,100.50010194583595,13.920950436536202,155.5479357695767,2.777132496071294,0.6280651082745992,102.13292353175012,45.880655702714215
ESP32_VEH_01,VIT_CAR_001,1.77135E+12,84.80513407029474,79.02223486363464,168.38065531910644,83.97348443,2220.0871553410707,62.76466711271241,13.991542246567693,12.247460527712226,80.33800116768327,46.58961452210164,40.485660800906054,24.770271833725403,173.06564012920143,228.24986940068277,225.57102915619942,228.9088048,-0.19694164,-0.009211203,0.9156457567540932,101.0093694964678,13.605463086628406,147.42074781529647,0.9760707749350592,0.5528041978216228,97.22913580677391,39.51761294726198
ESP32_VEH_01,VIT_CAR_001,1.77135E+12,87.02982167625616,76.75453863994949,129.40824057070523,85.57520161870126,2711.281433628621,79.9052707,14.898763355133333,12.718218381441423,86.99456422441583,97.73249004091328,53.91072021880456,29.689773870013404,226.2657763438601,223.37760951830572,231.88628441903518,233.5733885270701,-0.197894072,0.3837049772922589,1.177390146485098,102.50613539781489,13.221644807522491,126.45644930536575,2.1363997206065104,0.545837134,93.68450256853771,32.64493496455716
ESP32_VEH_01,VIT_CAR_001,1.77135E+12,88.91113094947048,78.93149706446775,137.25787510139497,94.37833803646834,2992.858516898353,50.04559135,15.813676825243663,13.36133600661609,87.47414950463195,85.52143417036434,69.86142885299678,30.321447750332027,225.72912487502157,231.74517894093722,225.6191174247715,237.97608247848098,-0.26871491,-0.4602585,1.3125792588254588,98.61432166974565,13.878089402522695,137.44050505571136,2.2698083770648187,1.2562644910830159,112.22703010628453,73.73053807348865
ESP32_VEH_01,VIT_CAR_001,1.77135E+12,93.59466884498181,78.88067149882703,166.7047932,84.07097638694992,2444.9711874085874,51.52500693024958,17.57900400424212,12.766712586893448,75.72093924568617,32.03955286360554,55.09245043,28.89254129569349,227.02547474373213,237.21950759698905,235.71381025971937,231.10938183227663,-0.130528901,-0.033153943,0.8682207969559955,100.40528359622814,13.254035528188222,96.20378164233173,3.6790056812601706,1.2252702689057189,154.5547046732787,79.67558146761144
ESP32_VEH_01,VIT_CAR_001,1.77135E+12,88.69402690828825,75.86871089354179,125.61864737937859,84.07631617716402,2892.741147940323,76.94024252400652,15.828519158269208,12.72432761314621,82.11706708693502,69.59982586936182,41.153203908317934,33.284741363353206,230.71913950497478,231.79886482006316,226.26038198166418,232.3577181,-0.575173878,0.10542238554216236,0.7970501602831201,102.34512009674503,14.37540045,145.1170558720974,3.148401581473346,0.6133713312757247,112.02774564092034,62.21980367661712
ESP32_VEH_01,VIT_CAR_001,1.77135E+12,89.49139288298896,67.88239942049148,298.40945212985457,86.98450527128217,2394.843436926608,81.88105883164816,13.035133021535698,12.85508642615334,88.0957182,94.33226558849675,63.79936585129186,28.00694938226114,237.02705123762087,235.4473715412707,217.2710829903199,240.06005814473858,-0.749392273,-0.343526245,1.2521304636333483,99.43879837017865,13.599456636288862,137.29203661305237,7.5899621363604535,0.4330114647025585,111.88980973932851,79.31284022090512
ESP32_VEH_01,VIT_CAR_001,1.77135E+12,80.65139135901977,84.58228061209971,165.70274117129964,89.41279575397861,1968.3408592118406,34.31473379714602,15.781256075029413,12.628377362186711,80.98698349095054,87.62046700958004,54.263979767496735,34.80918844208924,235.94500966428686,232.88752344791476,224.24390324842727,231.27698992364088,-0.32844429,0.17159152381243428,1.4347368313878774,100.68230423766059,13.093364086704717,189.6644703764187,0.37727642101707604,0.7982099549777819,95.15170599956159,35.60554246364987
ESP32_VEH_01,VIT_CAR_001,1.77135E+12,96.09073144200852,74.00282253830669,131.21812062782496,85.75185890258926,2166.880066863997,67.58602896611282,21.775851387034578,8,75.50214734354924,32.16178822429768,64.62186317200668,40.917086514768165,227.80197417483978,229.4072909030052,234.59809340899378,235.1635032394469,4.659823295305116,-1.281685005,13.28782250030374,102.79692844142981,9.526610425152393,192.8532891073654,0.3640506572828506,8.979896438058596,119.26595374386524,43.619557672360294
ESP32_VEH_01,VIT_CAR_001,1.77135E+12,92.19511431918906,79.45721850125766,155.33930409141814,86.98559052392913,2324.2951049071476,58.73770248194609,15.525322320747517,12.625589908973593,80.89459446,18.110977367787136,61.83420150755976,23.895092138890618,225.77415241108864,235.66325150105314,225.14486557850245,226.48706687712397,-0.538774229,0.5251654073720247,1.4041259473584229,100.94244794235452,13.849314984312715,228.45443275327546,1.2273455646450158,0.5977293435525278,133.31635950061963,61.81507126685321
ESP32_VEH_01,VIT_CAR_001,1.77135E+12,86.99105909292878,69.48247680345041,153.9936281645319,93.23233344607328,6265.047754738161,88.27397992,12.263128630026975,12.99118203892167,88.88542645,57.92998588293837,62.77527871718058,27.93308938447418,236.27516592064586,232.66326015033886,226.4779869140375,227.04713410803632,-0.656300606,-1.056166437,1.5439008960612746,102.0944133581644,13.78770000820482,505.87457513899597,3.2525388163720765,1.5008139695334322,95.45483563378693,41.358545310072934
ESP32_VEH_01,VIT_CAR_001,1.77135E+12,83.58628417990597,78.04377756089258,191.3746759441364,81.92839501745297,2621.5525410594955,53.14344575842657,14.35333356804183,12.71856354453582,76.03253573,41.92545001937103,55.44717337291704,24.596983127265716,232.47344901463822,230.99214168472486,227.3568996821186,228.96162070206321,-0.538738088,-0.481743715,1.3596062475919286,101.45549179491756,13.63933020442331,142.6117812,2.102800764678608,0.29608356131557845,130.18959573304178,64.71860307055778
ESP32_VEH_01,VIT_CAR_001,1.77135E+12,92.91784444672061,74.79231613473621,127.3533959645467,86.12989081394583,2959.987322671803,81.23465828579441,13.339223144561943,12.682450985174524,85.61553937801273,32.53029351,66.36567889,34.03022298005915,231.8664657094071,227.35128143643715,227.65240312071967,233.15317543893192,-0.456618005,0.022910566,1.0419470764829022,102.14039488471641,14.027309813596874,159.40815405544868,4.769492693097228,0.4806625646990337,92.36066873396135,43.18026758036133
ESP32_VEH_01,VIT_CAR_001,1.77135E+12,88.26710076,67.71154711653618,174.8911369238311,84.24785244596906,2718.495459961421,49.13777136493236,17.11722998806821,12.955188281215303,78.00655290842502,19.678079170655394,54.474052459557925,28.10471542927298,226.43554326016638,236.38221704594116,231.82857616378845,231.13704550351363,-0.322032688,0.17937124224617826,1.0600935354626975,101.81258902189514,13.599841606428866,172.31809473644026,3.920407479009668,0.8667114366780295,116.42425676672346,51.67918010143073
ESP32_VEH_01,VIT_CAR_001,1.77135E+12,98.22159433724435,75.49575513910253,128.44277589036056,76.53975676566287,1799.6676069122627,46.32433454481756,11.413499139783319,12.180204642373209,86.49711372453363,46.55161715288303,46.80002196245917,26.623027776572428,234.91810333049412,231.4695133296649,234.01876369987932,229.83651249691638,0.45772636816627843,0.3888319392708611,0.40565449689363164,101.52402986558154,14.309471044972488,122.76246196273915,3.5145537278943735,0.5462093226305569,102.56879972549615,79.44819014196807
ESP32_VEH_01,VIT_CAR_001,1.77135E+12,88.07030032026637,79.22154020961848,119.9958014237384,83.76561697,3361.272217374373,80.50621307675345,15.365711096750774,12.798461677723328,85.89879756697492,57.249505611597115,69.50901830723203,30.072767118847473,234.7035625200807,234.10365982286538,225.84540992112125,229.33809022037414,-0.578578287,0.6291718792009119,0.9948856574197197,102.3259486122928,13.592555727375887,162.26493670574774,2.651101283126335,0.6075644958269416,100.75166774791718,66.73568896435643
ESP32_VEH_01,VIT_CAR_001,1.77135E+12,97.54058465145044,70.80102674195389,170.7218418119797,87.74227668123588,2309.926571021216,82.27834005524022,15.007398724398776,12.557811895020567,84.62088417464122,13.255301701797286,55.921185329771035,29.9916924,233.51730564913308,237.9202320976726,229.00882398738145,233.28093592962534,0.5769804328776655,0.3700921836123446,0.9371072142557565,102.01464318681664,14.02640476257387,108.30570591860689,1.8363798734481953,0.38358010040393087,113.05635557205478,61.75436353333116
ESP32_VEH_01,VIT_CAR_001,1.77135E+12,87.42527571,71.85491768167967,154.51185855890148,90.44867760726173,2653.7678695961813,96.69012271048122,18.59768692050811,12.733477049104774,79.52908058454217,21.972191300558826,61.27474522580991,30.60850982972439,233.2335981983251,232.37592171894138,227.9395177218328,224.24373708598827,0.45247650510006915,-0.436561989,0.9538628687646198,100.65061587543623,14.239139381265652,131.2695660531405,4.4448347565954105,0.31807671272443083,107.8987041,55.66178116312751
ESP32_VEH_01,VIT_CAR_001,1.77135E+12,87.61837460351893,66.04630568,122.53076502652175,87.90528164,2741.2124488841687,75.63278929354112,14.581640081200298,9.641869405269437,56.294146385364314,10.075947244547251,42.19872808872403,26.808443617471063,227.77696055379454,225.81012100437815,236.54203588912114,231.20218977560683,-0.16937517,-0.021689735,0.7799510035580365,101.7964654923825,12.369460675852764,205.80599899564027,3.4626062129003223,0.6562937360249138,114.9439763811043,69.31266110595703
ESP32_VEH_01,VIT_CAR_001,1.77135E+12,86.39844549013978,69.69366350682577,127.3477064,83.89418964503078,3150.8101038371337,76.03051308,13.524172078272116,12.428462345412303,85.27445375891577,49.93400356435709,42.94540590032233,36.577259720906255,236.20410730820396,232.2820641943192,225.28939138774248,229.93288442977837,0.28689739815780524,0.17801534058369706,0.7588034583171528,100.59281046202551,14.525711771736237,153.5328379688233,1.4241689106536017,0.698485997,109.08752529655311,78.73157225852651
ESP32_VEH_01,VIT_CAR_001,1.77135E+12,82.28724806179052,76.08067714921145,137.14177641018168,89.61730814289382,2330.5927381647653,70.87470331442805,11.396332968330665,12.680422727841568,81.44716784009799,96.39987757840206,55.30442071576968,29.148535931158115,232.69681846977804,228.84203485868733,233.15929980693247,224.47177981907666,-0.043182023,0.2627844288735408,1.026267346586003,99.99336058734852,14.08577878535162,144.19156966830565,1.9417414825047932,0.8184149933886432,127.40824073282388,64.47049551337155
ESP32_VEH_01,VIT_CAR_001,1.77135E+12,86.38602304626767,73.24413661,124.48302911706577,81.18034352124717,2330.594931215604,77.63416933579953,14.15328327743962,12.212533183854562,79.40308268595138,51.54424607063622,55.398219681139466,30.905504787415875,156.6235258087663,234.8224414507769,230.3488545990748,240.16548215731058,0.15973847145053513,-0.89127604,1.415075700000604,100.22574336038062,14.49326189519032,240.10299870347126,0.41966857380637745,0.673027555,111.82487382683973,63.02620155242734
ESP32_VEH_01,VIT_CAR_001,1.77135E+12,91.95333700206292,82.66651253399975,178.82369543297926,91.30866829406017,2987.013071999787,41.858184186909924,17.076306481294807,12.465961759813363,87.06474315247134,76.74604211024605,69.77541328701463,28.432138587085195,235.29737420436237,229.86935835667833,228.7549774592463,231.13159841448825,-0.406257613,0.19732006940886618,1.3454033441331474,102.23840854558944,13.78002314816332,214.95702636093142,2.9888897840446114,0.35128281009478335,136.96249789639882,34.612159086675675
ESP32_VEH_01,VIT_CAR_001,1.77135E+12,96.81716578,73.27807860927287,143.18514781541458,85.96171366052579,2414.6025585229813,67.05478918398106,19.52412086152434,12.235227415162559,90.68552235302649,54.11436704478089,42.88332536714464,30.22588462290266,220.9305708209461,222.51960710821973,219.4687963164855,231.49978077224503,-0.064221121,-0.509020158,1.1455361960834693,100.81214229255447,13.584414503920561,131.93791465054375,4.089058088922352,0.46172333008790195,89.62503925539121,62.848131909666506
ESP32_VEH_01,VIT_CAR_001,1.77135E+12,92.32264657085906,70.86643158927076,178.75660959001854,92.42180769763515,5968.044571568125,155.96977027075567,14.787596826770946,12.555687082122187,90.86502788670174,20.790780582296005,48.614216900908275,33.030898553826475,231.9092265040144,234.20381976073088,233.0388260916456,229.0955785549672,-0.36232424,-0.557774699,0.7710716432905923,102.24534286320865,14.032108294707571,515.4193247502412,1.5094788110136221,1.550111127844102,86.87818406590583,74.3936399
ESP32_VEH_01,VIT_CAR_001,1.77135E+12,107.05781661151632,73.86058313429264,137.2573495740367,104.56254697660209,2780.7997059956506,43.67853018185119,12.672453543154143,12.783893941759612,90.31171894709597,53.556527583144536,64.28400672,28.999273300420732,223.83620618437806,228.94000694384803,233.6437032148637,222.82506688866025,0.3189406354634631,-0.736147953,0.6899862541083202,101.24195992353685,14.12369956187428,142.75845313451632,3.497558695257679,0.7368603209298765,110.17487279407199,85.32584505
ESP32_VEH_01,VIT_CAR_001,1.77135E+12,85.16623238481459,73.58665324479341,140.99192449476686,86.89371365,2161.816587395319,56.546700525341805,12.981105043112866,9.689649774549228,58.460167299485654,88.39042987,68.21319845676045,32.1576596,225.9555018180511,240.15642428403908,226.8884235515625,232.10732575006875,-0.039380711,0.3634245075772073,1.2622987425357794,102.23929261440847,12.008313559390901,138.1445496359942,3.138418494432509,0.7074727557111672,126.57746938584829,44.24481928462044
ESP32_VEH_01,VIT_CAR_001,1.77135E+12,84.31175103489701,72.62195560385095,171.3367333419159,88.18181572860365,3381.3765549599093,70.89248601121744,14.805781379704728,12.419778784097632,84.99687499436152,64.1469993,67.29240755693849,28.554272425256627,229.8396330324453,227.7804176872784,228.68758758972888,229.30936780352545,0.3714152776637882,0.2704901663453858,0.8879798772430102,102.63087774380982,14.47239651,42.30669565042369,2.278440179398465,0.4130336346858939,121.8710045634408,61.43418985461015
ESP32_VEH_01,VIT_CAR_001,1.77135E+12,96.35359771856136,62.07058384446179,114.63993635709073,87.75726142171332,2976.777810177343,59.247639654945694,13.87602634609967,12.778763770326195,95.96078957569284,90.91666204,49.239265963779935,36.65779967,227.8352921,230.13752610192293,237.70216486449274,227.3166618697968,0.378830178,-0.634507855,1.0161016093283908,101.01693031495434,13.945108349685931,152.43955320855684,1.071452535224211,0.8260763370942801,138.84054918085965,79.11181037684844
ESP32_VEH_01,VIT_CAR_001,1.77135E+12,90.61863097990303,79.19092468324925,127.7306978974386,84.15661489758182,1760.140350697031,58.32918555879755,13.204323362477574,12.484696539627768,92.76990881786557,37.013275786752956,66.72909234451032,31.55041153499267,221.45694444117353,229.4759592932987,236.1957846207145,235.1761736003044,-0.208432914,-0.881557213,1.2261130097771855,100.75469400617608,13.582668789350256,108.68645444414528,2.1027944728226498,0.730043933,130.7933359939002,49.49541102107054
ESP32_VEH_01,VIT_CAR_001,1.77135E+12,95.42428855138104,85.99930669683367,148.26733635512363,84.00559702,2117.950239321542,47.50589457716011,14.706283270399501,12.099725910040073,82.23393367758854,79.85847696459652,52.04735249348303,37.019049373211395,220.3427555152354,234.21658891708393,229.5015184432462,231.9463379976186,-0.529737127,-0.913806858,0.7535847968515568,102.19895774394936,13.473482441644204,76.96702983707384,1.642014468432345,0.6562527649034954,129.88969285206883,73.70580289305698
ESP32_VEH_01,VIT_CAR_001,1.77135E+12,87.94649411647329,80.46442206396998,149.52130125051858,84.08825304438228,2211.6414040273085,92.89081028444956,16.73377381371257,13.592137122392218,83.63789885753631,98.29265869099447,53.11898548,30.784817556127585,233.8884243833425,223.69509747173453,223.1712576641124,231.3612852106541,-0.772369463,0.4120279633874017,0.581978571,102.06739883168787,14.193802656308085,148.0489185486068,1.0615290216582882,0.28704093801479047,122.03798409198947,51.55507541
ESP32_VEH_01,VIT_CAR_001,1.77135E+12,93.97989539004703,71.73754990112782,160.9412412748943,83.45538316770069,1981.246038387601,43.73346262890247,14.706366484262533,12.47860789454445,76.35171651,45.729124908916724,57.66024604662048,32.80889772444919,227.23484283534734,222.7833075740988,231.71241839041468,225.63644042714708,-0.433644735,-0.106811505,0.7849717308584012,101.38056181923437,13.86775347775712,182.0508339,1.9353554101930412,0.5335631018884311,106.06213692401492,39.336704747856714
ESP32_VEH_01,VIT_CAR_001,1.77135E+12,85.46582804546475,74.72186613615797,113.89572735000016,81.46902199611405,2395.5756807291086,65.16299467898342,16.676935724309885,12.504618009114623,82.2634215,24.723804104460427,43.18277355760849,26.044484716861334,231.72793230181756,220.4103784913421,227.15457724744738,226.9592446859916,-0.348367866,-0.212172394,1.0133837962492622,101.31267138142768,14.025357370788859,164.63971797683035,3.2505948864301226,0.9706116740187349,117.8601183373164,42.29261713486486
ESP32_VEH_01,VIT_CAR_001,1.77135E+12,74.09605121224932,85.30304629803949,134.28040927085027,81.84968277027727,3415.4934277706807,72.98783559486981,12.426330426571695,10.537954100112316,60.222610085475445,55.65183741285723,57.91933227273472,25.993451274434495,236.32904755344111,227.55486211442994,230.95832055380154,239.5996814355733,-0.893561354,0.5619934782051252,1.4598742422012265,101.58906846757374,12.52826605167126,100.42431061760402,2.923652580406224,0.2949757355220235,106.38164544330013,43.51205444312765
ESP32_VEH_01,VIT_CAR_001,1.77135E+12,94.69663621028542,78.55828002482689,153.38860730875857,85.14909957956687,2527.7357138878624,33.45175464628669,15.665314384793023,12.772719936022792,84.22800511850372,31.049987045168088,58.278599245046124,33.67178733289609,237.15828712705058,229.04318510543342,227.68171565020006,240.04380825913066,0.1496772425935895,0.2484106441069135,0.7305909354129965,101.87500836153549,13.051207396983736,191.6669354011814,0.7935622566180833,0.785757864,132.52132236031554,31.88203910339596
ESP32_VEH_01,VIT_CAR_001,1.77135E+12,91.76419929383965,84.83877328636456,348.57053915267727,85.85138872617009,1892.1342010460535,107.3005361939414,17.951021556033496,12.366282195550946,85.78457365,75.32823385,56.41745951528848,38.98391187690207,224.12707897531982,227.11413582329524,231.3212457601871,228.12836907116423,0.7191547120984353,-0.003968739,0.6171775417969422,102.23150851940859,13.821145689355433,148.5568087426674,8.793779616838744,0.3748581389055565,165.06882451318234,54.13411786970822
ESP32_VEH_01,VIT_CAR_001,1.77135E+12,87.07618539851798,75.88157783936936,269.7287620332685,83.28120227971449,1123.4121573549787,100.70154158385417,14.780273060850439,12.395531241282418,80.39977875715857,45.91021082806981,44.80270995439559,26.552863062946358,237.09751168837593,234.33001258175946,229.62845380007406,224.76132087215225,0.787847394,0.023819617772648054,0.7348076392381866,99.99390880127751,14.68308456061084,143.67318204024443,7.373016226,0.7662100509427991,125.13917948295378,43.03547324919775
ESP32_VEH_01,VIT_CAR_001,1.77135E+12,28.659846411210367,71.64003822920856,123.85978412752996,26.15675612454278,849.6522378699374,68.97980698543057,15.083959673894359,12.200085805674137,85.32902751072683,95.96038437798663,63.77141963230655,30.08906346020972,225.57404589326242,235.96293134237132,233.6613326187332,238.79781691957808,-0.191663658,0.5635032625903571,1.3167855561227757,100.95903593429104,14.911693177487633,156.6011056989873,1.4167261752174882,0.7979352618726188,117.56069219258698,45.11848363741552
ESP32_VEH_01,VIT_CAR_001,1.77135E+12,90.47650478,70.32688749245493,140.2813838730651,91.95603851728194,2456.335383572261,86.52472754425074,14.09743681778752,12.526873247122126,87.09042918030536,23.879415855102962,51.639965635420026,31.62724911950859,230.02935289557826,227.6825807501192,231.37077111224215,237.72246062617643,-0.667703325,-0.7066993,0.932082446,101.09906624700201,13.012958726601559,99.13387014,2.8714319993259725,0.6842021137572829,128.77400252727764,50.68975662345792
ESP32_VEH_01,VIT_CAR_001,1.77135E+12,91.06732606204336,79.97089795979008,179.21243940903065,96.19010573851357,2379.042841006371,82.72326547733223,16.45332876552096,12.661789608181337,81.62191521262362,96.77604046086212,52.70338322816184,27.690336848004385,230.12411907245806,238.68781341566694,224.72974845026752,229.5319121538154,-0.317058964,0.4159579117418512,1.3197996558231881,102.47480512815926,14.50095709986297,139.09066352147443,1.4780110124549788,1.0898235975115549,106.27255332453888,67.43460260003457
ESP32_VEH_01,VIT_CAR_001,1.77135E+12,87.01965817872622,77.20890847773475,108.35715818055306,80.90064719632318,2559.156544003506,57.46483661305237,13.94700852711156,12.444485719361305,86.45437066289854,33.46880720225242,59.45198275064791,30.648060287665484,226.89183500140248,225.92195910918878,219.67441867310023,231.26188601572957,0.21161547013253626,0.5145134542962224,0.9179543810815085,101.78566545099808,13.493068535490332,229.10637531068392,1.3600764511707244,0.8606697310655709,111.25136603356685,68.20918050515797
ESP32_VEH_01,VIT_CAR_001,1.77135E+12,91.87698828751172,74.76851710428633,165.8782190054952,83.00908558049518,1685.4003431442754,67.92469619583183,11.820403998648999,12.751274302637542,84.29734742956153,19.94610912414438,42.77044540608106,28.574713875114867,161.31120104374105,237.22001234894685,220.824246,240.42308895676965,-0.777235434,0.8486485758025966,0.9554636662796526,99.23732003171273,12.923906901667799,112.02692456607008,1.6615577256698197,0.600213724,103.36423192274393,71.04369245
ESP32_VEH_01,VIT_CAR_001,1.77135E+12,89.07795583691404,67.76659212647145,264.47331482266964,88.39795022,3161.728612677808,105.88133543225152,15.739636641283054,12.793858523814283,78.16490534780225,51.564510964485294,48.41766002430339,30.36601264797421,219.70393662428717,234.73902533318577,226.4389135495414,234.25081433458254,0.35442504800440366,0.021217076,1.293748116715923,100.45175,14.243638263795216,110.37958335720688,11.862038025295103,0.47204934131073706,110.80204785370591,63.240541150933794
ESP32_VEH_01,VIT_CAR_001,1.77135E+12,109.36529276210412,73.32052832559553,143.92592069674546,110.89650953981355,2724.753140942992,35.21550440050532,13.52414112504039,12.423980205813614,90.63667940545521,69.66083539,66.78171686443758,23.42275644820488,224.8543674767937,226.5867057056879,228.2332338804623,236.35994940950334,-0.666251188,0.7127104554381908,0.8504532482302662,101.38105276634703,14.466074847140268,186.24592728763167,1.8970698430275679,0.5514108039510409,138.43059326519938,93.15812778489658
ESP32_VEH_01,VIT_CAR_001,1.77135E+12,85.60644352162343,80.28185320037404,377.05709843219915,91.48134078407459,1267.8040147169584,101.44067459061306,17.68648749328764,12.57523824195381,85.34051280430855,31.47214127273636,59.84379864543412,29.611517828523553,242.36744023739215,234.76815290567973,235.50984781901712,221.14092525957457,-0.950236556,-0.631154578,1.2292934796782518,99.93592247526854,13.555346475645763,151.42326561971828,9.775188235384295,0.502708064,111.97163998061353,52.307396896126534
ESP32_VEH_01,VIT_CAR_001,1.77135E+12,94.58582025612048,74.52261526614664,129.15691156484027,88.05268778061594,2203.4118203675584,67.12967224,16.234064682846213,12.222751343158029,84.98889732822722,26.61606320684436,45.05110782904208,22.062281857790786,229.9058439902548,232.42744385497554,231.01380488273378,232.9013391237885,0.5406854651308958,-0.091055056,0.48371000889366256,100.36876396119857,14.30056420821845,86.98619327651673,1.7048046724581611,0.9451561671640019,131.7528078235382,77.05031248
ESP32_VEH_01,VIT_CAR_001,1.77135E+12,76.12742160438597,69.64606693718842,164.6578906568702,84.59558193,3219.879826851646,63.84411942862509,16.296430596395382,13.481919521401938,78.55948632033706,78.13281897741233,56.75258535864805,29.498303738882242,229.00758820434356,225.4034712121384,233.60586042735525,235.4856668937644,0.8315951950311035,-0.2381547,0.45963079438833865,101.33052779272553,13.494445839453183,170.86007676300747,1.8483337990284845,0.6831692710905507,99.15982470046549,37.27196245109834
ESP32_VEH_01,VIT_CAR_001,1.77135E+12,89.71987661230962,68.76892448156134,161.2411881515739,90.26499785752954,3947.306529181582,112.79661229943679,18.07552774474592,12.382404375483818,85.14702779203982,34.48981100857762,51.17670688064209,33.304471727635985,225.09025631496144,230.55152603880953,229.53157349615051,222.33684771593033,0.48002133980538286,0.23238046426810932,1.1204563320440444,101.27670758391919,13.509234389613194,385.3244394515225,1.023286617740237,0.9488249743211976,128.82681564362116,49.745016868197844
ESP32_VEH_01,VIT_CAR_001,1.77135E+12,23.922594372341724,76.40007801679876,145.92265219128137,25.674433813086836,854.2309516640262,72.97785162942647,14.055444707261238,12.556383241050106,89.68330524733202,35.743097017449315,55.295387130299325,27.254885718089337,231.8903591913094,222.11907233240348,226.69360887823376,230.08320106347549,-0.113930766,0.38397020242827556,1.3207397711413578,103.79648832509818,13.408185257945744,195.5296175974832,1.470627369685135,0.44437866462447495,106.0575382530109,56.881241343784865
ESP32_VEH_01,VIT_CAR_001,1.77135E+12,92.04487774721193,71.78018783509035,127.5062232,83.29711322113546,1387.6138872052738,49.552513395493236,13.712582002487123,12.918605279225758,94.02090345,33.461160656535775,48.05163489242115,23.348414744487165,227.25995639888373,231.91623950341835,223.83940411848775,238.82258608567884,-0.104375239,0.15604171839472072,1.6790856601850472,101.4482008471236,14.342019356675928,158.06287416043645,2.548178531253859,0.6600195384854372,92.97482971412691,35.215014511452154
ESP32_VEH_01,VIT_CAR_001,1.77135E+12,85.82651128928936,77.34283857497213,137.43430023667054,81.96471672310744,3085.1400045883747,65.02219568472864,16.37346039342103,12.72098181878468,85.26231729813792,92.16803999929147,66.94643984817677,23.87725309809642,223.8396408539945,230.13669422883012,223.8496107905907,232.04053569136062,0.055859529,0.550310611,0.668000764,100.21283456957315,13.984397919289282,96.36681023187896,1.4276207237132923,0.7808893,88.44853318061169,62.39536527847019
ESP32_VEH_01,VIT_CAR_001,1.77135E+12,77.84874377400443,76.41573559318783,112.19984589643948,82.69747474301207,3440.3273745258475,54.74528831558371,14.201146397205658,11.886810942515746,88.59357734891131,96.67021043,67.12883935334561,33.83997244034644,228.79031414399017,232.7179217979291,220.77427306749783,231.3644341421955,1.0645014677728415,-0.825255214,1.1795783334432568,100.80780982716935,13.934688129013653,124.50848732619852,3.5202513437805925,0.5383346354236932,142.19172018958002,41.44814113262954
ESP32_VEH_01,VIT_CAR_001,1.77135E+12,97.02875919907123,73.75855281952924,139.1902496699737,83.16344424676839,3502.4433536251463,77.42839303,16.202932116081406,12.867429495749716,82.15987204,45.28673049,51.541726206911015,25.51620692787094,226.58032704049356,232.45323568545942,230.65755290692496,226.69857676696162,-0.26672097,-0.171771015,1.603466800278669,102.2254972268062,13.249460369033116,59.75998490717997,1.552258,0.6482949590043479,109.73917419926202,66.80979560489537
ESP32_VEH_01,VIT_CAR_001,1.77135E+12,85.39726652061668,74.51776499660443,161.0178767169025,87.2151564,3196.253591677626,45.900713791783886,18.992842244472378,12.392312707403336,84.63929832685695,49.468562078511624,64.11624678613593,38.53491429748072,230.1972049481774,237.18191249817716,232.9570517231338,236.18658132212062,0.047458927,-0.181665367,0.4681014277398048,102.78100262176437,14.106155629298454,182.22142841905952,2.1158785667102284,0.9480664537907209,97.10078795845887,72.36186612737204
ESP32_VEH_01,VIT_CAR_001,1.77135E+12,88.48085258873752,73.36521727264991,182.96509842840072,94.34297868300692,3118.6898130298314,80.09412676148649,18.19893191610838,9.853823265644273,61.760843178956975,58.68546015871525,65.33831415604834,25.595494782851844,228.0807261358152,239.97943068793882,221.0286859779634,219.50577951238597,0.47515684252475887,-0.935036014,0.47735004906201517,99.34557437672046,12.977152139139159,124.91784817375361,1.1312088262237174,0.941447998,118.83633361157493,39.60775436769906
ESP32_VEH_01,VIT_CAR_001,1.77135E+12,121.79024249229768,82.97229655800608,159.9464211208848,107.66027941041678,3399.479071142292,67.75727480043857,16.454483014696184,12.399211699588685,81.52238411029143,18.908904101652748,41.44345791212083,32.16834897954424,236.4107595549325,233.36004163078712,229.48914879995647,234.25849471875023,0.3492462209690747,0.45181093845201725,0.34979225052777174,101.87318620370256,13.823661582620204,99.57560385191152,3.1594877680698588,0.7753635874380554,159.20168479426434,47.7727346
ESP32_VEH_01,VIT_CAR_001,1.77135E+12,96.00392536225696,77.87142897427567,181.03240722627422,77.90729932,5448.3475423118925,96.79665384565945,13.028023037821432,12.846904824087291,89.39513814573266,75.95403429,40.58642583366815,27.465819700467804,228.4484189690126,225.29124342554093,229.20529891456175,222.28165246773492,-0.532525615,-0.260176007,1.5363673439548915,101.03811739122756,14.335492024805905,325.38698400355054,1.4457657305759164,1.2899416821183534,87.24546109480019,58.80480493973634
ESP32_VEH_01,VIT_CAR_001,1.77135E+12,97.27303994015688,66.96769539692093,135.87899377674228,87.02090025535465,2847.0588932217656,53.78572665764276,15.497655526631897,12.893202879012867,82.56885910863947,79.33747017753878,45.82100716932692,30.051376732174006,227.0573178,176.35264885950008,229.7309801506728,234.19374951267605,0.1527620309042888,-0.112839322,0.16555111586797233,101.84398362552427,14.07288011470715,91.36144882896133,1.6302754683851448,0.6113897805086211,123.69107029991682,36.550658155355734
ESP32_VEH_01,VIT_CAR_001,1.77135E+12,96.98542828289568,81.18316049,165.34945138850537,79.96439693475762,2721.234843787503,73.27474569628127,14.750300313770914,15,84.92190885376662,51.96687458436623,51.91851025801599,30.66892846827932,233.4231348083699,222.10868342184602,239.28372907947937,228.976099,-3.111901493,-3.135523163,4.0820139099475305,104.45671358921338,19.13352315,130.8329046,1.178746285839606,-4.530167985,106.96114116197316,45.205674459507776
ESP32_VEH_01,VIT_CAR_001,1.77135E+12,99.58239906817079,69.68977433665235,115.05997598405669,84.61982219938879,1886.1285916294396,80.68980948806652,18.506996276659045,8,81.32554929569518,27.688188339298478,65.17044610760738,39.88432848832021,219.32508634663927,231.03530898948787,229.78599470767685,243.6947482519403,3.823339444042245,1.9267883380425064,-4.600495788,98.59414331262629,8.567358705325566,111.00778746751796,-1.724264283,-0.318082292,70.75106442609436,37.632043577958164
ESP32_VEH_01,VIT_CAR_001,1.77135E+12,94.96022220418914,71.84246071371929,158.77626023551747,82.42559479823593,2513.2848240539456,68.51473563759366,13.59045095688063,12.651712988367038,86.18817720370424,26.88544917083578,52.465330877458435,29.44452979549417,227.4524957775179,228.2318229433131,229.31155372239212,229.37863827379158,0.4522253658425076,0.17772106797934084,1.200016269698004,101.66646710948801,14.486108804094457,141.36748018595904,3.843115117,0.7423021010174822,89.18159031939875,39.87955211399512
ESP32_VEH_01,VIT_CAR_001,1.77135E+12,97.68736974971546,76.5556634,121.85694244055486,82.30597074355005,1599.1693702321409,35.72351333792355,16.398732023072796,12.167055724868982,77.06132668704478,88.30349097,69.97352628437642,32.55513817,234.7409530127052,240.8658846,226.14203631224356,236.03087402611365,-0.317262103,-0.355302593,0.9703175147854991,101.12185509707764,13.536620822331155,160.82192664336762,2.205543863042778,1.1132327299371787,80.24037978045126,47.07576988141183
ESP32_VEH_01,VIT_CAR_001,1.77135E+12,91.31247356517564,78.95014869116658,152.46855368071184,82.36269134685894,3073.9481978528347,43.85599998024459,15.22888366,12.47294430504569,89.85242211967648,68.04484643674456,56.11582224847672,35.605607663352764,228.87816548451175,226.0009468800065,238.73036324020532,234.05889165247868,-0.22401138,0.5570712534869436,1.3429373426403162,101.12923153190879,14.216854096469246,127.19755379023665,2.1940074726488015,1.012484656279459,111.98616455667477,64.37038022405531
ESP32_VEH_01,VIT_CAR_001,1.77135E+12,91.20679180965664,66.91464994238169,175.11960759936636,86.45272082760333,5526.981071,132.0911265812859,13.06066274015313,12.306427775119273,80.29985663774423,45.202296795353064,63.32406621886719,30.01727665924399,232.72908404230512,224.65065523980613,241.1225116921141,229.80797940213728,0.9171058516241856,0.5473352091635777,0.9701537600838793,101.99396836143293,15.179637756607663,425.4470900419415,0.001549595,1.0303377839325774,132.35311217394514,31.396637311032357
ESP32_VEH_01,VIT_CAR_001,1.77135E+12,89.81842202236083,85.24554142640093,139.45520121402413,79.50666460018297,5798.308232655461,148.18306069831343,16.547798352987105,12.04834174447112,84.44502193068685,50.80464294621485,69.0828157,30.58320279630605,230.76156019831396,233.79475202616962,231.61579278151768,228.3816678772358,-0.679145254,-0.363714347,0.48154571943120594,103.21559579999037,14.327291350678978,346.0838400033357,2.0557928373596708,1.4972607718281292,122.49921099371329,62.47075744360933
ESP32_VEH_01,VIT_CAR_001,1.77135E+12,94.92568909650123,80.11453528300467,165.55749861792353,83.57038864457408,1808.087715354612,45.14777736,18.386861492414184,12.748065766933342,93.05547748730413,65.15514488036057,47.88558264015518,34.741603868966315,218.27432199178628,236.54500847967137,240.38106047178954,233.7531729659744,-0.075760953,-0.713661989,0.676383722,102.53721897428204,14.185998720892153,123.28527928995449,-0.410323746,0.6013926484956653,100.00337417398174,40.63900202154004
ESP32_VEH_01,VIT_CAR_001,1.77135E+12,118.5499421128143,77.25592605,158.28707941247617,104.08422779646216,1826.8303710033265,64.23773874827567,17.098356497231325,13.08293282888087,84.79988112,97.09403033373995,64.29392745489702,27.364419950912833,223.2408688,224.01035356743705,240.99098773545552,219.8112540683598,0.4018220414666081,0.040010271,1.2207658794286957,103.49194926354399,13.507815118190285,108.97341856151401,2.037901509697618,0.6678501578606454,129.91428708440694,90.84931202496992
ESP32_VEH_01,VIT_CAR_001,1.77135E+12,89.83172293146991,73.57713096964369,353.86732563825814,83.53734728,1620.4739062157485,137.80036514719046,15.40194174813067,12.910247196048575,84.52257885,46.292234874902086,61.234424866419964,28.570693028935082,229.66007862330235,228.7727085280801,228.6363093,225.79959288604016,-0.524886711,0.8920317998156775,0.6235533279057693,100.17361455988218,13.847614139992919,176.42291810705333,8.043330624395114,0.7004295576426653,96.68348369522596,74.50310171853246
ESP32_VEH_01,VIT_CAR_001,1.77135E+12,91.92276553399687,80.50180522382169,150.37216572062687,83.58172611220938,3053.605705,28.456593256318612,16.70592826575763,12.725147207892167,82.21470312461271,92.22821715311613,47.15910681290602,28.646189162174434,231.60087559172754,223.54520165137876,229.63639461770717,226.47263529220263,0.3823172643364696,-0.034414485,0.8511579908291862,99.86391498760433,14.124672343380842,210.13870614860815,0.63618863,0.7011952584084357,138.74926985203703,33.11167151501143
ESP32_VEH_01,VIT_CAR_001,1.77135E+12,90.78545655132724,80.31903381170575,129.31758090912027,77.56125353,1832.9606199051523,61.373827112179704,15.333558003134529,12.31179617284145,86.52957403670449,35.81446491804305,48.45412164426588,27.410596378334304,233.26992965003484,217.18841195187287,229.61502915224392,236.83865204187768,-0.80125086,0.4389458952519083,1.208621203564852,101.34751552123684,15.365873644407921,149.68000860600796,2.098301981202128,1.0588003145006972,131.05184559007813,69.57106601899903
ESP32_VEH_01,VIT_CAR_001,1.77135E+12,91.29273377685023,79.42661392718131,121.21796525449106,83.25794496640842,3079.0121582771285,74.60459011,14.861988684427729,12.425335533746798,89.39571840017439,70.90352406605551,51.123255308656155,27.15189532829865,229.93592621488116,235.93401573106715,225.89022880369413,223.35724993352247,0.710954982,-0.667973373,1.2398751321060288,101.31399688938369,14.91623562946098,185.99334640252408,0.7887242760831132,0.6227675619219102,149.95720017715118,46.25394542956514
ESP32_VEH_01,VIT_CAR_001,1.77135E+12,87.61356526513846,84.56417140205222,167.78284835959292,79.78483849,3460.4747806187515,58.80864332182283,17.16992636837068,12.554119446786316,84.48755391590029,16.01544539698567,57.96559352587843,21.678837226350684,224.7307732268355,218.53951295381967,233.1570839757918,232.6497775720211,0.8333192427145011,0.39414341829954824,1.6218999242628362,98.91357939763756,14.209435888697675,183.85783486539626,3.4997211989570376,0.8049580392882352,94.48019832629276,63.70268967
ESP32_VEH_01,VIT_CAR_001,1.77135E+12,96.03239749021176,77.73921286298122,196.9371812115792,85.24236590746526,2146.7573453672912,50.25333803044242,14.553729381455689,12.18889806533396,82.68996421,51.38831675946073,65.80129386650655,30.394415249586604,230.7313615918319,170.48826720180648,233.8408870229081,225.12825453174975,0.3363687576824246,-0.72965516,1.1703228452250611,101.43528873093845,13.875835607526154,27.840883915754006,1.651289448590706,0.7445263385913423,146.4342857345958,37.90264453306897
ESP32_VEH_01,VIT_CAR_001,1.77135E+12,88.93331796,84.42049586820251,144.7387716096753,79.51676774689854,2070.895943651574,62.999043436887014,14.089399099896482,12.707163131281906,88.47954455380595,28.28373842842216,58.02164227482647,34.39278161425846,237.18939553786583,231.25615328910573,235.2278455886819,222.60050901920513,0.149457988,0.4765506591186172,0.7390178265091941,99.68756834461082,14.405201253780024,139.29251626386775,1.220817719172668,0.4153908990794847,123.46480366088905,32.103285810217535
ESP32_VEH_01,VIT_CAR_001,1.77135E+12,89.24410087585763,80.13805764,148.32632890082644,86.71801713,2762.8131399479644,51.85742207669354,15.962197331792101,12.93034705243619,90.66365405750818,78.13871026243444,61.09358781837158,29.77895997,229.12926662269757,153.80935421597303,222.6975265715051,232.20144374856366,0.2931363913255267,-1.023062698,1.4987110423922119,101.69079913392905,14.581815270966766,165.1036172192923,2.133729580992253,0.939612226,71.59166050550712,51.525655512085365
ESP32_VEH_01,VIT_CAR_001,1.77135E+12,81.84006288249476,68.46235776543425,172.67056066182388,80.92052464116108,2240.330135033193,63.97487429766857,13.11812661976278,12.954279029752328,77.60550016992316,79.68546663221487,59.712000784966506,33.92846954199064,225.35046689357233,234.0061319195513,227.02384497670155,232.41550672749216,-0.24076388,-0.082302985,1.3651279388371125,100.35511694234818,13.164708317220475,153.28514867658726,3.7279025451195023,0.6582096055478762,107.60619788927697,75.68394074418407
ESP32_VEH_01,VIT_CAR_001,1.77135E+12,119.92889778434325,80.32272778305462,113.77828036869148,108.80763837257179,1891.0850322436481,56.71974356,15.39207064584876,12.400886319251333,81.65331072997117,42.313123866275575,67.68682919453761,23.47538708169714,228.61684936038984,223.41080234324582,230.91668126582383,225.41259893892175,0.7984258546244416,0.41946871067819586,1.1945273203556301,102.2596462518324,12.854505106383469,59.00080860500789,0.7726220789171647,0.8753983465624013,115.7568801772852,77.95485502374251
ESP32_VEH_01,VIT_CAR_001,1.77135E+12,96.66148247258813,74.74508214794848,166.49742892097663,84.11595273645212,1190.6752665315744,50.49492805130306,15.68931089357916,12.578359909315601,75.97030603848526,71.40281820388753,44.032690605353224,29.256237652653773,228.8288065222477,237.15042543169298,213.35909212305228,225.7472016857401,-0.437689729,0.7863504855473595,0.9120580649472422,101.4636751097567,13.69460261334994,119.41278756648308,2.653382514349142,0.5758812744021476,143.4779718,35.88530929703981
ESP32_VEH_01,VIT_CAR_001,1.77135E+12,80.85426884293355,79.75867000374647,190.70132109138086,86.31376518496067,1221.8133744275767,44.87213104536568,14.100212535928316,12.22303354409215,86.25436813075774,75.43273935448119,53.59063697,29.609223199084813,244.39475261930994,219.58963097957272,234.15667108071992,231.4287019533636,0.41906138882935656,-0.561470771,1.0340569758010414,102.37121217259889,13.50809726734309,214.70801102261032,1.1374840107191617,0.7960722736121326,112.39976039024822,71.37278134
ESP32_VEH_01,VIT_CAR_001,1.77135E+12,82.21307554290834,82.96244562298374,128.98760365342042,86.32153067492459,3189.077964974768,42.373382792374045,14.729207399513559,12.248691224793749,74.49903844,54.384651088359526,69.82957688868991,31.30566243299468,240.81088935950717,227.79735286909767,228.76747692407923,236.23655904839313,0.051953781,-1.281812792,1.1934600671488096,103.03971360484084,14.399003106027225,229.48703978956559,0.6471530414661939,0.7005414400989565,163.28838449126755,41.992184963742076
ESP32_VEH_01,VIT_CAR_001,1.77135E+12,90.16589986061557,76.87160719419884,169.4636422450156,83.66407631133698,2434.5190828287227,92.42126676470838,15.207682631102191,12.269082782528463,79.64246657604356,98.66166528724384,66.17224876940288,35.29283912006584,228.48813994139658,231.89995043893109,228.28680345337784,226.42046696891782,-0.056214768,-0.589772022,0.4184496856946007,102.02410028385582,13.717017319315131,68.88499363180198,2.994571703733906,1.0272958913253645,92.36457566034647,31.678657904806098
ESP32_VEH_01,VIT_CAR_001,1.77135E+12,98.01421231839392,71.97877619395581,304.17587040673146,94.26109431504898,2158.2275886150755,81.64375063517264,13.250109521933782,13.072726005161996,89.08925244,79.08362230615408,55.31875582462541,35.07772237445074,232.44283061744864,235.1120359631913,227.4264201,230.87389269572668,-0.337783118,-0.115421997,1.1806809838150643,100.95908801892051,14.37708275959754,150.71407195019657,7.994287558411126,0.731788943,143.1216375876264,43.85092816465328
ESP32_VEH_01,VIT_CAR_001,1.77135E+12,94.61461424756588,80.82965082275427,140.69674448022653,84.59285921441072,1626.8631652858069,78.70908964,14.743443754237196,12.889950090872476,91.63091567561969,91.88513748998668,65.39663375474433,33.68616843014746,221.97137636545045,187.68122750494672,230.85204937830076,225.01826501645988,-0.050989087,-0.398877757,1.0945822345353189,101.48527096076269,14.466062706861546,91.02233921,1.0591264960531719,0.5549075935551967,112.24740359930325,59.832667000371316
ESP32_VEH_01,VIT_CAR_001,1.77135E+12,93.68004981542646,63.048772809471174,145.75203435193603,85.03797875499781,2184.0210973888293,70.12518338,15.534391936909493,12.274892430707194,86.07133086,39.09284849986599,51.44943046456618,25.388534659148434,224.57181114139735,229.24468255232904,149.72890025833942,229.99145663370706,-0.474774444,-0.121654223,1.1004143098050971,100.44267530042202,14.173624406192014,191.46881133156907,1.8011138804228566,0.5128640446055781,104.83092796196358,75.55394372604428
ESP32_VEH_01,VIT_CAR_001,1.77135E+12,82.58775446663925,75.59930788949322,170.87715352201266,86.92524538,6682.811341245759,96.30116952971994,14.894372854124926,12.698282374718433,84.58769901,98.28004073112513,64.15585516235929,27.893394034406143,234.94805530413663,232.81961977485673,230.5542453633191,226.4405619484118,0.18105032163890428,0.22100848155213546,1.2239073816048032,100.66945547406813,14.23267366309267,427.86014721729725,1.9444392426632668,1.2527682418130932,107.40832732740007,71.99034351102455
ESP32_VEH_01,VIT_CAR_001,1.77135E+12,90.56425441921506,71.31029377539815,108.62637562847249,92.6354377,2123.462036403357,55.00640819180188,13.09762442516671,12.676680888370175,84.17153509433967,77.99351586971608,40.466988816068906,29.810700177472512,227.3756387990507,224.44064245048017,237.37079574632276,235.40815127956873,0.4397539009010647,-0.377275526,1.150310780181628,102.00658478765433,13.77225442947554,230.25035209406835,1.6788086812464356,0.6851677393139128,133.3303332379376,69.56071531
ESP32_VEH_01,VIT_CAR_001,1.77135E+12,100.40092897345394,80.48646997306399,161.52152929542353,88.98331462127497,2310.577867581968,54.21485347,17.561515785968233,12.313194523650042,79.26096271,52.851156982044074,41.94482667845396,35.09814434482301,226.26535051800937,233.7393261523168,168.8605401712489,229.22827591104794,0.10362261245383454,-0.33332801,0.18561596793901913,101.55052259101771,14.141986856593196,193.60554389198137,1.922066043067779,0.655751093,121.0787081,79.37423395691064
ESP32_VEH_01,VIT_CAR_001,1.77135E+12,90.63907637087429,69.8967515,141.55289085977776,83.72140229799889,4218.815306853007,130.78315313945052,15.226387830166653,12.397140102495397,86.86606698261838,25.297832944714457,58.39021233,29.616246872162122,237.33742754215632,229.15687013060924,240.87268870820614,228.35085773423563,0.2479618225351096,0.8584804218148391,1.2570763528878475,100.76393301197564,13.617934495228642,495.52938125845446,1.4117249709117279,1.2894714571223151,110.09025593989126,64.95290561738443
ESP32_VEH_01,VIT_CAR_001,1.77135E+12,92.88579122901412,69.90512415560858,136.5226795,80.39824789386546,2286.042751842926,54.11725224529849,15.160667858794127,10.987535231667568,53.469990867469505,44.85229655736346,55.19037504922562,34.389482863651175,233.51331108628128,231.7006999045123,225.40487384714208,227.9032910777584,0.4243313321560912,0.15821634213392866,1.017730632088573,103.03245442405746,12.33394343997726,65.51904426188202,1.2006532547931796,0.473132382,137.67470340380328,49.68483355953818
ESP32_VEH_01,VIT_CAR_001,1.77135E+12,85.62404012,64.22055785037993,145.30060821191557,85.49689331266386,6143.182502872694,157.94233586802903,17.331782108527968,12.538125381584322,78.96947659601861,17.593190466706062,52.088780240865184,27.936202912334224,229.2954980942805,223.85993641205792,239.18979539318065,226.45620401273925,0.5665061234173234,0.31003379751438964,1.2571403466315738,100.04939095326395,13.25788855022412,347.68712890621725,2.0061823363992417,1.211998275567819,87.08707315140488,53.336545006988416
ESP32_VEH_01,VIT_CAR_001,1.77135E+12,91.68119627627834,66.07088609,141.3641872596846,88.45698031009417,1668.2211756721842,48.12323243598071,15.016223325633247,12.852874749001982,88.53157113,47.25247577,53.13181387748485,30.808595007641113,233.24922309834236,238.0174147340687,227.8219907019113,225.69400739442116,0.055555969,-0.245797389,1.3824297558882745,103.83764630312506,14.633998936379005,129.1512389777954,1.2411924154903808,0.6359436672713984,95.38406878201877,43.243830934324194
ESP32_VEH_01,VIT_CAR_001,1.77135E+12,87.22529367573037,73.26730611360857,147.79364676062804,88.25885163074344,2341.144170980702,59.54412448260742,14.073732540052065,12.761506775578242,72.04293488834217,96.38464759687304,58.54308358683829,31.795566673954696,230.5956973921635,232.67080122391337,224.36428064062187,222.68399650900312,-0.262850998,-0.174369658,1.0692719607119359,102.84390039491299,13.889939699819253,185.23239702809764,2.8997801004065487,0.8447913160689624,129.3921579,45.08347941194515
ESP32_VEH_01,VIT_CAR_001,1.77135E+12,93.17313875269359,79.83794272445283,165.97541268540817,81.54141191777302,3326.052668903463,61.34458353663918,15.199553878356987,11.950904513596198,82.63442072000232,36.137813741013446,57.13811795868777,29.610749099114944,223.5210508,231.15579828055783,235.17574079051928,238.77667605475247,-0.359416785,0.074081945,1.1241286044061838,100.72171927320318,13.907063627238847,123.04297492175205,2.056096354638416,1.126950816487249,131.34918904365347,72.67738012880004
ESP32_VEH_01,VIT_CAR_001,1.77135E+12,86.97380406961227,78.97723392,124.29515053052671,85.70508964364099,2829.198534,82.75664178312026,11.95357217231126,9.556484935921233,52.94054073951367,54.56322188094251,63.57462378055471,28.446934892963974,222.01865480927293,221.6358044880539,226.6750469063461,226.38792497561326,-0.013311816,0.5786225745487908,1.1055103286912549,102.57704990313599,12.133317474631628,234.5932368370564,3.1443449818043474,0.4237626159537771,93.56744707520966,59.32894984801479
ESP32_VEH_01,VIT_CAR_001,1.77135E+12,90.85313691389099,75.92734031816678,149.53858631573888,91.85334442092626,3149.3327180391284,80.12594926075515,17.509938507214986,11.982274646278597,87.03227780101695,57.03951632590406,52.667514081920274,37.669144340831394,226.2534439211893,224.4933692645889,231.84723585802246,229.50507042038228,-0.497749895,-0.851945807,1.2201540142294334,101.17441987086873,15.184440957389787,249.41184857880864,1.054775296,0.7851783725212469,128.91743427018525,53.58023539
ESP32_VEH_01,VIT_CAR_001,1.77135E+12,90.21579229667334,81.98662459,108.13367284961265,91.65993422,3135.9257160413667,73.99989373086709,14.794304630777518,12.961435009985793,85.03012109671765,84.26290422264589,50.19958111415983,27.40858464785443,235.0284744643535,225.65541618842775,233.01821697667143,232.24849883737838,0.030767094,0.03713212,0.6798788473646264,101.35827922846558,14.00035713300655,107.05066981023779,3.5191424828867857,0.41687973147165625,111.16542564018563,34.78676592961578
ESP32_VEH_01,VIT_CAR_001,1.77135E+12,86.09037929853751,74.14591764315497,149.6215630139872,88.33216525533751,2476.7269030192588,55.43818397780859,13.888721117269412,13.030008439524982,84.15402880592057,67.8333502,56.735977533293834,24.246290823964205,231.8023866703297,236.17573815675354,231.03663923966508,220.7819551727761,-0.174645672,0.6355643727484364,1.0881801556008708,101.85216822254317,15.14975291719263,136.42594078988333,0.8869236569474113,0.832717786,133.0545316809439,41.649327153098945
ESP32_VEH_01,VIT_CAR_001,1.77135E+12,88.38360854882134,81.81980468178811,265.2824662308858,88.96652817717072,1936.5963622666295,93.16741149,15.617574759292904,12.439293124975125,87.81531898,18.595660541682143,68.41430812,34.694387366599074,217.5988737067611,232.8432851358376,230.4489233438598,232.4026542073147,-0.237928802,-0.140465031,0.8567090332756595,99.53382771981543,14.369628132675086,98.01344944668631,8.166454324846823,0.9555955577470598,111.69847724039377,38.746406913355344
ESP32_VEH_01,VIT_CAR_001,1.77135E+12,89.85782390129988,69.04243018,142.42444378564323,89.75686789373468,2027.2477172342565,63.615683248601364,11.899808357466192,10.85590996298684,58.05757930808245,66.34233589466308,50.60831428574535,33.16457328770672,234.50980879929932,225.5533883281218,218.06632994197705,229.1466771403885,-1.108674259,0.5115491974065157,0.6236622374635048,101.95669138517806,11.613707028177881,182.70726564000321,0.21688123458907183,0.8687119318705859,90.42122198,77.31932092800108
ESP32_VEH_01,VIT_CAR_001,1.77135E+12,93.73433867,75.98632618514412,146.4452642053213,83.22699025407417,2757.976965124008,41.95731791892289,20.520498879357184,12.685820992842737,87.78559093719647,90.61700145574962,56.26662738576559,29.401775973381955,235.05782780512965,231.70415456591667,236.38210684576472,235.03282634441535,0.375959674,0.7743861123340021,1.395489916131482,99.26219497320231,14.402651028781644,137.0736349396169,2.823740182786948,0.464791543,138.16837642968645,69.83640864475929
ESP32_VEH_01,VIT_CAR_001,1.77135E+12,90.47818276,70.79859652530122,155.8840384,89.55925060683545,2708.8188620386886,12.444195764508521,13.858304481167425,12.62600115054683,84.6193649,81.11049137154689,46.02971783059797,36.08791817770281,231.76244589810307,230.6869701628276,228.36171988425045,226.58857879175412,0.746302284,-0.228475263,1.0362412460107422,101.43407887313735,13.66608835036882,149.32661736772292,3.6647159802864664,0.8812892300363946,114.74293562582228,61.59702583
ESP32_VEH_01,VIT_CAR_001,1.77135E+12,94.29947782363536,76.86130485276826,172.41982535573945,81.36888698375813,3455.7158509950305,35.162603245169876,16.57300040727496,12.637239684564861,84.77118855985654,84.29870249318861,69.83296101489415,34.65806188,227.8654489941568,229.3243488435504,230.40010823578777,231.15965461916218,-0.156790613,0.056984128,1.3246659960298253,101.72686028612563,13.389635645844656,234.2107629476444,1.1455350456327864,0.7108189761962326,137.38203058191758,76.34593751448031
ESP32_VEH_01,VIT_CAR_001,1.77135E+12,122.36695245910612,72.65668954150124,142.83603439334522,108.41322161300434,2399.830612230758,41.025316007453384,14.440136910620977,12.669507521174197,93.16567751,44.50954567021184,62.666329450170714,26.243937603743916,227.07079563330242,228.01177487082637,234.9850257,231.89652764867338,0.026328261,0.48369003083024203,0.951573303,101.16880875476505,14.44377183301184,155.2020960462952,2.2095799478604863,0.36286330650899956,102.80044824487364,69.5346256
ESP32_VEH_01,VIT_CAR_001,1.77135E+12,95.50142213011065,79.59459129888245,164.89336989927202,84.20142471,6538.110588900826,152.40268800878152,11.798714605906707,12.513029636047824,75.68988201123341,82.69100705435127,51.75601163503991,28.017568508552287,228.78237159484277,231.4745332444977,229.44151319497044,230.5627553848845,-0.99689144,0.12346458938806368,1.2752192453081246,101.11700860241609,14.53670602742629,382.6409374307797,3.0565048501272987,1.139137347181637,141.98069251691416,31.208257249450433
ESP32_VEH_01,VIT_CAR_001,1.77135E+12,20.83332257482993,78.69780077023321,139.49974124095064,27.80333890681625,1430.5566659611086,55.088128684546504,15.28524733545855,12.169285021892316,102.67116810098625,30.039141163646725,57.73721534691761,26.283278704183136,229.82756957498782,233.26669043885164,223.99434161277404,231.03980408655153,0.6049195390542068,-0.184898123,0.5050141099466168,100.54713571038366,14.553662568705498,131.4286570095532,1.5447375924841533,0.5032574507143264,126.73442323424149,73.35522285641696
ESP32_VEH_01,VIT_CAR_001,1.77135E+12,98.89997050177173,77.26192377183442,163.36797508390225,90.45766193,3314.1291895965232,38.96576058934507,13.703181477313686,12.930066773015689,82.26197771790392,60.37118276781798,59.06268750912811,37.874139740171316,225.46278636394078,223.24610342604478,231.2326447284861,222.77387540346842,-0.752444634,0.40880345041879973,1.116606207064621,101.13050547307658,14.227711071911529,106.82795403691486,3.1182383877993503,0.42582498331047425,108.42377196697156,35.66785627574664
ESP32_VEH_01,VIT_CAR_001,1.77135E+12,87.62655762,70.46603723534376,131.86046683750186,82.38851078426804,2486.2478430891024,79.87431625,15.086311770303269,12.164853955518401,92.11018592258694,86.30837553653505,51.028367172292775,25.384867982482422,222.67494502511516,229.37759413328786,235.6475638,231.86424885983942,0.1751837663668389,0.28387938477895225,0.3630577949976952,101.7293873888835,14.136059171544213,74.59736451133739,2.747504145906062,0.7151578359518035,106.23430285051184,62.67547262242307
ESP32_VEH_01,VIT_CAR_001,1.77135E+12,90.65640295700251,68.08018952780765,150.4697237501836,88.97105369767074,1845.4270419488641,69.28639769692587,14.094830403577756,9.856956220747943,53.06793380245953,42.55502818790947,43.44576943353372,30.703305533861677,231.74502328874243,223.34757645808523,231.21018016904716,234.63030754396257,0.015991964025664232,-0.594035481,0.7735136937515368,101.54381954220125,11.94987570612985,182.06057139032004,1.633257762964497,0.834437791,85.80847596082143,65.77617481311862
ESP32_VEH_01,VIT_CAR_001,1.77135E+12,85.22900321856866,76.90435886,135.30554233872462,81.00951298767392,3029.742458117238,53.46313730118504,11.627457881285837,12.712474241697704,88.14460475877975,79.75924741938985,66.57090910168995,36.970207519015695,222.4324052707288,233.77235776460722,234.2226329053669,231.16402937062603,0.29456539835411877,0.2797663151433639,1.008694765726166,102.74930292829802,13.93095179543471,158.50952558459275,1.4139933210576578,0.6712153276542177,119.03256340387995,44.282817533287144
ESP32_VEH_01,VIT_CAR_001,1.77135E+12,87.55916719033344,82.42044225,138.61352267956067,75.61866440311796,2441.8105837458893,70.45120727906593,14.321469070578017,12.640386253553974,88.61899177867878,30.97651157327413,56.883629018019704,30.975182606060375,237.76095840657686,231.71448850201838,232.13722589344454,225.94645094793268,-0.692166465,-0.486091188,1.1713648761913658,102.34918527250618,14.42692695784944,49.64297039998549,2.2467255923841853,0.7369512366061748,110.9593821852112,46.44169919450823
ESP32_VEH_01,VIT_CAR_001,1.77135E+12,97.19475428076245,73.07301758642764,127.37846201060982,83.67914300270482,2828.468683668528,68.33106536903915,13.368290972490993,12.780249045998909,89.27665352840386,19.181373454156933,59.45384896119377,25.728496868170637,234.3941423351892,239.5136847523326,227.7533360729567,223.90811255464834,0.4343192531293926,-0.287180391,0.9606645136899589,102.30279538086991,14.282339439571114,151.63322019194925,1.462485980256107,0.5144454965129112,118.54189217648697,64.40140835507782
ESP32_VEH_01,VIT_CAR_001,1.77135E+12,95.63651516883391,73.42373834,160.10140451685007,91.72919910332591,2375.966485217614,51.94435637010031,16.265150487813653,12.725406745245524,86.8397256,32.79181590730332,53.268604451473294,30.53137834158506,231.60320532076256,231.22937813664282,233.02792696574406,229.47824342705928,0.2509870785017279,0.2248621763138256,1.4687630031857664,102.62105500452536,14.991725119757483,147.79392661900349,1.979766275,0.535305755,124.34179700045686,58.96862833
ESP32_VEH_01,VIT_CAR_001,1.77135E+12,91.02046690460935,72.41043920490506,169.69796919130607,79.85419302,2862.398166831175,40.23423708034403,11.73876947146859,12.50632882697357,87.13208857127385,75.02292720976541,57.967091514119375,29.624919180029757,230.02677671636744,236.2892679352587,237.32787718714366,233.60206662788255,-0.180992239,-0.711597049,0.9763891542170715,101.81697283467068,14.838540090365637,221.8358307051966,1.8336856701603819,1.052532168628867,147.95500051115465,71.19024874285947
ESP32_VEH_01,VIT_CAR_001,1.77135E+12,92.64046619947533,67.25917004,146.82600159932855,83.65573323890133,2569.9005760816513,61.12304471295958,14.413302754571063,12.090759901080261,81.07323744954526,25.64482968258941,54.93059011747348,39.52679659657117,233.3509916435132,231.1056441827081,234.87058129267996,230.49021145787992,-0.560273019,0.27827993445980775,0.664804864,100.33367600825488,13.672421090110314,99.94745748884625,1.9072750216388807,0.4208921004527249,135.76446148780872,63.04554968763686
ESP32_VEH_01,VIT_CAR_001,1.77135E+12,83.54189544878425,70.67143542749938,171.47584877603515,88.00627561684075,2640.993228474657,51.487511706235225,13.744730523205897,10.634851595542699,58.169791266169824,61.58982304723664,62.79124252001617,32.731895387970425,224.1894759084886,222.1861751327548,235.07760350715205,228.09449536504408,-0.182568983,-0.144612661,1.4205144516235015,98.71612893743226,13.436077738628539,230.30302225276188,2.826975411153434,0.5106838147975257,99.16494957496471,45.380993171821366
ESP32_VEH_01,VIT_CAR_001,1.77135E+12,84.94779490618679,86.37928694745882,313.0692594761557,89.48798094137715,2539.094303737081,95.45553536869957,15.650701001096396,13.566629429018324,84.73941950584168,66.34568327,49.07349124593198,35.96551479452772,231.5197002,223.87300323221697,237.88372192578208,226.45152094331053,0.18418985091116294,-0.457988524,1.0488792764635806,100.79230666302357,14.449944262461347,151.12232646625063,10.504598564318748,0.4609427229397779,124.12463614631766,76.37238196248049
ESP32_VEH_01,VIT_CAR_001,1.77135E+12,91.45928687746776,73.89463558779367,175.07234839296848,86.18079698142598,2726.520169762712,57.56036717260871,15.556380374779303,12.654586532627004,84.87891365522904,29.36866402,44.51061787599612,27.05646686374344,230.68236640861483,231.81406826684983,235.39842641171114,240.70740609214428,-0.443291332,0.44359601166203266,1.6237659475890756,101.13052734959203,13.412934818362418,147.8958657561447,1.9172964952523444,0.6440924608401702,124.34989524016872,37.55873465493793
ESP32_VEH_01,VIT_CAR_001,1.77135E+12,112.44361643338883,74.70731138887619,138.78698378117565,100.77360381203579,1882.166307695837,46.106855982945596,8.994549308423517,11.818170196261327,86.46407614430045,75.91599482164462,68.79508010735063,31.961822871085474,221.42055386371814,226.9602661541607,225.67660716800964,230.24695482398803,0.48504180108960243,-0.334841926,1.1829467006803607,101.67112307609493,14.332201623027352,185.9773879670161,2.111604049699289,0.6674497238362902,141.16266486249444,51.804113071970406
ESP32_VEH_01,VIT_CAR_001,1.77135E+12,91.34339152286601,79.12629399,150.1962329440744,82.39617883708462,2045.4447414601752,47.465297836440186,15.404886755370082,12.436403173994748,82.90442411352629,42.26339576529989,60.313328861839736,27.71193639525416,213.7266954025032,228.62898463207364,239.45910747791388,230.03108350975688,-0.206431343,-0.605336147,1.0560822213792975,99.41552138,14.280355120509089,175.61544706688184,2.295242476844943,0.22367648943367113,118.0192134313088,38.136731724467296
ESP32_VEH_01,VIT_CAR_001,1.77135E+12,94.4283473,81.06364777403178,148.2242072658986,83.59356671979323,5304.741010839753,128.45206140266902,15.940933789063813,12.571498901548953,86.99060682171837,40.43297086417526,52.577904506967556,30.991322605769035,226.88963336509855,235.66882533342337,231.65531772818798,221.2522492987229,0.6660994687144901,0.023910241557925906,0.4382626053373494,101.30110831891986,13.448230403215486,308.3841591781827,0.7886783689081853,0.8039742177729687,140.14680117219996,41.17296286483381
ESP32_VEH_01,VIT_CAR_001,1.77135E+12,85.28163986570293,76.63039027830219,301.8425387521791,84.12904712720388,1680.4756017093014,94.94767789,17.225384899026672,12.839791149978678,93.43316115170539,84.97166048666912,61.991152917435556,22.17829522,228.51194232974206,230.76552777969061,214.1704773887527,231.01582838323202,0.5552333806543135,-0.391771271,0.9703798858298044,102.50084349192264,13.341797903343863,150.1735591834774,9.858657141075643,0.6683659453442756,128.6018042,79.63005210784172
ESP32_VEH_01,VIT_CAR_001,1.77135E+12,89.63782185598396,83.38125625511096,175.08504706807497,90.27359834344651,3457.527708356136,72.02805783031684,12.449437669523684,12.601207669942633,86.10010140608149,89.12066786,65.87617827732504,32.87346620765002,232.4923049916077,227.19327398033667,225.1933611342949,232.57958194401857,-0.236786017,0.6030653491039168,1.1451058421439542,101.06010578338105,13.944202816960388,122.71976659972913,0.37158673179487556,0.6334594137983812,145.1316481772602,68.06125114452442
ESP32_VEH_01,VIT_CAR_001,1.77135E+12,117.05479679014445,82.49127551445666,162.69786787741492,111.02902761706073,2879.179461451504,51.22376854038734,16.236470400541513,12.412395739613082,82.33477963087144,61.89589964875486,63.01332411460904,24.83267760071991,221.3391972345074,226.0961004052649,225.0456522515594,228.11358686580667,0.8307597852763678,-0.293899428,0.9061888120051653,99.53192157957831,13.96989211490782,142.80755970896388,1.4140642357057769,0.4001682764594672,111.16120512836468,83.44991738439667
ESP32_VEH_01,VIT_CAR_001,1.77135E+12,82.57326920632848,67.71381682,182.37425441809478,85.41886215259224,2549.9863234552395,52.855927428530656,14.15066707702316,12.07278212803288,84.22537873964197,38.662961305987594,48.791840724161986,26.09562546,226.50998676411302,225.42846709777132,222.32528235286674,233.16016156241074,-0.117975271,0.5888587141809997,1.3279897452716454,100.5416955069491,14.378054390824477,110.2395589095463,2.6749058095837306,0.7034161741926661,104.53355699109751,70.12606683319925
ESP32_VEH_01,VIT_CAR_001,1.77135E+12,94.63902993234794,69.69399334224748,145.6157910629512,89.52128584879208,2799.184263166604,64.03507343307835,12.42935380385408,12.535723951334962,85.29141968740785,29.313248969236913,51.75943400026275,27.893232816792306,185.08868066377215,222.86579482476407,236.4425923759392,241.5271566481262,0.12081929793346195,-0.355403327,0.6340062205273809,101.93214122393691,13.612235266599939,166.5829862713239,2.8524305449605336,0.6951889420580704,88.99299584682842,47.96335090810123
ESP32_VEH_01,VIT_CAR_001,1.77135E+12,86.23118811644679,73.65279581702352,354.9445835627773,89.16194151486997,2538.6587531601735,78.60951881784845,17.68479840650262,12.334911755263239,81.42285648084057,59.63507368094358,48.227094786244706,30.62780891900204,224.13113672905118,238.67397135544186,227.34879882298785,237.48275041768434,-0.00448777,-0.243710738,1.381120564,101.32564194675513,13.931018331954705,189.6277700316471,7.915154255113081,0.30439241059304584,159.13767116174267,45.720004938304115
ESP32_VEH_01,VIT_CAR_001,1.77135E+12,94.13757887,77.66566541289642,124.58706195537076,78.02222727017457,2628.211287219107,78.50456461097122,14.549422753533399,12.495280549788742,86.71345235302017,84.20534307980041,42.777417857661305,27.84654587652222,227.65517630926166,232.5875735493448,238.49030034977827,228.44264770706545,-0.251002469,0.7905136223203726,0.6344387407952452,100.61790708605572,13.799211438084026,214.06706390900837,0.042691142795368675,0.6139005960296489,161.48753898212286,55.390585727470224
ESP32_VEH_01,VIT_CAR_001,1.77135E+12,93.63700992361409,70.39291970657966,149.21395870128046,75.55290411922314,1870.1585996649922,17.787210127502725,13.579983705659458,15,87.52885535928634,90.83026258,60.08521743,29.573512437468565,247.25912197149145,230.02253009074255,217.28246612937343,238.64670303283108,2.981933991691943,-1.392754316,-2.561175059,102.16521560015221,18.76531839564338,95.67210607,6.246921469788118,2.801054108377504,102.20434972727483,69.05929535932763
ESP32_VEH_01,VIT_CAR_001,1.77135E+12,99.46080811442788,68.90106457095649,142.02799166600326,89.06511156682697,3469.993081937635,56.04362885653464,16.230947881184385,12.46872914630317,81.66968803,47.76058487749416,58.776026269174096,30.96540677079591,227.3188091932325,219.9620076299334,231.79529537073162,229.0718878955586,1.0059461022040885,0.025158927,0.6875050048062751,102.73692364602118,13.993147925691252,178.90275712990908,1.8818034065046079,0.600132295,140.82021377592045,62.57630564044411
ESP32_VEH_01,VIT_CAR_001,1.77135E+12,82.36728006172407,73.18123300571504,139.86347939981115,86.12439826313957,3612.0060606182105,107.2905382691687,15.608633947493164,12.373842105033395,82.60501045176238,41.19982411881155,68.82104904935117,28.32268668749141,222.3263035203449,231.6659749641397,232.86430034560058,226.44681166020268,0.3640114580464657,0.15173406828818223,0.9014306996071269,102.13667011633328,14.092601068445619,212.1906034597182,1.855939954987857,0.6105661401123854,87.70494941,66.52318680960764
ESP32_VEH_01,VIT_CAR_001,1.77135E+12,86.78273779,74.13592218,152.97396907841767,89.23300067611012,1403.7697919886903,43.99589228882756,15.980241954139675,12.467896629627054,94.72236078952943,28.05747864629353,53.553120498738735,35.571656549407685,230.39871683146694,235.98113729958772,237.30562051414228,229.2319955729087,-0.329200055,0.9309731518097003,0.5996377084003143,101.98192423382336,14.36608336,200.78706735158497,1.7281255656418701,1.084973101029877,118.13856847257219,49.482521749510994
ESP32_VEH_01,VIT_CAR_001,1.77135E+12,96.94932245360913,78.35536494524378,185.72684366705843,84.06985271,5515.54464,115.77229972825607,17.721898352910507,12.590789070872255,83.41340548505305,21.72108468068481,68.98758139647674,31.16009661033277,235.6768574178972,228.9365408795098,227.67754509314915,232.52390179106024,0.31410238465719914,0.44416180838770836,1.5948107497397976,100.7437457983064,12.650829938391691,509.71025137946106,1.6142421402420986,1.658611246260413,139.37510742912394,63.23922237982791
ESP32_VEH_01,VIT_CAR_001,1.77135E+12,84.32172550662997,73.44120238233047,146.2207274663219,85.60123834060792,1078.6923277479336,93.36001569,12.799638119108558,12.612085416898985,85.79959731092914,66.67095705333236,48.358220632144445,29.452068402546946,231.2228657187674,170.211301,220.9381008503518,231.7379539203561,-0.523933188,0.32525519153187116,0.8107896488898846,101.63825888590155,13.578009020508341,179.82361642094625,1.4047647630312738,0.8109974542199696,108.66509892350857,30.71125137273926
ESP32_VEH_01,VIT_CAR_001,1.77135E+12,83.95470638265074,74.93369789828247,146.18050562136278,88.76696764,2325.3021848918925,76.15832568913797,14.355312761431344,12.256098540386986,88.59381671890584,46.598367001923656,45.859066300626765,25.52480849950073,232.52739122654108,234.24804870795643,232.4440308797413,223.57434351249142,0.069460002,-0.220830607,1.0272917675205768,101.98622202309063,13.194535424273289,200.90935143118548,3.178311427319472,0.6722660231319529,108.2164433036008,75.36868701435702
ESP32_VEH_01,VIT_CAR_001,1.77135E+12,91.14251074656539,73.80191441,336.9125585340665,85.40491138540023,4094.0946146467927,116.74827255096815,13.536890757541363,12.402860831637522,81.68769957654378,16.627027838777163,52.19814875,32.17594082177147,230.32555382172887,231.6411182797211,228.68623542199074,234.66221552405165,-0.748803086,0.7240373606011565,0.7211621404609015,101.27526867318794,14.118644913718798,114.98489985779453,9.949381113396058,1.1652234823368584,110.48644781887538,79.39580338939729
ESP32_VEH_01,VIT_CAR_001,1.77135E+12,84.10517492840964,73.25069384179109,162.6518384647094,80.99046815243847,2833.414219831032,62.97997862592128,16.887521953271946,12.380198775465137,78.96694445448946,20.25832621539937,68.57001069085862,32.19316913761921,237.5952033686731,228.69360901215848,230.9904110463149,232.2035357372329,-0.355995387,-0.404260983,1.2964308338856816,103.90866788361036,13.660205059287486,67.80093859267218,2.0468375210717604,0.7783597573752549,129.42913443064927,65.47893212919577
ESP32_VEH_01,VIT_CAR_001,1.77135E+12,95.62942693257598,74.30555835149013,164.00419815222884,78.11944058345375,5666.891134813304,97.08010719,16.460199038989376,11.479162882813322,84.03040677866514,99.62543758357758,60.93659528005625,27.771317816523002,226.43692943918316,221.7636660555882,228.51314918332858,223.2418087507332,0.8379574448748701,0.10162266315498956,0.8255516198655107,100.78705039423599,14.15941467440537,478.7211433637495,1.8692479289148094,1.4144843778415608,103.48808945096553,33.97122231580432
ESP32_VEH_01,VIT_CAR_001,1.77135E+12,109.74282771020751,85.16897936309586,177.67380140984366,119.5972283083777,2688.0067646538573,29.398959505593517,12.507675001442404,12.309318453449954,93.16682034833214,43.36441934122564,54.000994679678925,25.76582113748254,231.74974759799764,227.76995218855092,236.33591387963372,236.6218003591912,0.09482854,0.6519947234504585,1.0298482598845156,101.4172917724384,13.226575613984974,158.9251916876286,0.3760552987720218,0.8770815308400765,116.97461765585494,81.60347568194334
ESP32_VEH_01,VIT_CAR_001,1.77135E+12,90.15485301599324,71.73386825526886,128.1599199161065,83.85954950087132,1250.569286821104,21.53370121001784,16.494521412188824,12.770515320435123,84.81338613635663,14.568319498888576,55.87686508013747,33.742318445504495,229.5612210284857,224.52967162841819,226.56806828076495,222.66147495925358,0.9447557486226384,0.38373294580518397,0.955602645,102.2946739731137,14.129955348649577,150.15222761816676,1.6975760094743892,0.26308130021256837,118.01431568884308,67.67734679967941
ESP32_VEH_01,VIT_CAR_001,1.77135E+12,93.00751279353527,71.15478543406431,335.7195352738693,88.26377229023514,1024.3427874470328,108.5020983354792,17.369714090284866,12.275750402420703,75.29922553476145,13.637228692647096,54.99320410902722,31.35462557997679,241.1823681411537,232.24337950236483,229.15987016796555,222.87505419071076,0.14457618196092767,0.3668157200948166,1.2501445694248094,101.05125709199838,13.825871009455941,133.72222621555449,11.034522006099245,1.127591135,100.08816746719879,46.04916265581298
ESP32_VEH_01,VIT_CAR_001,1.77135E+12,94.87108342162009,80.39582537676985,303.9192398870854,79.45807330478065,3321.537138689942,75.38705216952931,12.967158495782677,12.50916258296142,80.15586137260813,94.48065845743056,40.56660127786001,31.552188277709913,233.67062506675381,241.79474498234435,226.85916769638462,227.86799029624217,-0.261101919,0.3439718493616924,0.7725406176394644,102.26578729391164,14.147750418736974,20.030867856310834,10.672967862302844,1.1486251359002324,73.02580803908964,68.92274049333841
ESP32_VEH_01,VIT_CAR_001,1.77135E+12,93.66643163728187,72.42134144659664,182.1267306936594,86.04223588263882,4959.917022416287,116.82739991912658,18.49960094806238,13.401721996189105,91.52557981917857,87.07068169139505,47.476856406486704,27.835649483834096,227.65755700602696,231.80742734376074,233.46183415736004,227.59084005424154,0.24746360483477423,-0.910069074,1.6836645987710774,101.04360990190702,14.898424627998123,370.9713431,1.9185022054373058,1.1149448957107537,129.1141477252441,32.01482348423793
ESP32_VEH_01,VIT_CAR_001,1.77135E+12,116.85657771760651,75.48034305330788,125.37296273797023,104.09104120639819,2338.3740278325745,49.74003652,12.920000989925207,12.868777742532096,87.83132647604901,57.09988588,53.94678581601013,25.73432727872377,247.55287546753107,226.67135130762378,229.44894338771743,234.1191369959174,0.091545365,-0.184361603,0.8652897730642836,99.98116695,14.374836395561418,54.76694468013493,2.687112008316517,0.8224117666941176,127.42808965173504,61.071800742524154
ESP32_VEH_01,VIT_CAR_001,1.77135E+12,82.88089239057366,72.44758841458437,157.6285550844414,85.69176915482453,2211.5163935763953,49.98543734827696,12.362798983054578,12.481789150541074,88.54795146734287,76.99366118410894,56.12598445107467,25.241902524157958,221.07660155520054,241.2642871634237,234.7748606837043,223.14936148541113,-0.230500312,0.2900357768954922,0.6368382070839191,102.14305086620759,14.299848306342666,209.34298889605304,2.1322594163748523,0.5700144574135012,92.95725670982384,31.014262180402024
ESP32_VEH_01,VIT_CAR_001,1.77135E+12,84.95574715237792,74.35163780802951,133.68734283829406,86.76011470416069,2741.044629106792,72.04412776972285,16.394116039694612,12.97473924772428,81.55151427401981,67.98635810314784,40.911064900607364,27.587693296870878,224.95672357406738,228.33994372548594,229.09590347562883,229.2376217,-0.162684499,0.81466255,1.234398213,101.14294690403167,13.218889119104517,160.86724172930164,1.0672005501227857,0.3513657832762808,120.0244991021357,44.94339123862008
ESP32_VEH_01,VIT_CAR_001,1.77135E+12,83.26778997664125,78.36288176537523,152.61338156099663,88.22226234,2971.5652814098075,50.75577267734711,17.454357387738753,12.202530568320066,82.22750079670601,14.198631565416648,47.11609209489483,25.30383012439482,232.0456579598558,229.3932947397738,224.82141932655804,230.34416537183674,0.7485207999655417,-0.661283457,1.3440649260775521,102.14535108233727,12.771745442516167,153.97725244665824,3.653616977728337,0.42466952244665973,110.06331014926849,36.88534343434666
ESP32_VEH_01,VIT_CAR_001,1.77135E+12,90.96177839417494,77.43109514755524,155.38580290675253,88.31204299811634,2065.8783010945203,56.82326640411297,15.34368001405086,12.682762305631945,79.67210849746562,22.620661866472602,41.66634451912522,33.88351653073917,233.78680415997832,224.50233983358905,230.2735545391194,222.51658417110974,0.9279519121100457,-0.174218216,0.8501848661664015,100.63065249499476,13.975258387963672,142.36022022711535,3.518009551506937,0.8384382661752346,111.97267472210414,32.628326944718765
ESP32_VEH_01,VIT_CAR_001,1.77135E+12,92.87152927759251,77.66838459245082,148.0548811461249,82.87569127630488,2797.365527342807,66.59759378,14.764485833590625,9.493263710742443,60.26260003575815,51.43963422005694,61.812710578809515,31.496333411500856,227.13457940140648,227.71995676201354,235.02587010193886,232.90392236569872,0.3674243798110444,-0.174215328,0.641769345,101.35895276699914,12.837497965909787,11.38787576808113,1.7111127842356169,0.5913696658205334,150.8705762150778,61.02219889624243
ESP32_VEH_01,VIT_CAR_001,1.77135E+12,89.61166686,68.99748909764965,130.78805768847613,91.69949150523598,2375.613967027133,58.86919221622024,13.826644359918479,12.636189627395254,87.40348457246562,16.69862639178166,69.04803477561069,31.499708749189182,230.1952828020589,230.60764239469813,233.01867621652275,236.51375359438543,-0.188744458,-0.687698367,1.0759188492150333,101.13166597695195,14.52302243319541,144.20182194763862,2.890893240119982,0.917029208,152.1758869639823,66.25578936200682
ESP32_VEH_01,VIT_CAR_001,1.77135E+12,84.67154269462057,73.35466987969161,125.96162482208014,87.46388366753811,1803.600145360359,81.49403219303993,16.69279573,12.359747488523938,85.22190317326684,95.83838261030452,50.777218940385765,24.89685671,230.31072694726444,173.45090935959075,219.8370936682909,219.48766400570722,-0.248664633,0.4333885937835107,1.5578323908082197,101.96294353282238,14.717727067326658,205.74801834800533,2.8266092209304015,0.713737501,126.53300372777744,49.27029279157864
ESP32_VEH_01,VIT_CAR_001,1.77135E+12,90.72838675196806,72.02996113516471,160.87925839818087,88.52119066321015,2717.3808019443004,61.97199486073642,17.56318918673707,12.52024895566706,91.92926849,85.84050880747272,47.20876137439575,35.38202477096063,228.45643324698412,230.37125830518744,230.18396392342686,225.95118410234232,-0.595647663,0.4070266873300734,1.2941694184467485,101.2396270405499,14.192643004230801,106.2643723823137,0.43535811878777997,0.9083960385843272,118.50640277354863,71.51712888891575
ESP32_VEH_01,VIT_CAR_001,1.77135E+12,90.87296212727911,74.94216003858705,183.30390973328977,85.80410902660779,1916.6920536303624,73.82971155,15.50593831429213,12.556860720626297,82.98240761305972,71.82117763131757,44.97231770856004,30.422761784214774,225.86173893350926,226.98681603981814,220.30612008767912,228.51664266339174,-1.343808949,0.3329467848480454,1.1030509625489935,100.23109548322584,14.099626005593676,141.77226878911443,1.1105386260274914,0.6472965006785789,117.19953535186978,64.63971898662021
ESP32_VEH_01,VIT_CAR_001,1.77135E+12,90.15776913280739,78.92640837943861,141.66833342792648,85.02572496967359,2894.271466459247,64.09157836,16.98409974412619,13.064409304377321,94.10618536403453,37.83942245595173,52.725442992094116,30.381435927033596,231.30742889605182,228.8913636542843,176.59845873679583,223.20615090846582,-0.34517325,1.1705889775724798,0.5779054764361715,101.76336552139031,14.22671619182245,165.86744062639525,2.5821671535517114,0.6155169684301631,127.85283455921756,74.66141842294174
ESP32_VEH_01,VIT_CAR_001,1.77135E+12,94.81783630201575,64.34305237512719,133.22794751355232,76.82955064021463,1858.3527912368006,40.91506028399934,18.058173565724815,12.759638398589619,79.02509072451217,82.15294556,65.50617507258447,30.947269486659195,228.19336278672915,242.49573386369374,231.5152136710278,220.79875580199786,-0.009659921,0.091888065,0.8947207117751796,100.63465380157083,14.082365066350553,88.94871622032367,2.939331721,0.8437552816453427,135.22342200871134,57.105511470216875
ESP32_VEH_01,VIT_CAR_001,1.77135E+12,121.27828748803702,77.00158648,165.87086059851742,104.37861410607181,3025.3811368590304,75.18312687199747,14.582219774745274,13.274610868380234,85.59255517986263,91.41409502511736,54.982057601825716,31.708136286084628,229.17353647704223,234.0512179130599,230.57047762615824,223.1019561492115,-0.223139453,0.5246937081924903,1.1411149795479176,101.00271120243855,14.370040669194639,166.47222759584815,0.8554123365147213,0.923888481,120.72191090678623,73.30271968121349
ESP32_VEH_01,VIT_CAR_001,1.77135E+12,91.04786023394627,67.68536510732334,141.21030702083303,92.19453713065603,2529.5517582021344,97.13008718179687,16.25101227901911,10.782256984556977,59.35266106024673,39.81910190665829,40.53422338366704,24.03686161478398,221.67788913890016,231.32208238914964,232.14797036416124,228.39220478865263,-0.053187535,-0.080209738,1.1352442554762379,102.46795776079176,12.905159805233419,87.86462807858177,1.6726335093407358,0.6391027127147821,111.82786119253879,74.71783739
ESP32_VEH_01,VIT_CAR_001,1.77135E+12,93.68024007,71.83488293091241,196.9970321,80.37126013242191,1982.7924273769936,33.86255713496691,13.175657549355385,12.788807729962153,90.37439178,16.243976981621714,50.268282730157054,26.883848221185666,235.0242387838486,227.88613710793643,238.04710505387095,218.24112598872256,-0.202020059,0.40363373482700704,1.0658430927840086,100.45320556420683,14.283055692445664,200.25321611526067,2.1191142491815347,0.2789424178642797,104.69335104317204,36.66351516979614
ESP32_VEH_01,VIT_CAR_001,1.77135E+12,91.21478393,71.04827564,156.61750934556753,85.72631849643658,2209.1880182311615,57.03832433,15.321567260916355,12.471920503752107,89.67190481,63.41260169811663,55.202222748134346,31.219480987612815,227.19119033562353,225.1759215907931,217.77299189560168,229.69472118073784,0.15970251524300166,0.3157405828612484,0.9878815455070891,101.90628064409607,14.163029921979287,178.88818694171937,1.7199283538624688,0.37766063661417404,130.60825696863265,61.54334143495807
ESP32_VEH_01,VIT_CAR_001,1.77135E+12,89.26305142122631,80.60120593275094,168.5683402015861,86.46979345057407,1941.7217403805705,40.86662702387593,16.190140967508754,10.887985014760943,49.38164813857095,55.506410179311374,40.13747036871769,35.36254533220438,225.94712829880254,223.50131553706575,231.08929253713436,226.0060383020661,-0.431263598,0.4394796864973339,1.1454331673129095,100.89093602039975,13.121689475774437,135.01959017152234,2.488126224083484,0.9337768425705677,130.47249471104814,45.86277357963379
ESP32_VEH_01,VIT_CAR_001,1.77135E+12,78.36085912255224,71.48088695109055,148.29310121943075,84.10270266796815,2493.386326836055,62.31209512388503,13.018854620135356,12.466592428899228,76.53971136705476,36.174593770525064,44.41474900819718,21.156312301766892,229.99317737482636,229.5520501556399,227.55656580309093,236.75744574413892,0.069734362,0.2758125840341396,0.6181636880773702,102.6848928,14.635524192894259,107.2971202581713,1.258520187288729,0.9968409474845406,115.41742787455789,31.78321471206496
ESP32_VEH_01,VIT_CAR_001,1.77135E+12,85.04584345,71.52478119327257,165.67393244488096,82.29532768953479,2265.620822178792,71.35637957324714,16.097232977055903,12.605486028931265,90.32730811916525,37.280947953967924,41.90905983951207,34.45523123905294,221.36930187706497,229.32379332070332,234.85383658369278,227.54874725794394,-0.020183074,-0.287776616,0.7158088615067102,101.1138040362793,14.648510704216045,180.14697110445485,1.378322927,0.838688348,162.51509686684105,60.98032679642019
ESP32_VEH_01,VIT_CAR_001,1.77135E+12,89.78780432135524,85.70109695024689,139.84838249413514,91.17073100950444,2420.6832867517196,94.85409941999032,16.181149335832483,12.641986090611315,86.64698894998368,52.44559249,63.68934500067612,30.47922966197167,231.47021197786626,226.94522465160335,223.82515044376584,242.43029028646964,-0.700472441,0.38535556805453036,1.0249691500840268,100.11814356940734,14.307429170018231,202.7048956428709,3.6131152571185092,0.8556930049399355,150.9094418812672,35.005267721690785
ESP32_VEH_01,VIT_CAR_001,1.77135E+12,21.65918372,66.52361394,168.6568309210788,23.521559682707363,1078.8138460476557,38.35014314689204,17.480255461262203,12.986700301165957,77.28644649281557,69.60669989705619,48.59221331946627,25.638492343860214,235.05104807369065,230.0270159686226,233.89549001138633,237.9789421144154,0.13382712680376668,-0.237956915,0.9153193323809733,101.13366407058061,14.624321483943227,243.61561157383497,2.0967234500299163,0.5849514537083254,116.1357983,57.72319885954126
ESP32_VEH_01,VIT_CAR_001,1.77135E+12,91.89904086450402,76.87317040365332,149.9174125251753,93.20706321904306,3070.0688846969706,28.011225471801136,16.441274242403708,11.142886616441459,45.85105247562331,39.7980585,67.43897238288785,30.022370231739686,228.6821055167473,236.2714374146692,241.07892289034385,228.61410325346654,-0.54081429,-0.560414487,0.9513716657635398,102.80346773657544,12.025172519961176,54.19379496,3.124143797372071,0.8676832578507784,142.02434705067014,39.58594414407147
ESP32_VEH_01,VIT_CAR_001,1.77135E+12,88.64118950296485,80.09676928541086,142.45892358033703,79.92130455231758,3194.0090444210464,43.088496478070056,11.442066027762632,12.223411034648848,79.95014217934296,55.66123198013653,48.38778017761887,30.941819526043528,229.06603711858392,226.27436367886196,225.7312781032459,237.35053041858902,-0.300551073,1.0098372897827117,0.9488289574855329,100.19937315899514,13.656704983622241,188.8938978796837,2.481484306206222,0.716266313,84.63460054938241,52.662657492180244
ESP32_VEH_01,VIT_CAR_001,1.77135E+12,91.70354988247851,72.43877903925315,129.23081809759032,90.97896469536826,5679.304916494832,145.73860497941388,14.676026926305639,12.48973370737763,89.40096755632335,25.458671396724185,52.26703383,31.148194331374842,228.4789191292759,232.60745260237272,232.21464422876477,229.7549822989839,0.1558492256580496,0.0125391,1.1613128223350584,101.8592889769124,13.62449105874216,398.3519804045809,1.4369834999366473,1.1406272882039539,85.68478930759473,57.43261131057539
ESP32_VEH_01,VIT_CAR_001,1.77135E+12,88.42931576,74.58381510706667,154.8251713281781,87.35297928688217,1955.0805548804515,73.22550164395832,14.753788541874838,12.42688318,78.61373465006785,16.42674165794901,52.84967289282341,30.51025317417783,231.32465651454046,225.08173398706052,226.87954095612517,232.59296091027267,-0.252530517,0.19651484737770886,0.8921033936343387,100.0461880560935,13.416131027519494,212.16657057590695,0.40596817020298603,0.7088413573836255,149.52594517877617,44.00093655866359
ESP32_VEH_01,VIT_CAR_001,1.77135E+12,86.74432769106913,74.28448226110932,164.7209869,79.37704617,2375.823378,56.68002052,19.398780733137244,12.809466592610498,84.84521813092967,38.20837596572626,63.07706076375415,32.198143795295735,231.41689271983375,239.60289119964543,230.2457262,230.27630955466117,0.24328834105480304,0.7670195886070454,0.6642556771887926,102.90960329228427,13.893670466516772,99.32812789090504,2.70265384,0.8933640337818369,154.70594644642682,49.17697103171919
ESP32_VEH_01,VIT_CAR_001,1.77135E+12,92.34076731377493,63.77435327317573,149.1961833787996,80.93631808185246,6325.891375261481,104.29220454029708,14.150795727400029,12.900640167665413,85.45350755136984,58.83657663429667,45.81294122200653,29.333663738568212,229.51106929744864,243.05779039583214,237.24271564133926,230.42128671109487,-0.630067544,0.9842233819060204,0.7958549576228348,100.64948879721365,14.169091792825194,446.5093071821353,2.8873331270768516,1.066492398,139.92498349997672,46.06308761586769
ESP32_VEH_01,VIT_CAR_001,1.77135E+12,94.40510135755997,75.79323282,156.1408935686462,91.57445085630881,3011.5272167683825,60.82061798,14.142133266438936,12.147323887287694,87.32055003124819,10.15719119520021,48.170343895525484,23.93425247693903,227.63324373400027,232.50052735172372,230.62545497663322,238.6261338844587,-0.274934774,0.046645534,0.86416974,101.59292381980015,14.527659616229615,96.81325738479794,2.313794187445129,0.8314741338320832,133.7583826407061,75.4795217
ESP32_VEH_01,VIT_CAR_001,1.77135E+12,94.60059310651015,79.88565104908506,151.68592917078865,83.53168577525228,1892.3140188549532,54.35339384357769,16.83202216899283,12.105261864357157,77.72507717264502,90.28476876789765,65.64755020631982,25.01341271606426,225.7931009021955,230.13393178800288,175.74840910842568,226.05999846610112,-0.324198926,-0.762683111,0.9939230453148535,102.00470369308825,14.203748198071063,266.18884181118875,2.4217988558017285,0.4947129847207872,129.08502352680105,49.75793648387776
ESP32_VEH_01,VIT_CAR_001,1.77135E+12,82.65444245147746,73.19887073515552,153.97601182434863,84.08123210193334,2467.222682737105,72.95793580334468,14.711529383044532,12.076494445680726,73.41694382576107,64.79055159111776,50.743757092659216,27.065364105629985,225.55574390154803,232.51818871009326,238.21955052886554,218.50551924526297,-0.41740388,-0.121690908,0.8568955922214512,102.2669600901417,13.924743960789195,120.21446916592235,0.43950622569933273,0.8432897248463022,84.03626339720813,49.59157300558255
ESP32_VEH_01,VIT_CAR_001,1.77135E+12,36.14506013657228,72.05902947070444,128.98979100368342,24.323477671602372,1120.0648104529616,55.32055358589941,16.281484939338124,12.877691131639269,84.33535773493914,14.958108995867958,40.741008683896844,29.05617328056815,226.42618882564628,225.03095785790617,228.83240785170423,237.92436638036943,-0.179755553,0.744774036,0.9359165085941148,100.62072309472593,13.773569934302154,181.59965357419088,4.0416325422401105,0.8771468509587231,124.73455776007435,55.13877839
ESP32_VEH_01,VIT_CAR_001,1.77135E+12,95.91430579628401,75.89583346650014,158.71068200918268,83.61235527493012,1554.6923433584075,53.483886,15.473804480382208,12.537489704884626,90.65903126446234,57.060288557429004,53.37365096584009,29.671121585320783,229.05147048026987,228.44049379585792,231.1269809552866,161.40523549173224,-0.716118516,-0.151501924,1.2353410507130365,102.2728497987522,14.938938894710544,152.04778147967892,0.7992481293704972,0.5613989856598002,81.19237429595111,73.70443853
ESP32_VEH_01,VIT_CAR_001,1.77135E+12,87.61755593,77.24417959396551,181.80623463724325,82.5114029,6525.970154855369,140.52543242393833,15.14411150402778,12.830419488972106,83.19245629115868,70.74160575881999,48.27541011958347,34.093844889006874,229.45606955031914,235.00036024444313,226.57744519867242,228.38576096030243,-0.590138285,-0.739309258,0.693371945,99.7007185,14.538732095542539,518.7388257770147,2.3382097605550642,1.751114421044822,120.90772982368611,78.09824660164902
ESP32_VEH_01,VIT_CAR_001,1.77135E+12,87.45412853216807,77.08309769898682,128.89215129233986,85.68559781774475,3037.7619246044737,41.40230529942748,10.478454644288806,12.760964177367859,86.25771093461022,59.297024173111296,68.57895415738341,22.694153307286406,222.30669871869642,223.64464576922285,226.80563515053473,223.24213178917606,0.4333954168168859,0.33005714696451993,1.6209752927336023,101.31303750153306,13.88905030363046,128.6356255582803,1.1907307199869865,0.7430180432289304,153.11668523336598,63.33887896917591
ESP32_VEH_01,VIT_CAR_001,1.77135E+12,78.25939229743494,75.53252301102708,158.85517227643965,85.07098301289342,4427.184826189705,150.09576361355334,16.56509349,11.909896064057767,89.17650292662667,45.560774071010165,47.47899855602069,40.833677171129246,221.22418428803414,232.4031940120102,220.8949342,229.4016534987716,0.079966195,-0.411798017,0.8900014184854268,100.48869569829172,13.795117975155168,486.94766932492996,1.7571060059446915,0.9199290140418808,105.3477031625105,40.553692812133704
ESP32_VEH_01,VIT_CAR_001,1.77135E+12,96.65012463174786,77.05420474752597,150.17190879614535,81.44012599469642,3034.7629942763174,61.30686230581748,17.96798727712242,12.590912186805765,93.41447397048469,75.87135214885136,52.54658015473274,35.012206663526555,221.19790407332903,235.59826353506193,219.56521534348502,224.31382930922814,0.43452880364296137,-0.179142736,1.7249804720503503,101.64556706612458,14.02998957035917,117.63126802712588,1.3162735395801421,0.6780841657077858,123.69026936000672,47.890262473881215
ESP32_VEH_01,VIT_CAR_001,1.77135E+12,91.07524788693347,78.73913259595504,181.02586564783513,84.98132065479469,1870.7693751592055,25.786279853371646,16.44686649817289,12.923555246251949,79.61760337573936,27.064964494884308,49.82425661976916,22.074623564829167,232.26193067192057,222.9707195290359,228.7407169414384,228.47908759818213,-0.273964153,-0.812600076,0.8769970398526141,101.71285087836662,13.889789366873337,183.5697302072813,3.544449294499179,0.5809998634182287,94.39084009,58.050880070874825
ESP32_VEH_01,VIT_CAR_001,1.77135E+12,90.52520242114537,74.22422626554653,147.4150560021206,90.37756333247437,2474.2274288217213,51.05012932557828,14.519847318414946,12.605477405109035,75.42698907260784,79.60975854718286,51.25565558473549,27.252302527692986,234.44485667651247,223.75075417725702,224.98748108201903,231.67342258746513,-0.429751588,0.4051268568442515,0.6332489392455898,100.20332349431798,13.804094069447265,185.45987447555922,2.1196986566992737,0.5642232958205923,119.4276462137643,47.662630285763655
ESP32_VEH_01,VIT_CAR_001,1.77135E+12,114.7559861941943,73.07976434958452,191.7878542709127,107.29435742766665,2792.857788178186,42.823640239457404,15.522801307437266,12.775166557805923,92.13314505044235,55.02296462885136,67.51420021715933,29.74101139364569,227.1766609678069,228.96634117116446,231.60006800922625,228.8798740884171,-0.588441572,0.2886630469229946,0.9740548058595228,101.1537418261705,14.220933768185526,123.39408709996403,1.1595442803967773,0.7103341434765078,130.37408587287635,61.30397867484078
ESP32_VEH_01,VIT_CAR_001,1.77135E+12,80.30552888892018,73.50810862058734,143.44896860725225,83.61207026015518,2195.3543898292037,73.91959934310832,17.022287354265295,12.850374253137263,79.19709226597466,85.70928862,49.46111236141512,32.94392145,233.2927538398268,226.01951930599157,235.73887707122216,229.00278393450793,-0.350736766,-0.034247604,0.6608823667666994,102.41404061939812,13.88103270212956,247.2695479237857,1.1720381726421039,0.7199284082438895,152.39708086666963,50.16460998731975
ESP32_VEH_01,VIT_CAR_001,1.77135E+12,92.09255886916038,65.80636295548918,150.2260431414804,78.87528376608076,2101.6504571799633,63.98516760776838,8.381314678106614,13.07244863005367,77.60144830717837,26.63012097191222,43.82993972127184,33.92179468624604,232.44265766120407,226.85490055752285,232.12814535301504,223.23981490281892,0.057078988,-0.895202122,0.37778479414818367,100.68825684930646,13.999791771547441,96.92782057,1.1471706865889926,0.881420864,75.84999303687059,39.252141077418116
ESP32_VEH_01,VIT_CAR_001,1.77135E+12,83.70350167067224,69.14751982,136.25420527228098,88.39799197776159,2333.417813950812,49.45773043,13.547558755373215,12.395478419720986,93.90610812109122,52.23912992509908,47.10787629672976,32.44551206440312,230.54345417143787,235.1635097369227,227.97105040881257,222.32327198685667,0.074283681,0.45270714752047925,0.852881278,102.90100902850244,14.82054145826767,177.26492821598944,0.33203724060518414,0.7018408199741615,107.47490328507887,72.24849208050992
ESP32_VEH_01,VIT_CAR_001,1.77135E+12,90.51634521497553,73.86157493695787,150.33080499439237,84.24082746846352,1497.0724114674304,57.88855545390866,14.909963077991524,12.038860333476071,78.65760306425692,71.91509007693877,41.328885389664954,27.45670258,231.6078365408613,241.7803319319106,232.24144563069876,231.08088378940283,0.3828611032761874,0.29858099992143766,1.2386288015353213,101.62984687997402,13.09183544318184,214.38231849418094,3.619716557864449,0.7173721723155109,100.16987451834314,35.48128931421047
ESP32_VEH_01,VIT_CAR_001,1.77135E+12,92.48996460019264,71.87063958708157,166.63285412701748,91.59565905519159,2172.269951,65.28656339341583,16.935678092522547,12.522488935275252,91.16826801720038,51.29210671,68.82804170350406,25.22451847559313,229.80483171388337,167.35525596179042,230.24561480903353,224.20099447763005,-0.322279968,0.5289503819869572,1.1868879704369748,100.32260867257284,13.252535022599371,179.04719270427566,1.920566397482978,0.8814072650493463,103.12005971604863,31.67519896294614
ESP32_VEH_01,VIT_CAR_001,1.77135E+12,90.23531300460866,69.53284858935939,174.23554235960324,81.59445092,2886.9088149297927,44.87739797826268,15.467662263256045,12.114746937966238,85.33870229787227,15.066443855029416,55.71162169,28.801454983351082,229.1667074724448,222.80681300553704,230.08342140545756,227.1670711204212,0.6492569880441016,-1.049995791,0.5036299640728089,100.92316947341902,14.362733293885054,176.27458130259555,2.013464957192199,0.8115773956726777,116.40301244963298,74.73229633057906
ESP32_VEH_01,VIT_CAR_001,1.77135E+12,87.88524041663217,68.77889535722095,150.0897928270385,87.11991445254255,1527.7006729818825,69.26886846912879,12.878847639975888,13.305816803114926,82.38041841669255,38.671232652976016,57.72386659758522,27.178435297323364,179.91808104340592,225.34726719785778,233.17989965301868,227.62150170115254,0.27506362715142463,0.5948917174015959,0.7977229474027941,100.92530388961771,13.694956818052207,127.21316654335234,1.5884924364396897,0.774715968,128.2140899778048,56.72755996034104
ESP32_VEH_01,VIT_CAR_001,1.77135E+12,131.67912029873537,69.57287531446713,170.69177701733355,105.71206587122768,3049.7112890193853,44.95256454212672,13.170678883643774,12.708765710266245,89.30642636640066,40.51337655750225,40.894215209349845,23.978722902809515,227.36525022048906,245.3165660455621,228.88402245996093,222.1448571174068,0.15322466254687556,0.23340995158869515,1.0998386292148863,102.02720201952191,13.737203410135185,112.8488986039595,3.6570091682722197,0.595708173,130.6042446280322,46.41503698810729
ESP32_VEH_01,VIT_CAR_001,1.77135E+12,92.05975820628558,69.49316597017302,169.96219512870604,84.07668794029314,1761.4383134107543,62.674713275541144,15.19572369677935,12.724926013332595,80.32781643,84.04962194721732,66.32344893449645,28.956464439122808,233.55773169280917,232.76480574564806,231.41367408551295,230.89142852519848,0.1269182927711817,0.027722524,1.1976080008063614,100.70827806726022,13.993007428677792,203.38860323780298,2.6496809915499067,0.5806109914411498,120.07396136296039,66.03330402207341
ESP32_VEH_01,VIT_CAR_001,1.77135E+12,82.95509448020047,77.61438473129498,165.55985197447737,86.11690902253751,3024.6145010822447,59.80822856297525,15.454978711523179,12.743528769203708,84.88619238610491,49.120352109572565,59.257259976690314,27.731684373597382,239.99325499225324,231.18171780110953,224.67305169041487,230.84959864728455,0.055653408,-0.305218568,1.3023952919726627,100.9934071854225,13.623644466629145,163.11321414816393,1.362658285884852,0.8861077837139264,113.4718230210353,63.15817790451116
ESP32_VEH_01,VIT_CAR_001,1.77135E+12,112.62075237146146,70.8431289,156.3316235719572,109.2124975172362,2145.8112675423945,62.16491121739216,20.602245472123546,12.39058866237458,89.80233735832915,76.42258037257503,66.72309050993131,28.09933752715211,227.7028403241255,225.91650035268472,235.38740289130254,231.98893704555115,-0.361372773,0.23189652150866064,0.6799375122668492,99.21033612593064,14.06239796640524,65.46805799,2.441339224,0.4436050760745383,111.42330174535934,85.48605804162516
ESP32_VEH_01,VIT_CAR_001,1.77135E+12,96.31533825,72.95505319759074,158.27433021866094,82.19195039726254,2950.1858148735787,66.89297438457545,17.934559181412343,12.608067316118856,81.97790945554135,46.52472544503764,50.922352900151445,28.77835004388504,235.78490802151686,233.6803024258427,231.5018114004153,238.50815433932078,-0.772434289,-0.165832097,0.786601305,101.8088663027329,13.521457930314142,190.48867503892865,2.129115966473123,0.9001101374140545,121.64746085251423,68.19937428732126
ESP32_VEH_01,VIT_CAR_001,1.77135E+12,96.46746606109431,68.76523733,177.3314109382177,92.63754164605733,1687.013593008569,81.16612112604993,15.467886249116015,12.39739853270954,89.13546599799844,57.266069296511176,48.90396235429568,30.11832149236286,231.77146502988035,236.20158313188378,223.73233815022073,227.77530670335543,-0.793065786,-0.245512997,0.9389146837795563,101.29683251667416,13.657561583544878,90.84147087,0.6239270700561621,0.9490709302287131,85.02769784952959,42.786885682907986
ESP32_VEH_01,VIT_CAR_001,1.77135E+12,98.11046421263647,78.52796300230906,117.90675646063536,81.13130580745555,2600.5299797553744,63.426515054637804,15.557996367562517,9.550428658,66.04309616406029,25.843243839904524,48.930766155743754,30.80290107862468,235.0197382762667,230.99692599729676,228.74591687769873,226.14671094006553,-0.054843173,-0.147478843,1.4851596032208916,101.29244152388891,11.951553370647186,130.02119956908567,0.3383839751444324,0.4972924431564376,119.06831037676473,61.152455564020556
ESP32_VEH_01,VIT_CAR_001,1.77135E+12,93.16166380881782,79.21352854084249,157.88285021191234,86.57302512062202,2594.623219912126,72.63219975321759,16.93551783873685,13.184563099618657,90.72229042695842,94.39681223879926,43.29536417540602,31.82446528690306,224.7108717470804,229.19306701434346,227.59660273409685,239.5228575344239,0.3767564673563087,0.6871101166977185,1.2691002060046908,102.10214784196071,13.960397814761155,159.39585705558306,4.220623192058281,0.7476458430402894,118.40414634256791,77.22994438577456
ESP32_VEH_01,VIT_CAR_001,1.77135E+12,94.29503713517919,74.82123111923737,144.97564490231247,85.21068666074251,1957.6825658437301,57.24434356513575,11.799071777766368,12.743169264820347,88.40941321072344,74.86304229594927,40.862979951349566,30.849647560444456,232.74402187890377,232.8486101726841,222.4881539373527,233.17438836918913,-0.331705077,-0.191559061,0.9868422013473972,99.41263667774018,13.636296931771845,44.69283655698382,3.065196703340673,0.6738109921788182,88.16778066512659,74.85369297091162
ESP32_VEH_01,VIT_CAR_001,1.77135E+12,97.17764353639222,73.21134112342726,147.04737598694342,88.63275587,3086.3595206243162,72.47448291759616,14.094602595171988,12.503706220263172,91.39505228850672,62.21247844690448,50.898784890443665,33.421890409461604,226.6519454989204,229.70725353896853,229.03373560621628,229.86370706899535,0.3841311921886715,-0.310877161,0.7020262146862001,102.03976239995609,14.80535330542804,130.9980558104984,3.902450331829631,1.0352298201565482,101.9868244468551,54.40713558
ESP32_VEH_01,VIT_CAR_001,1.77135E+12,90.44537350677385,80.18675265909371,158.58043294589805,89.82146627137719,1541.5765802428816,37.80679762,17.471862474518293,12.34898864279345,83.87420395541093,25.352694007553538,59.573007595724576,31.26694851890929,222.6626346804606,221.73702854064237,229.72553116049917,220.96058054861572,0.1452025600186595,0.2602620006216836,0.9187381828573807,100.05099527363996,14.592691462485202,111.6640500199752,1.1452727784945713,0.5555632907509436,106.42057377415732,48.30290517810408
ESP32_VEH_01,VIT_CAR_001,1.77135E+12,90.91241745808273,69.77506739,139.3399781490251,86.53603947782945,2691.579616485338,62.685122574847675,16.426021681275927,12.719811056389094,92.55431695013228,97.26497796507842,45.84849019125394,26.993516678206895,238.01444392818297,230.78523228452832,227.66125392017182,232.72258886862656,0.1566577783012953,-0.212854096,0.9527828407496998,101.51768402949826,14.823858170242634,94.41519572118989,0.2906608804478026,0.6429401088105041,108.45756311968427,65.71181190485278
ESP32_VEH_01,VIT_CAR_001,1.77135E+12,90.51025891806518,72.24274250343481,183.73028733786052,85.32396326491575,1932.1375683172128,55.45108218614956,18.266261774933255,12.301097002809565,81.28715838432936,27.99082509914365,49.01883276046602,28.072572013160467,224.99272312841563,225.3686319145494,224.6446461170769,231.1899674287498,0.2907717855680226,0.024190291051740784,0.8938375103645121,101.4814661537118,13.646316505343615,104.29971103125877,0.4081031368275314,0.554389741,131.36874425739978,64.34967082657779
ESP32_VEH_01,VIT_CAR_001,1.77135E+12,82.64019055589834,76.61494255186274,146.009454,84.79111452446469,2910.8512902661805,56.53354193742682,18.907060958622054,9.994431642699416,49.43851465411567,45.21327268596721,51.21515755364592,31.45401766184934,226.2644062152623,229.94520772145398,236.67759657328574,234.75655,0.12546482755304456,-1.051312394,0.7538488,99.35579348552994,13.55639019693334,41.55143000220434,0.645468517,0.5126383338486936,142.71291075347708,39.35086902413988
ESP32_VEH_01,VIT_CAR_001,1.77135E+12,86.46587934867937,73.76836252089478,167.72424727697054,80.78770286745625,2668.245402819207,55.039731747247245,14.378091537913628,12.494959984524899,83.70668661569853,82.05551851160386,51.717261827575754,32.84786034593936,226.03741467281117,227.54267856580063,238.4555063112587,229.42757906313412,-0.393246777,0.6433704882668223,1.6808295597263576,100.19726767251706,14.37818122895022,165.32160008213867,2.707420141046916,0.9101974463839198,103.22690931699087,39.66474508011836
ESP32_VEH_01,VIT_CAR_001,1.77135E+12,93.17570475395961,80.33815946,200.32990396878802,84.06707765,1209.7298650243756,73.76306821,13.604885187509694,12.3444663,89.81373769102065,41.40937413142436,55.90251649606469,31.437059323270844,232.68594659020684,227.4127292953934,228.02910440983624,235.08059926641698,-0.469890439,0.6022195515428963,1.4051630318507358,100.75050273997718,14.450331963417266,172.3866969843101,3.0096762807177226,0.4631062513395847,127.10037273920375,45.162572883742456
ESP32_VEH_01,VIT_CAR_001,1.77135E+12,90.08752281315192,77.39460485210947,159.92193523187834,86.30308642142502,3089.9836733270427,89.9900153,9.685123243,15,100.06499693972928,17.261951135830095,34.30495846344402,25.804692590395334,226.33582883932786,236.0097182066696,228.71962069172528,217.18628033129042,3.6343034798867184,5.332440959783482,4.306038789669138,95.01059897288887,13.802021875152727,225.43025804186672,4.281254292,8.451651337952548,104.72696902387202,65.23375279765985
ESP32_VEH_01,VIT_CAR_001,1.77135E+12,84.43357717226141,80.15934195196465,313.3850369459491,87.79807409,2975.502920614174,102.15297816153551,14.66327248888456,12.936123973140882,91.78852800114855,66.28679781,56.15533864639896,29.69257317232381,231.01140973253757,230.9249203217456,228.81729015329392,223.25606904401752,0.1978883328476109,0.3609156002595079,1.2506969527733423,102.93155879739223,14.264362734496643,192.28156010892246,7.461346364046296,0.8949071165093903,98.68287762751788,64.48064147
ESP32_VEH_01,VIT_CAR_001,1.77135E+12,89.93270638759776,82.70958276,148.50244520171486,78.48384416668978,4915.611820708085,134.5319435609062,13.20873027229951,12.293895968946796,80.66134622219425,57.612346097870976,41.94322375005941,38.301299624235355,226.1060939964393,214.30568972959767,226.21656053155442,222.3360475,-0.501501333,0.12673981705444418,1.1999477470730067,102.38897072035867,13.383725044944285,416.21130328872766,3.553514149772462,1.687753679404774,105.7992910857304,51.505934168647705
ESP32_VEH_01,VIT_CAR_001,1.77135E+12,96.88186870990279,75.98609322055346,155.42219241220562,88.57299302264711,2210.4443576536223,39.97357274625588,16.79100254681122,13.02727387498953,92.75685637550286,43.68396213279221,69.60804990864769,32.94734640145926,233.35105005042342,233.29685876488531,221.8371825778995,233.01039380219072,-0.11593947,0.1444468672554124,1.0953539456609118,101.30483950968582,13.31536225304916,155.99062422382448,3.4735666805358383,0.8919089693768426,114.27385471368748,59.097062499776285
ESP32_VEH_01,VIT_CAR_001,1.77135E+12,88.91684529279493,81.47141227,308.8469127953219,82.03256512449083,3511.699111838841,75.52722892977778,14.127396148295697,12.241736312949941,83.38336940337827,44.31695033750735,57.87249658679396,23.737350018700358,230.35222987948612,233.7325859,228.72360958059951,238.51112735283553,0.7106892730547308,0.081929655,0.5735645460558205,101.59630465306674,13.121398984080688,181.38152358009694,8.452038007952506,1.2724401412332222,113.58187071303304,62.67374115323653
ESP32_VEH_01,VIT_CAR_001,1.77135E+12,90.49569901059095,74.63148250911622,160.48080103869097,82.40746038,2677.695313184261,45.26668851416844,16.209141679381446,12.762528273743927,84.25069444823828,50.07481439877115,43.17980159355173,27.661242352599338,227.60803847208268,224.1857172937361,228.3066340744799,230.2855444951836,-0.020343622,0.3175193604150174,1.1080976477824345,100.8749071,13.783484974152264,184.10786295198068,3.480485807937874,0.5674413183218038,75.76999154835389,52.34767896052395
ESP32_VEH_01,VIT_CAR_001,1.77135E+12,87.28498894064572,68.61512401377985,156.80207587711234,73.44217712,1277.8459165681918,66.90227243295291,16.10583227397457,12.62643017876231,83.17367115601988,50.72333805769091,45.228890720345674,31.602846871015977,147.89353260125608,230.8168169435159,228.2758547795294,238.48930411482527,-0.364180587,0.5142099715113292,0.9153569302919766,101.08355192391683,14.947210326016721,146.55537052916137,0.7925535401997541,0.8786758252802064,101.45120820237689,56.61158889866432
ESP32_VEH_01,VIT_CAR_001,1.77135E+12,104.6864752455455,61.12786765506987,163.31723769044868,100.15804006042835,2720.2325493918897,60.486809546876295,16.682396876088422,11.925718868545967,91.53496424368703,46.77476367456003,55.93026498304061,32.60673657626929,228.13743025527543,234.01597312496827,228.54171758737746,224.10787459093123,-0.106389474,0.311494111,0.32243187122607464,100.26651929872597,14.708054525172637,181.98820611732225,0.16508954747322369,0.697060396,126.06316705541386,59.16752569376941
ESP32_VEH_01,VIT_CAR_001,1.77135E+12,89.31768438173046,81.33540247916633,154.14104939117362,87.07865648304077,2528.0321307911563,48.35920301010373,14.910292747515507,13.136332662404635,80.55262638370188,27.624240406316265,66.63656676377711,30.827131805079805,222.32176606724127,224.33471903611465,234.97022693148287,231.6923352263165,-0.982892414,-0.59537262,0.8966748350683069,102.51200003947949,14.070373701663389,106.65810785689902,2.7829856368064085,0.7542738640999368,137.80570243411708,68.9128875
ESP32_VEH_01,VIT_CAR_001,1.77135E+12,93.47323479,78.04864171177694,148.78848232257425,85.23028307306696,2673.9852351180816,68.75974933941691,17.432308717128688,12.226397969998997,84.11947639,98.62168970930472,68.46045023239188,29.84313089044774,233.50146939771523,228.32190241287202,228.51094486079649,228.58743541849657,0.4370102375410944,0.069009622,0.9689463104609731,100.32658786926969,14.120791936922036,227.27110179126288,3.1227336363380225,0.655505246,93.82776515969128,33.16263282275556
ESP32_VEH_01,VIT_CAR_001,1.77135E+12,87.66986062943263,80.29425255762706,161.5501566362342,85.82624855700357,3607.907019497582,44.88090773668954,14.477297661823377,12.452635809029815,82.24009663121407,76.16325818044845,66.78698112428722,31.125313496680047,190.48092128453933,233.95257887096207,222.04839710380173,222.95083450609656,0.5169960883116448,-0.827557183,1.3023520578261092,100.30906704031673,13.774331310919823,115.19910864494142,2.007334899063028,0.6246673225674721,130.47040883441625,68.08798644593861
ESP32_VEH_01,VIT_CAR_001,1.77135E+12,94.90387479680234,71.82779242,332.8156224344028,79.84249700276031,2677.8287830025956,77.35748053071197,16.850348054523334,12.447141182924646,78.79782214357675,17.40126289097904,48.36199759157099,25.54205752744327,235.54378572304068,229.8935402478406,220.0325574308472,236.78825609241423,-0.385593799,0.5017763961212335,1.1189930893709326,103.44809187670116,14.743119832211713,200.7452864863805,10.43200597150527,0.4963071006430265,116.93657507256327,72.72808937192818
ESP32_VEH_01,VIT_CAR_001,1.77135E+12,98.29518303294631,78.78552928426058,171.04072045961388,84.48603281,2511.4806250019624,39.01178961698848,13.933611930609075,11.782733384289473,88.48448667327527,40.915267443579644,63.91868152412252,28.045376341230792,236.93132607475616,229.5690996749122,226.36474633090066,169.65321735120062,-0.413808864,0.6610096548684683,0.8691326948894206,99.91907118580232,14.338078828079906,111.33302831631065,2.1580945773042037,0.31038540610485144,95.05607797174696,44.90366170864487
ESP32_VEH_01,VIT_CAR_001,1.77135E+12,91.84734539402929,70.79537718744699,146.45756082644803,81.90794219,3141.769233019941,86.83467721,17.227263050415612,13.250911198076146,84.85279052853744,24.680071005654163,54.559980622239344,27.962821613336168,226.36865129211455,230.77734418935572,232.16972,231.92632790184564,0.6875218123357253,0.40986567364219056,0.6259942125528037,101.8944537055899,13.430394759662553,93.00031994321499,3.666471613554491,0.8445538211384742,153.67375298527023,63.470157686884946
ESP32_VEH_01,VIT_CAR_001,1.77135E+12,91.21658977961562,74.59072799,168.9250141092157,83.42472658686101,2138.6353570299048,60.745894645862684,18.039258142745105,12.714876146507825,87.25900312859007,55.47212136899436,60.09417434591684,32.06761654391168,224.37000508078538,228.6204335718601,221.7990259738215,223.18543370466065,1.419616354168015,0.21664317521796128,0.8962046229633754,102.0473594940355,13.57343099721374,212.7927575183531,1.1955887693887968,0.6005197764989794,115.71798337597758,43.30569362270215
ESP32_VEH_01,VIT_CAR_001,1.77135E+12,97.79443418,78.87175594143457,136.00032623644097,89.69938659623503,2833.291979085244,47.180601191543445,18.68958980295275,12.541004514088534,77.20766793004535,89.38183014279541,53.85364566580719,33.17408640830488,227.50393997855252,237.48566865872775,221.04177616650364,232.03340358259453,0.42391968230485516,0.7778698499522434,0.6810252195131641,100.63403781531858,15.154210434494033,120.64333359677568,1.4337059350178505,0.6105559533127075,117.13695197141388,35.91340316698904
ESP32_VEH_01,VIT_CAR_001,1.77135E+12,97.51445770944056,67.02707451325347,137.82471139454256,86.03651138299092,1023.5040123882718,32.22530191781954,13.423811989052119,12.280023968503771,77.46983719897328,95.90037878332167,61.548726481358074,33.70801662256806,230.35257070953156,237.13172401454565,229.9417503996218,228.13415790112825,-0.066148885,-0.442008213,0.4622118007876075,102.94692295075464,14.75931912262333,175.67766853152273,4.258093361814746,0.7346840306125665,100.0649314700811,58.33599287891636
ESP32_VEH_01,VIT_CAR_001,1.77135E+12,32.69917913,70.01818883,176.26960281826663,25.065413544911458,988.3034634352605,67.67210913939597,18.088096657500184,12.066711139173467,82.76067569786652,52.358185644894796,57.76689589439347,40.82171389173162,233.87156995884476,226.93829735595602,233.76314214841878,227.91336182094474,0.3828921039173661,-0.708583974,1.3189985001061724,102.74195200949245,14.407768892970253,256.9005080753583,0.8354039960989055,1.1321762933080597,142.23101981158618,35.37527712885491
ESP32_VEH_01,VIT_CAR_001,1.77135E+12,34.64785499088008,69.84956601559354,104.76361815521503,22.22436239308348,831.5367904,78.61501677488167,19.9856688,11.964231417588167,88.91191139849444,60.37078041895279,61.35183590299083,24.615406867395677,229.13142624763614,223.64158835247275,227.71606950979893,232.9166114684325,0.3397041576339437,0.5859814411568388,0.9082440480163565,102.08193831835185,13.313911382318652,67.95723125818645,1.1989173047596067,1.033442495276491,90.61944895378413,34.98439602813718
ESP32_VEH_01,VIT_CAR_001,1.77135E+12,97.47475300561321,77.58686469840538,131.37578161913405,89.23893185948872,1622.9975204954853,71.45692463651926,13.698045998381954,12.909244852152174,89.52096256968399,23.607220884810726,64.67090976213319,27.139787368342947,231.5674379584695,233.73927293335092,231.13289569265856,236.11487693988252,0.11604711416117013,0.2927075580935859,1.3714129508935635,101.53347947063126,14.006199919172596,30.768711571231776,2.9228176348776476,0.6685041670840888,118.99086850844448,74.73908356065189
ESP32_VEH_01,VIT_CAR_001,1.77135E+12,84.64545244417114,64.12058039068096,110.63997527492774,88.26006172,3807.204195613749,88.08282698,18.174560979050156,12.299504104024818,93.91157522139912,70.81565107085035,55.59491771204783,25.98297370735743,237.19529937076015,235.3284903,225.69673184079386,221.23304699137913,-0.648282771,-0.468822615,0.7991040160103863,101.64556281956293,14.646700037342264,191.8180627816081,3.507499082691207,0.4106755441542001,128.5916009067999,69.15913962705595
ESP32_VEH_01,VIT_CAR_001,1.77135E+12,84.16227772042289,68.82083226599747,147.7246245334701,85.26087632135287,2756.6318303574403,78.23316150941451,16.148288182643867,9.764059866,48.45839786061015,44.412506819519635,49.66200134792908,35.57854258920313,227.61063122139683,225.52497583261646,228.03871258035326,236.5093768605012,-0.270239612,0.2898837507337209,1.1032105273997288,100.28575698548548,12.520473493304253,236.28469303837525,2.2507563795939443,0.9136512597256817,111.37868685565584,35.161727429934075
ESP32_VEH_01,VIT_CAR_001,1.77135E+12,79.79062676404067,71.10649695609757,157.13705941485483,82.78892583103139,1798.2122901780217,71.66671119908077,17.759156101255684,12.397972007620263,85.31933179673626,66.56849692334129,43.30666538733856,30.365566559359205,238.30976706203674,229.10266505559414,229.48705173557738,230.05788810485384,-1.000096932,-0.545091434,0.6871775011007875,101.81921957967525,14.767390963669737,224.14783325905933,1.0608002580707439,0.9981343977312043,154.5530782572596,37.068009542276684
ESP32_VEH_01,VIT_CAR_001,1.77135E+12,89.99956442,73.21061202932489,163.24734270181602,93.75690292690606,3260.609479255663,7.500253862027179,13.384726978800078,12.53607273437255,94.58049558752491,94.76085184348393,61.881078459344025,29.80791806,229.4332050074623,232.51971621436272,227.53486756250663,230.28957246193463,0.7440981243428447,0.4807622160507238,1.0250093039948003,101.5571897866032,14.094066714988784,119.99475534879438,3.3348108989924388,0.6544194966123842,129.58290227494962,75.50401386267208
ESP32_VEH_01,VIT_CAR_001,1.77135E+12,90.15725604402796,81.82840794535562,332.2632036196218,81.84058635008562,2234.8374945962273,59.50162626160285,15.14075933675941,12.495336829521316,81.23363431,68.80496742777927,50.63594970185083,26.078832388772373,230.34778397645638,232.9192334175988,234.63894053532303,233.6524589592448,-0.620072922,0.21466157778615125,1.0705825415853871,102.56162296590871,13.55262138500685,54.39303098740375,11.46769434199301,0.7182633439982369,136.45462222368724,48.76122860547946
ESP32_VEH_01,VIT_CAR_001,1.77135E+12,95.28220776640796,69.96552385487517,187.96341278789725,84.66240940710203,2739.4738480270694,66.99295809282756,11.20137397566983,12.454323871549718,81.70797553932908,32.214088244143156,49.98731361685225,28.181751876191615,234.13522908980298,243.1092247774381,232.29388280844006,231.38762577018227,0.16290665565474666,0.17929367010639963,0.7970987873644997,101.61969429455063,13.361094745833832,192.02915883075346,1.1968312014255056,0.817408754,91.59117477157147,76.24187216156929
ESP32_VEH_01,VIT_CAR_001,1.77135E+12,93.76658741299283,75.56284402115215,157.03513463839977,83.32704538136942,3042.5788090457463,42.18501552319526,15.293321559620477,12.589431144001962,85.59404459,24.679814217024017,55.76504576108174,29.332066071767766,229.27619216174165,228.2437937469566,228.26389488378203,225.36497087027112,0.23860623064495295,0.45968267864990475,0.789488294,101.37807704428504,14.412876742445745,102.55219973053823,1.2919699416318482,0.28371148320490464,119.18892993307125,51.982991520203896
ESP32_VEH_01,VIT_CAR_001,1.77135E+12,86.34408476361529,72.10854974374564,167.0292141455744,85.89381787504394,1248.3785667560164,76.24795700374881,16.279969308543343,12.74369971519774,97.64110729013898,93.93916923122941,40.27417194995608,30.29804681164477,232.56947124607805,169.8465636222974,234.52643095357826,229.3164316648153,-0.227501884,-0.097230889,1.3510759014560887,101.63496606988708,14.120995456505739,127.74031983857046,1.6243267252567046,0.6695457122603286,138.22542541775516,75.70747858814055
ESP32_VEH_01,VIT_CAR_001,1.77135E+12,93.87769222559598,73.35229081880466,148.1590183066707,81.61049696092013,2276.9158574124144,42.33367043836927,16.21777474974322,10.42999097767689,63.72822905327684,73.82437605,52.677607576300076,39.333111083209204,222.95816515595936,230.10264876218514,226.63384721133372,228.76579718890193,-0.030039718,0.3378445635413054,1.3147732469973008,102.84278311885325,11.895472124559586,124.94789313949798,2.5263821926875343,0.5575196801356366,107.02763469465916,67.43913145
ESP32_VEH_01,VIT_CAR_001,1.77135E+12,93.22792712328334,81.66014719857642,334.40392532195204,82.49201413227333,2529.9337190930746,69.83597344466776,17.11904710768785,12.73639618583445,91.42286362111471,72.80882005596584,51.40826890204234,34.73721576404733,225.52134475320784,235.3461816,227.14301788743492,235.04330043714126,-0.401339586,-0.146939273,1.150065051744669,101.16540726828839,14.539746722694437,99.32049403418972,8.399906311974792,0.8067019230327936,102.16469745444003,35.86780502433955
ESP32_VEH_01,VIT_CAR_001,1.77135E+12,84.25206124089527,76.62987569866257,167.23086155968087,77.36316220080381,2340.1586544371576,63.14447806703311,12.864332529467498,10.57790941810686,49.53573106846975,46.22636181838663,45.937721648646416,35.843719594965684,228.56662432732415,230.84285372704937,230.37448646438574,241.15155275860536,-0.798532256,-0.819534664,1.3965639325055448,99.84407879,11.716542088822907,239.2576843919461,0.7149622261255779,1.0551267071214587,113.63157367581334,44.71400010060771
ESP32_VEH_01,VIT_CAR_001,1.77135E+12,89.56808307446069,83.51840873531987,144.1312826174839,86.94365487092738,1897.634618286901,65.05332261018413,12.36296431706598,12.767048656860885,81.33629914218879,65.54850586067516,52.682046814978705,22.317638968438185,237.9658964660492,226.2110552052296,225.43861529282955,228.62248895117705,0.777841867,-0.379304621,0.9981994881563778,102.13843352676689,14.815359039385879,63.57667585998249,1.2876915406795209,0.5475856515279935,159.1522148566416,34.038941498377866
ESP32_VEH_01,VIT_CAR_001,1.77135E+12,93.78807302464466,68.65909585077945,155.77853872276128,82.29605811,2155.663901586556,75.34137960309278,17.15256753822253,12.30919182863288,87.73176982867999,58.09747376135379,51.937234852597136,28.299726910621963,226.5105186003395,226.8171750667244,224.08316904317874,232.8654021447748,0.13616279356859215,-0.508159295,0.9772844995055601,100.48779708623174,14.020251467371823,62.85567159703906,1.962702233994491,0.8325324144086228,134.68528825109632,47.407657349338656
ESP32_VEH_01,VIT_CAR_001,1.77135E+12,92.97841585,73.1056356,321.6320345463537,81.45005531328009,3072.1427198526453,77.33608322895127,15.072119712768307,12.478913506966043,82.52431268643457,56.08298999581881,49.00988122679347,27.248408238402387,225.73212187921038,231.50695139110638,221.64475011302238,233.70954193778246,-0.110252745,0.061256525880302365,1.213499455792053,101.8574329996492,13.482412388613584,126.5107640894465,7.675341588092638,0.47110224725424044,130.24777133178748,55.63805571
ESP32_VEH_01,VIT_CAR_001,1.77135E+12,90.99637450657086,65.85831342747403,144.10597847420075,87.54153580970672,2178.8608015321875,92.30761182556942,11.809895965376805,12.618005548135084,94.10669779713939,18.719327281825805,53.11132466026898,29.200786099418966,233.55397190629535,227.4951809061203,225.59797082385884,229.3472075770405,0.22885315809958495,0.2161297035509578,0.6145364849004471,102.65215481084826,14.54777328987199,135.68146466587322,1.7480385138392198,0.6279901527595397,110.39145492554974,38.01189571872183
ESP32_VEH_01,VIT_CAR_001,1.77135E+12,94.32998699024009,74.38513831425966,159.17761657607895,85.20754640324269,6089.596888765478,114.74192756383204,15.67941026431481,12.682179263301068,75.71147231,11.028186308653714,57.956919587607175,31.299846939142466,227.18395960701088,229.9414100920719,233.96074441719156,232.37041176956464,-0.291239412,0.3267491046315451,0.8491840297951573,99.80687534460004,14.854669092520764,421.2838534006804,1.2882472664618363,1.755371656915645,150.4627495564634,54.71960615178867
ESP32_VEH_01,VIT_CAR_001,1.77135E+12,94.12943617234806,76.53773360236335,148.9206050092692,89.70034792819717,2571.637477858885,39.86723085917841,13.76800016299355,12.480558716536772,79.14960972846949,52.45650675844733,63.996805317640366,26.872136949342845,229.74228624888192,230.31004050413762,235.18952016877674,231.85252965744863,-0.369610795,0.2697307547652215,0.7967261679793811,99.5537819,14.63668428039024,159.43821273493802,-0.692997825,0.5183232367976861,131.18010844847637,46.20519738931736
ESP32_VEH_01,VIT_CAR_001,1.77135E+12,125.37393653813373,77.21403591,145.86584029337996,107.28263104656438,2841.501103978643,57.73010812453364,15.287574295860974,13.115554281941924,85.31198514462237,40.35295434,56.01604001192001,28.019562193726546,223.82839954734308,230.1378518963967,231.36767758892532,232.16930391703173,-0.611809941,-0.462816873,1.4438505928863108,101.48574257823171,14.20600355,162.59379226979848,2.3746016714771616,0.6786386680146778,118.97671383948375,68.39557274478305
ESP32_VEH_01,VIT_CAR_001,1.77135E+12,87.38990110507194,73.80601350699739,157.36102828414462,80.23919531616227,2434.991924477153,68.83873592895762,17.933776560293353,12.816759714298833,88.09931558,80.43017318136201,51.19933316951367,30.113249256026208,234.53052602022206,227.41670912941044,229.16615523820613,231.31910460776075,-0.873631317,0.2163504560266272,0.60956126,101.87321230936021,14.269546473916787,133.3472503638851,1.7285390298760948,0.3148400437009436,107.5867427077058,30.038921865631814
ESP32_VEH_01,VIT_CAR_001,1.77135E+12,92.77032690237776,79.63228213034013,159.89995323898466,88.31135275661798,4067.5848740644137,144.47829055385085,15.124707385572034,12.475077972190277,83.08548093,65.14840657639257,57.28169896706845,25.536701261553922,234.4592655211586,231.4188717280357,229.00717141851518,230.35725720483416,0.3341499788320631,0.159480347,0.5868528839251264,102.37220270876401,13.797002953874154,395.1411139504777,2.315270409026687,1.4134789131369971,120.36152445458512,67.27581062
ESP32_VEH_01,VIT_CAR_001,1.77135E+12,88.43054184975045,73.92325419322223,134.85646305472085,77.52737652045901,3687.400617832868,54.75039072,17.49534403685299,12.473892260462167,87.22498775,12.379515468496864,67.37089391469146,28.20578808421613,232.10381105274965,227.73859593257322,233.48998977620718,231.05669283022576,-0.279194108,0.48430029535822616,1.2120798570745526,101.01261632660751,14.952737320756434,148.99532771458902,1.294824654779253,0.6752374223654378,139.6302401042965,38.45177016358478
ESP32_VEH_01,VIT_CAR_001,1.77135E+12,96.31567907,69.81709655,188.71584723975403,83.39976264714666,2446.256729718595,61.23537092861552,16.62588360024588,12.53479476641035,86.26366864249972,89.51333513,50.345195297414286,31.154221765523175,236.4983519797281,182.60823988164114,225.7029259553952,218.67853923195082,0.4079257262089442,-0.425864853,0.9191178706695011,101.07099358930442,14.169270601183795,106.95082688869076,1.3316446671140836,0.7391139490913229,115.83223317708547,61.32763867419094
ESP32_VEH_01,VIT_CAR_001,1.77135E+12,91.21498308,70.03566822,153.3085238371902,87.56643909,1767.393694595446,28.591115460550963,16.747674700027243,12.504261389644682,90.87277660808908,31.383074790824878,47.345516531210194,32.134595371679495,227.20118942358155,227.5350360390485,225.15761453258665,229.18382703266892,0.14110484428664272,-0.533838061,1.2414411694329954,100.02410155265676,13.508346578910766,231.02255336770668,2.3419264125119956,0.8964940022286927,153.43859499429215,71.30368607
ESP32_VEH_01,VIT_CAR_001,1.77135E+12,124.03046285382624,71.74313323,148.06949300761582,107.76474976185386,2287.741681514669,31.868979208920383,17.57272285442899,13.137426328808269,88.00419925285388,65.36897695423772,45.009235810248434,34.47285032564627,233.25754453150893,234.0676558750449,232.34697579056876,240.00549621830453,1.0493269545214239,-0.40426899,1.0849168933328903,102.08612348589511,13.64148715371974,190.46132451724677,1.1533702098037475,0.12496997251108977,98.24924088732169,54.54234726060377
ESP32_VEH_01,VIT_CAR_001,1.77135E+12,98.58158567,72.16631824376923,164.18639975730392,79.01273041775569,2150.430401326633,27.27873039427226,16.29254348000142,12.626246943688527,91.58410559609518,67.57581307247162,48.42973985764651,30.62156242122801,233.4671379435165,239.7626805,229.62469969782984,220.93741379051184,0.5215670083711978,0.098089353,0.8494321459898959,100.89223024750522,14.34189209821129,115.08223324962992,2.530017567072018,0.9092630914908757,122.02481765329838,70.14638061756278
ESP32_VEH_01,VIT_CAR_001,1.77135E+12,93.95439383741622,73.04599681587318,232.15313555240044,86.32565157300964,3438.9226506862524,109.84815378744294,15.894338808409671,12.082671004444578,82.33299291,64.03216825,46.959558056516215,33.592042232695235,233.15480175688398,226.26365717265742,237.19850227284994,230.3467912994169,-0.251057244,0.24167803722272807,1.3801420738072248,102.09777228800291,14.270424094143277,39.79388440027772,11.683950803882466,0.7439650770656971,86.34050983889884,57.448994369607476
ESP32_VEH_01,VIT_CAR_001,1.77135E+12,87.71393493335398,74.80986985002707,155.01100421746762,86.37456324084864,2930.8901067525317,58.70727542,13.800409511509143,12.641891397229221,87.92980050517355,30.10379214582676,47.28603388100825,30.244475065367443,225.02623760975163,235.11817463541706,234.71337503878885,229.2810485,-0.20322621,0.21619827114639073,0.6790922091123075,99.15795139430146,13.787372538611672,167.96991757824284,1.1200401829431657,0.3700016281046574,140.6250633070021,43.97365369337197
ESP32_VEH_01,VIT_CAR_001,1.77135E+12,94.30784808024089,70.36450846655013,302.8221488904202,86.97191438558632,2371.730812733033,80.23443845498508,16.9175534,12.482398040034411,86.14275688458311,92.93955994540742,57.253403634975555,25.705696886809452,224.20511213355303,230.99876750027263,233.9033558741684,238.8167987310548,-0.445323957,-0.205758221,0.9571969977337967,103.45062340022577,14.150820444051874,70.77095095552731,7.256516746408246,0.6494033806643944,111.82691781106038,73.12139720610399
ESP32_VEH_01,VIT_CAR_001,1.77135E+12,96.96347231150571,72.83539278409087,144.2985729961539,85.08683708964753,4315.568648802828,103.35855949417162,15.71357152593581,12.557276860429626,79.74929759843036,38.07937995543132,52.664607792132756,34.91970785318741,227.29437738410252,227.4684079722263,231.44897373725172,231.0407319588287,-0.397353864,0.33082521343160426,1.3619741418103506,102.46966993430577,14.13558658315719,436.3070133509899,1.162475604824019,1.3335135207029136,138.29049437051617,46.595885273906305
ESP32_VEH_01,VIT_CAR_001,1.77135E+12,84.44543072760955,79.95038423817869,164.72496100197503,90.57983207645748,2209.5401881267526,62.748165600091326,13.573908549294277,12.36766473819072,92.58338037905833,26.154137746979735,42.285959592210126,31.310056998212573,225.3288464145092,235.10896555547401,228.49153916362286,231.52134698747088,0.2469011691768766,-0.154271183,1.5868742883198694,101.72903419994665,14.624036536835868,167.8904846258666,2.6215846023555365,0.5531262273993415,123.14864261137754,60.772172845477364
ESP32_VEH_01,VIT_CAR_001,1.77135E+12,93.39447532791712,69.79252806587692,162.57802817763326,87.36338951535578,2495.9956015094162,87.83736217132409,13.317057356960012,10.358437808194113,74.50817054071136,46.84664729861387,61.39346236037353,26.44335209621986,225.82826435388318,230.59247634823052,232.53837498146302,229.3132815408496,0.32737673346390656,0.23492057286782098,0.5087967716601174,100.11767003815926,12.97475498549418,53.918159570247354,3.7117855523203795,0.8436213716775821,98.17435578927397,46.12252113751439
ESP32_VEH_01,VIT_CAR_001,1.77135E+12,115.76207844665691,79.0037993,143.0005345409234,108.0916611059574,3121.921286,69.85934217565189,14.712408313417939,12.227072167512327,85.92101648255745,15.964898624252223,65.04821078,30.858480279328926,229.2039691729822,233.7524824426655,230.24900587404886,230.03076542431813,-0.47951951,-0.168605055,1.2368614258124442,101.49428895474477,14.57737475,216.85228664828605,1.5543390991536343,0.6034724171050073,92.12840827,58.18883500741549
ESP32_VEH_01,VIT_CAR_001,1.77135E+12,91.62600883668732,68.29328338963005,160.42939996126756,90.34177548110117,2405.4895206188717,76.22999944426576,13.762290327158187,12.48844053634374,87.47977657119341,91.98738167468987,55.77946180241865,26.002373597633706,227.46148197090994,226.19247947126908,227.5665389924863,233.86892690545622,-0.654540034,0.7823589585132465,0.702987164,99.66404909643272,14.005806856265473,170.3737340563248,1.2541759238542296,0.4486628532153347,109.8807011999733,77.62349990018271
ESP32_VEH_01,VIT_CAR_001,1.77135E+12,84.09385339589102,65.68000145,123.14371403601389,82.82596552454999,2821.335091214024,77.75150609,17.729372024917808,12.931325477548048,92.14594590346007,92.45592729,50.79905702596121,28.07341377238106,229.18070953929183,238.75495360831655,232.22610706294057,227.9586337675888,0.5769091788904837,-0.450280955,0.9088777871527217,99.79256046616517,15.213200351135278,146.43365266372098,1.2092667288043923,0.7958926128271174,141.12877178339872,52.68378969
ESP32_VEH_01,VIT_CAR_001,1.77135E+12,86.14045823758046,80.35771265430964,163.87784913889885,78.41037138495668,4609.579817576009,136.32608880034948,13.748844343355067,12.461173333027238,97.75663172888555,59.20087032871884,56.014976395338365,34.57658135325381,232.73058923543914,230.45437615095008,227.8696852,233.62546804999616,-0.196824199,0.4178146844518276,0.8926733855484137,100.7424423731423,13.820998145300177,552.5508966719121,3.389431268,1.508619548266949,161.5250919077165,79.28290285263742
ESP32_VEH_01,VIT_CAR_001,1.77135E+12,89.43569584244136,74.03097016714841,131.2659907718319,84.46134510846872,2329.2646823549144,80.20669596695859,13.734542875952322,13.34013957493538,81.68187394105554,33.65427837819526,44.752769424649934,33.36021996,232.21048632504238,222.4620754203267,227.4379821281707,228.5419624568275,-0.175062386,0.12679447144111905,1.0622955698806467,101.35969661785377,14.459474505422412,97.77564793494916,2.7454701747288857,0.6196051937689344,85.61489,57.37697799912371
ESP32_VEH_01,VIT_CAR_001,1.77135E+12,91.04533523119555,73.23966376108419,144.6089572646417,83.73689045459253,3637.013427,57.07481982953565,17.81616821,12.220240797920223,80.30755264705759,73.28299993178628,69.93040393857054,22.431003034658126,229.26793804450705,223.5589126990907,226.5489087033585,231.3952477598869,0.40299306248765926,0.20250852255125978,1.255655256,102.93193130218366,14.113723045717753,138.66157644147927,2.319435343372364,0.38522763473883737,106.65552777119838,59.436385329413966
ESP32_VEH_01,VIT_CAR_001,1.77135E+12,91.21547992913203,87.29072513183638,113.71416183316707,81.90387881285018,2064.437973256101,44.105525517140855,14.941987899331497,13.320577419899498,94.52525621776142,34.07494338521825,45.71136305165761,31.498577686380376,231.94919752223376,227.05910695389844,227.57515524175273,230.3616181,-0.074673216,-0.368779824,1.037524426272129,101.25152409573299,13.51047780487832,103.79690142725669,2.1218364541688497,0.7288579691920952,138.34066184971297,32.04332927135965
ESP32_VEH_01,VIT_CAR_001,1.77135E+12,96.9888788,73.68258297,156.48760457869145,79.96128010271376,2442.358331392989,66.52875932168241,13.398285835679284,12.60270271365059,79.09980673000474,54.093262538908945,50.324553099226534,23.146313477469363,229.67678336684475,231.48231001452118,229.42089449451086,235.10521034079386,0.068653843,-0.200573259,1.0913365729438518,102.58493746800728,13.790310416809039,210.0244793431405,1.5153621833188808,0.5691851924693274,118.0615493866353,68.87966682902953
ESP32_VEH_01,VIT_CAR_001,1.77135E+12,93.77214359,72.98619382369954,187.9460228437547,83.42271784406499,2993.486931684649,62.45799937321832,15.010543607696007,12.478124839410345,93.31326686254178,62.47561235577011,54.44071190149323,32.629975010373514,229.87754686721917,224.46412319225269,230.26534250192148,237.21006045698817,0.6479670842923702,-0.725718259,0.5322104018696672,101.8117740418911,14.207601876309193,131.51465015738006,3.041335876080697,0.9163198520679285,139.98619055183005,76.53348281630191
ESP32_VEH_01,VIT_CAR_001,1.77135E+12,82.56093223366001,77.12369820762402,141.2252338609826,83.57013057293486,2052.2964157096976,78.57358288028956,16.067066109645772,12.65656369004309,71.81142948513076,78.76540195865233,69.16420536546487,30.566450971387802,228.81554451541115,230.9069187174283,231.1867467903302,222.68973114996322,0.1935313403091649,0.7017658973890019,0.9288615601730272,101.36269598413152,13.842480276762625,86.15716184309787,-0.958542893,0.533372655,111.8217601000986,31.292603994709303
ESP32_VEH_01,VIT_CAR_001,1.77135E+12,79.40921180941666,69.55244032850757,143.4318196797151,79.87788149078312,2785.7891776875827,42.436856991101926,12.331252941325749,12.831050344295422,86.14865986201865,84.57360697425688,64.72964142647628,29.009805433342823,232.2712355668548,232.17068660625142,230.2994582829632,236.32367565647448,0.5624101904319122,0.3294899850010066,1.1677671610709728,101.40802991711614,14.223561301004171,137.36045290577871,2.112288313164546,0.8980230784582937,134.18273169963516,32.04981897327303
ESP32_VEH_01,VIT_CAR_001,1.77135E+12,90.72050582802164,65.71296630902808,150.29027947818489,85.30971950412109,2821.0539434999314,54.33045137943059,11.232609134507022,12.61674012989504,92.80442025678038,42.67230003267288,52.85795704048508,38.588855361063366,224.50521149486886,232.5596017416534,227.05810631704884,234.93503927106315,4.253415586,-6.936592781,2.485709592881403,105.84763264694915,17.26848885536603,132.22910055739248,0.5873532493843361,-2.469283076,120.67332319567099,26.879332801592703
ESP32_VEH_01,VIT_CAR_001,1.77135E+12,89.55751552,79.46189208318145,161.6800826133852,85.06428486396541,3888.952768691862,47.89961558121803,14.234402529064898,12.334417876531813,87.34533250502223,75.34969804494801,66.26449341133738,25.346363402019673,231.40406018576158,230.18352905532947,232.3055162080902,225.61591251241046,0.16365768723423893,-0.56242053,1.0762685558187808,101.38754049249175,13.39822378484125,108.21222377300316,2.376817990894117,0.5277656908264245,109.09138726396021,70.42507862996902
ESP32_VEH_01,VIT_CAR_001,1.77135E+12,88.18582109723773,82.36734395224848,143.1189805019333,89.19002476952076,2847.4777965336534,57.57578455397703,13.760068446536556,12.78474984923583,83.21376427840399,49.312404237984495,45.769486426743214,32.800533467563255,232.96583505101646,229.82654474536434,226.53322486334324,229.12050985627434,-0.09056237,-0.09713244,1.1384933225827907,100.53983050612577,13.48774845533814,220.2211249339506,4.069715997854371,0.4752732213333801,139.3549625185416,43.55673252137127
ESP32_VEH_01,VIT_CAR_001,1.77135E+12,93.23979427027069,73.43542349194956,123.99116195110861,79.04821802810486,1456.710443100394,67.51186739004581,14.24764620891597,12.44206043314782,87.94475972376806,40.95693546264488,59.41651465609322,29.985927044681354,232.3194862001381,232.16430806432223,171.46796361627946,232.06104185312054,0.086566596,0.20784954542750073,1.2386506859261073,100.01885789132399,13.57150711333151,190.3893217515025,2.847039281,0.6894851409001347,128.56979527435416,73.85221185823382
ESP32_VEH_01,VIT_CAR_001,1.77135E+12,96.15069634806382,79.71379984535419,160.38431477840268,79.47417224084938,1807.2731284649221,83.27632366937686,15.576250941079005,12.90213527778882,90.49942225533736,84.05593658,69.00939248163493,29.113277787806908,234.49705331325393,231.27611995052936,226.56852373733875,227.6378159831335,-0.307868103,0.5009175191341134,1.0781859314842672,99.84504975454016,14.364602326230965,145.85352824557333,1.2166023155180417,0.7343403621726509,91.29655551168906,30.561870330838083
ESP32_VEH_01,VIT_CAR_001,1.77135E+12,89.26192069760863,71.16401265,113.85897831875744,85.74634296775238,3154.471731406542,48.53989193879589,13.883177070292376,12.788902904573433,93.37956115016263,49.433495540352624,54.18597369316314,29.160578867532976,229.25016974538295,229.35523863153267,226.1826686973985,234.5145832331229,0.18712090483757204,-0.759343232,0.371016609,100.2185683807987,14.445341508310504,46.65539138551233,3.4683086561788987,0.7851131795833655,121.87947626953937,41.075068089590104
ESP32_VEH_01,VIT_CAR_001,1.77135E+12,90.95828496846121,77.54684260353046,319.80102490296804,78.30783272035126,1500.458369125952,92.48668824494493,12.71746339880823,13.130257831174388,81.24384861,17.729172492712937,65.82967854130253,32.79564356511858,228.52576930654536,220.29297835220837,234.91995949969547,235.33679309056532,0.13711665409020254,0.006242276,0.822713424,101.23470592074166,13.703083090418302,154.36962138922652,9.706963552138559,0.48380112749867077,141.739122,41.259811792805564
ESP32_VEH_01,VIT_CAR_001,1.77135E+12,85.04653246417563,71.81175423554272,197.93151797796872,83.62088060053618,2831.258489270102,60.95691406767181,12.225261783518583,12.095206183212571,93.56472215774045,14.877698752476196,42.963949541677486,20.891309893688423,231.96492039355545,228.84764085170568,235.8650581287076,229.61803663766153,-0.313750184,0.070953469,0.8284404109497167,100.68361597254452,13.610797257678131,53.38095391041021,0.9183071009693309,0.7251097709467884,125.71013348325863,62.26160876398809
ESP32_VEH_01,VIT_CAR_001,1.77135E+12,82.52732419691623,74.75231377677555,136.48236087905292,84.34346046536412,1566.4543379560873,47.51490274805919,12.73801559636766,12.555236312614273,78.78185614300257,84.49629539836103,43.351039409704626,28.383332108718115,238.82994675502755,235.85234308807372,227.21129616633607,228.19934107582668,0.097965751,-0.532679973,1.2043431973556684,99.88946202704804,13.020676061463064,121.47155369044198,0.041044065,1.0136943517354877,124.37725882462314,78.52696050752536
ESP32_VEH_01,VIT_CAR_001,1.77135E+12,90.69010509644782,73.41355891304576,131.6013333,84.93144246358796,2860.2729629491387,55.36446444955941,17.100606552969353,12.994083101532565,89.88302353284517,57.36544513798423,44.87334173466994,26.26419834475599,221.66775649620485,227.70352994025473,237.3705846164314,233.83099270535888,-0.298499317,-0.36813253,0.45431786584265443,100.72917710723944,14.435406693657281,190.57074059227625,0.12814089465474798,0.8580280792175682,60.85186083420928,70.32983962841377
ESP32_VEH_01,VIT_CAR_001,1.77135E+12,91.21547434824089,71.02716770969046,126.89973592815794,83.37766578122924,3563.5567338259307,72.70455202836374,16.483108724164936,13.209689598553146,77.28381058349827,69.69939774,60.177810696366436,25.138966471550944,226.15265259859555,233.93876007178153,228.9203233042603,231.7291222184353,0.552546043,-0.9431388,0.903892451,99.56329447459778,13.843429382723565,134.12211956841406,1.4625963705883147,0.43178742013871835,118.6470709510324,57.02347716048058
ESP32_VEH_01,VIT_CAR_001,1.77135E+12,128.71778508544404,78.21126174477051,131.1413375094091,112.40239820774607,1934.4047911960688,57.788584891123676,15.835347273078291,12.618268554576291,87.26996505606907,80.17414603630077,56.79688927836024,24.902266481291125,227.49572192629455,227.0071677608345,224.21869672226225,229.91235697856473,0.2842192239336993,0.19674524116756073,0.4146880704737981,100.86934417561868,14.003896926563737,167.9741562601245,1.3832893098549035,0.6813879147885518,145.1820502,83.65776114628318
ESP32_VEH_01,VIT_CAR_001,1.77135E+12,93.76582420647465,72.56427646664405,135.89316217538934,90.32672826339186,3059.9169298865163,81.46180043178126,17.245602669607106,12.75921147260876,84.44411805902413,86.27974793414569,64.41426672096364,31.74748138135401,231.19064379614335,231.8689357122213,227.64723770802172,222.09176638964752,0.13012176141549014,0.023752262425344072,1.0418525044650093,100.3087032597861,14.02618098183014,226.1737761752463,1.2271845533609669,0.6386036919429352,92.95627079437394,78.08195937879668
ESP32_VEH_01,VIT_CAR_001,1.77135E+12,92.99493434627418,66.89760878126637,91.43260932,82.10623512,3715.442029919089,40.79789374611292,16.211090778814224,12.515482315737952,85.70912828801048,15.747649137856019,63.67668805121869,32.36499371600371,224.9650260138271,233.39093811394432,226.1849947,222.26404188438758,0.2265219248930447,-0.953865529,0.6943744163874292,103.00544512405237,14.43107872,187.75704069262085,1.3116705453033841,0.7824198780613505,167.3367279432175,63.520940917911574
ESP32_VEH_01,VIT_CAR_001,1.77135E+12,92.31606535330158,80.36163107651139,143.13682114799857,84.85580991442897,2263.7388949689694,58.00380118984127,11.305927154954556,12.615831198156275,88.44953432358588,62.22611799892847,45.8361645,27.211219180942685,236.0914800117072,160.66172371958535,243.07122130182265,229.93651713064972,0.40859305351762093,-0.819540483,0.6401546829550561,101.41585897566272,14.556307505140943,236.27411483570114,1.5902204840240652,0.6351773989334307,132.26803042139358,43.63208510616124
ESP32_VEH_01,VIT_CAR_001,1.77135E+12,93.57014299777504,79.17030394083227,147.40018418769566,79.15518364723111,1636.3827819335975,51.86946877155949,13.64153279137923,12.42893396,88.40849979,84.46928817,53.50985754795838,31.48211268,236.35724702446453,228.98744744454063,233.16333585553141,230.60449394583478,-0.711427889,-0.103942268,0.9999965521401819,100.81449777356121,14.479350135872593,74.57620811140619,0.5355058964719437,0.7520839198686209,148.63522018139827,71.06476270843838
ESP32_VEH_01,VIT_CAR_001,1.77135E+12,85.47669681461588,77.20339682516065,136.87060384580786,90.27441013559584,3000.004472,77.45333449041398,13.706235899749997,12.296107404443992,82.22228400958771,44.53099447812343,58.26958712811192,22.935722952396066,231.6623586171394,229.37954655967465,235.91388991457924,225.1628823,-0.261680726,-0.522795349,1.0465833138750127,101.34903780412118,14.630798855846171,176.76586574291747,0.06364422,0.6888726436769672,93.26433671522145,72.68515742606259
ESP32_VEH_01,VIT_CAR_001,1.77135E+12,88.21129727049374,79.62632481,160.7490851545677,81.05998591670902,2083.164463777214,41.292136328722265,13.31606228895496,12.478304711475097,91.64203182,65.32362671149158,69.38588408126539,31.177091192089144,225.90674436630803,230.37263934516474,236.4024607767868,236.18243496947989,0.5728318386881943,0.19572926858289785,0.8330067369191403,102.20286352349876,14.016410945846786,96.90936256286027,1.9796604982616965,0.9748240515762704,155.28910709785714,30.61173109
ESP32_VEH_01,VIT_CAR_001,1.77135E+12,84.96858271648249,75.68368801726179,147.95975950658107,85.67071685256788,2866.4756049043567,42.737496419216825,17.892233974725226,12.75305361,92.37708021417058,76.92508793647686,41.79546091463373,34.253329459402764,231.04128142382265,231.50872387996543,228.11540441543735,237.1703885414626,-0.144497791,0.332553185,0.6752065656454322,100.61596685549166,13.090156173576862,197.0877026174244,0.37401270239318296,0.8634015069404991,94.32663967558395,60.469022419778696
ESP32_VEH_01,VIT_CAR_001,1.77135E+12,88.41589483967407,71.58118899,134.29667709167146,82.03816354087303,3043.472326332603,36.38483680274859,19.08673558415672,12.62910647,84.03848004929377,78.70787137197208,54.62607119262575,30.923509934013765,228.18202710472337,236.76035788107473,227.03164347429777,226.04301399350138,-0.34638839,-0.094872558,0.8831631941441508,101.98770513218905,13.709012551283358,195.81075260539683,3.375170143235251,0.9176047823283676,112.82266548412515,73.82608292073584
ESP32_VEH_01,VIT_CAR_001,1.77135E+12,88.61094355,82.46786220121184,143.44317701817187,82.69985486511631,2762.666375863538,41.211712648865756,13.694309809714532,12.64545937130355,82.78015918116661,58.754823079452194,52.52604638889675,32.760436110017885,231.19013600311592,234.71706290884947,227.5465266458299,236.47232,0.4951499523399831,-0.606487213,1.0823188484969781,99.62389465446762,14.00975794047368,70.48219425940644,2.207317391272804,0.6964783427723611,108.09527024732266,64.01276519704561
ESP32_VEH_01,VIT_CAR_001,1.77135E+12,88.31304783524347,80.37384914365205,128.87891140054194,85.79874381698663,2887.736090731495,57.530668986676574,11.647038518246182,10.245034456361719,67.74987555159859,54.03886379803357,66.30925169,28.532872940407575,235.90754588890627,231.53855897487878,225.34601477308422,224.6520211848348,0.2165377026653762,0.5905049606180545,0.7077977850757754,101.63552510172893,12.637101014775023,219.39852783876933,2.8563230156708053,0.9749215962687621,131.85956487663884,32.391522248322346
ESP32_VEH_01,VIT_CAR_001,1.77135E+12,91.06156142180518,81.44068957360857,155.01295410198327,89.67050996,2426.0336043110274,63.214319945919726,13.119492032917528,11.957673395144923,85.48871822064008,56.66285749445524,69.30072440235905,28.92592178960999,225.77213728284664,227.23789722625054,233.9356465225002,225.63335232403992,-0.459146824,-0.136737727,0.378893648,102.06417151715455,14.618378865307228,101.76661221185385,3.3961800234372435,1.002258632707727,96.59120429,54.69204601377676
ESP32_VEH_01,VIT_CAR_001,1.77135E+12,95.19572690404412,64.89638067818498,247.8695369588824,84.35547226,2897.4314739517968,115.95210025978827,12.628445449203099,12.866074832741374,89.66090361,59.207357950618146,40.281085044849135,23.38245507550486,235.91764707716777,231.84735116625816,228.408381,225.6720323685076,-0.241861568,-0.482824429,1.5465117939899005,101.0548226242771,13.874993789666803,109.21360444428565,9.944212468585702,0.8530618611855995,134.8279639248973,53.62454881815118
ESP32_VEH_01,VIT_CAR_001,1.77135E+12,82.50843059042283,75.88943516547839,135.09500857224424,82.01568731175591,3277.9225952157203,50.74683988397833,15.476749490055393,12.676669613177069,83.46627940410806,83.64347660957495,60.39226827819938,29.66052397552758,225.5917683517627,242.34744713252303,233.0400248888617,236.92170386638318,-0.263059093,1.0356027950137465,0.9587116754172078,101.64356717606871,14.041289849860842,197.2523837499151,-0.663872941,0.5946915147929608,95.96368728083196,67.77741485534828
ESP32_VEH_01,VIT_CAR_001,1.77135E+12,86.97381666765727,79.37795826,125.6770628174029,81.24405536680504,2698.107766640066,62.27074530685162,12.915879143801511,13.366385646510832,79.77296579774439,55.429443772369616,57.37024415782813,21.768873247558556,220.22328032879543,221.75873636430376,235.88355109331937,227.76525763713641,0.21725766662553653,0.26885392029316413,0.8894125914028652,102.68463411293922,14.256055283949857,161.4673950436693,2.8564622577942087,0.9890358343307135,111.88431885399704,52.26995868272742
